#pragma once
#include <Arduino.h>

#define IMAGE_WIDTH 320
#define IMAGE_HEIGHT 180

const uint16_t imageData[IMAGE_WIDTH * IMAGE_HEIGHT] PROGMEM = {
  0xF7DF, 0xF7DF, 0xF7DF, 0xF7DF, 0xF7DF, 0xF7DF, 0xF7DF, 0xF7DF, 0xF7BE, 0xF7BE, 0xF7BE, 0xEF7E, 0xDF3D, 0xCEDC, 0xBE7B, 0xAE19,
  0x9DB8, 0x9DB9, 0x9DB9, 0xAE5C, 0xBEFE, 0xBEDD, 0xB67B, 0x9D97, 0xBE7A, 0xEFDF, 0xF7BE, 0xF7BD, 0xF7BE, 0xF7DE, 0xF7DF, 0xEFDF,
  0xF7DF, 0xF7DF, 0xF7DF, 0xF7DF, 0xF7BF, 0xF7BF, 0xF7BF, 0xF7BF, 0xF7DF, 0xF7DF, 0xF7DF, 0xF7DF, 0xF7DF, 0xF7DF, 0xF7DF, 0xF7DF,
  0xF7DF, 0xF7DE, 0xF7DE, 0xF7DE, 0xEFBE, 0xCEFC, 0xC69B, 0x9D98, 0x9578, 0xA5FA, 0x8D37, 0x9557, 0xD71D, 0xF7DF, 0xF7DE, 0xF7DF,
  0xF7DF, 0xF7DF, 0xF7DF, 0xF7DF, 0xF7BE, 0xF7BE, 0xF7BE, 0xF7BE, 0xF7DF, 0xE75E, 0xC69A, 0xB639, 0xA5D8, 0x84F5, 0x7CD5, 0x7CB5,
  0x8D36, 0x8D16, 0x7C94, 0x7474, 0x6C32, 0xA597, 0xC6BB, 0xADD7, 0xBE59, 0xC6BA, 0xCEDB, 0xD6FB, 0xDF1C, 0xD6DB, 0xC699, 0xD71B,
  0xCEDA, 0xC699, 0xD6FB, 0xDF1C, 0xCE99, 0xA595, 0xA595, 0xB637, 0xCE79, 0x9D33, 0x9D33, 0xA554, 0x94F3, 0xB5D6, 0xCE78, 0xAD54,
  0x9CF2, 0x8C91, 0x9CF2, 0x94D1, 0x94B1, 0x9D12, 0x842F, 0x844F, 0x7C2E, 0x6B8C, 0x7C0E, 0x844E, 0x844E, 0x842E, 0x842D, 0x842D,
  0x840D, 0x7C0D, 0x7C0D, 0x7BEC, 0x73AB, 0x7BCB, 0x7BCC, 0x73AB, 0x73AB, 0x73AB, 0x738A, 0x738A, 0x738A, 0x736A, 0x6B6A, 0x6B6A,
  0x6B4A, 0x6B49, 0x6B49, 0x6B29, 0x6B29, 0x6B29, 0x6B29, 0x6309, 0x6308, 0x6308, 0x6308, 0x62E8, 0x62E8, 0x62E8, 0x62E8, 0x62E7,
  0x62C7, 0x62C7, 0x62C7, 0x5AC7, 0x5AA7, 0x5AA7, 0x5AA6, 0x5A86, 0x5A87, 0x5A87, 0x5A87, 0x5A86, 0x5266, 0x5266, 0x5266, 0x5266,
  0x5266, 0x5266, 0x5245, 0x5245, 0x5245, 0x4A45, 0x4A25, 0x4A25, 0x4A25, 0x4A05, 0x4A05, 0x4204, 0x4204, 0x41E4, 0x41E4, 0x41E4,
  0x41C4, 0x41C4, 0x41C4, 0x5245, 0x5266, 0x5245, 0x5245, 0x5245, 0x5245, 0x5245, 0x5245, 0x5245, 0x5245, 0x5245, 0x5245, 0x5245,
  0x5246, 0x4A25, 0x4A25, 0x5245, 0x5245, 0x5245, 0x4A45, 0x4A45, 0x4A25, 0x4A25, 0x4A25, 0x4A25, 0x4A25, 0x4A05, 0x4A05, 0x4A05,
  0x4A05, 0x4A04, 0x4204, 0x41E4, 0x41E4, 0x41E4, 0x41E4, 0x41C3, 0x41C3, 0x5245, 0x5266, 0x5266, 0x5266, 0x5266, 0x5A66, 0x5A66,
  0x5A86, 0x5A86, 0x5A86, 0x5A86, 0x5AA6, 0x5AA6, 0x5AA6, 0x62A7, 0x62A7, 0x62A7, 0x62C7, 0x62E7, 0x6AE7, 0x6AE7, 0x6AE8, 0x6AE8,
  0x6B08, 0x6B08, 0x6B08, 0x7328, 0x7328, 0x7328, 0x7348, 0x7348, 0x7B49, 0x7B69, 0x7B69, 0x7B69, 0x7B89, 0x8389, 0x83A9, 0x83A9,
  0x83A9, 0x83C9, 0x83C9, 0x83C9, 0x83E9, 0x83E9, 0x83EA, 0x8C0A, 0x8BEB, 0x8C0B, 0x8C0B, 0x940B, 0x940C, 0x942C, 0x942C, 0x942C,
  0x944B, 0x9C4B, 0x9C6B, 0x9C6C, 0x9C6C, 0x9C6C, 0x9C6C, 0x9C6C, 0x9C6C, 0x9C8C, 0xA48C, 0xA48C, 0xA48C, 0xA48C, 0xA4AD, 0xA4AD,
  0xA4AD, 0xA4AD, 0xA4AD, 0xA4CD, 0xA4CD, 0xA4CD, 0xA4CD, 0xACCD, 0xACCD, 0xACCD, 0xACCD, 0xACED, 0xACED, 0xACEE, 0xACEE, 0xACEE,
  0xF7DF, 0xF7DF, 0xF7DF, 0xF7DF, 0xF7DF, 0xF7DF, 0xF7DF, 0xF7DF, 0xF7BE, 0xF7DF, 0xF7DF, 0xF7DF, 0xEFDF, 0xE79F, 0xDF5E, 0xCEDC,
  0xBE7B, 0xA5F9, 0x9DB9, 0x9599, 0x9DB9, 0xA61A, 0xAE1A, 0x9D98, 0xBE7B, 0xEFDF, 0xF7DF, 0xF7BE, 0xF7DE, 0xF7DE, 0xF7DF, 0xF7DF,
  0xF7DF, 0xF7DF, 0xF7DF, 0xF7DF, 0xF7BF, 0xF7BF, 0xF7BF, 0xF7BF, 0xF7DF, 0xF7DF, 0xF7DF, 0xF7DF, 0xF7DF, 0xF7DF, 0xF7DF, 0xF7DF,
  0xF7DF, 0xF7DE, 0xF7DE, 0xF7DE, 0xEFBE, 0xCEFC, 0xC69B, 0x9D98, 0x9578, 0xA5FA, 0x8D57, 0x9557, 0xD71C, 0xF7DF, 0xF7DE, 0xF7DF,
  0xF7DF, 0xF7DF, 0xF7DF, 0xF7DF, 0xF7BE, 0xF7BE, 0xF7BE, 0xF7BE, 0xF7DF, 0xE75E, 0xC69B, 0xB639, 0xA5D8, 0x84F6, 0x7CD5, 0x7CB5,
  0x8D36, 0x8D36, 0x7C94, 0x7C94, 0x7432, 0x9D97, 0xC6BB, 0xADF8, 0xBE59, 0xC6BA, 0xCEDB, 0xD6FB, 0xDF1C, 0xD6FB, 0xC699, 0xD71B,
  0xCEDA, 0xC699, 0xD6FB, 0xDF3C, 0xCE9A, 0xAD95, 0xA595, 0xB637, 0xCE79, 0xA534, 0x9D33, 0xA554, 0x94F3, 0xB5D6, 0xCE78, 0xAD74,
  0x9D12, 0x8CB1, 0x94F2, 0x94D1, 0x94B1, 0xA532, 0x842F, 0x844F, 0x844F, 0x6BAC, 0x7C0E, 0x846F, 0x844E, 0x844E, 0x842D, 0x842D,
  0x842D, 0x840D, 0x7C0D, 0x7BEC, 0x7BCC, 0x7BCB, 0x7BCC, 0x7BCB, 0x73AB, 0x73AB, 0x73AB, 0x738A, 0x738A, 0x738A, 0x736A, 0x6B6A,
  0x736A, 0x6B4A, 0x6B49, 0x6B49, 0x6B29, 0x6B29, 0x6B29, 0x6B29, 0x6B08, 0x6308, 0x6308, 0x6308, 0x62E8, 0x62E8, 0x62E8, 0x62E8,
  0x62C7, 0x62C7, 0x62C7, 0x62C7, 0x5AA7, 0x5AA7, 0x5AA7, 0x5AA7, 0x5AA7, 0x5AA7, 0x5A87, 0x5A87, 0x5286, 0x5266, 0x5266, 0x5266,
  0x5266, 0x5266, 0x5245, 0x5245, 0x5245, 0x5245, 0x4A25, 0x4A25, 0x4A25, 0x4A25, 0x4A05, 0x4A05, 0x4204, 0x41E4, 0x41E4, 0x41E4,
  0x41C4, 0x41C4, 0x41C4, 0x5245, 0x5266, 0x5245, 0x5245, 0x5245, 0x5245, 0x5245, 0x5245, 0x5245, 0x5245, 0x5245, 0x5245, 0x5245,
  0x5246, 0x5245, 0x4A45, 0x5246, 0x5246, 0x5245, 0x5246, 0x5245, 0x4A45, 0x4A45, 0x4A25, 0x4A25, 0x4A25, 0x4A25, 0x4A25, 0x4A25,
  0x4A05, 0x4A05, 0x4A04, 0x4204, 0x41E4, 0x41E4, 0x41E4, 0x41C4, 0x41C3, 0x5245, 0x5266, 0x5266, 0x5266, 0x5266, 0x5A66, 0x5A86,
  0x5A86, 0x5A86, 0x5AA6, 0x5AA6, 0x5AA6, 0x5AA6, 0x62A7, 0x62C7, 0x62C7, 0x62C7, 0x62E7, 0x62C7, 0x62E7, 0x6AE7, 0x6AE8, 0x6B08,
  0x6B08, 0x6B08, 0x7328, 0x7328, 0x7328, 0x7348, 0x7348, 0x7B49, 0x7B69, 0x7B69, 0x7B89, 0x7B89, 0x8389, 0x8389, 0x83A9, 0x83A9,
  0x83CA, 0x83CA, 0x83CA, 0x83CA, 0x8BEA, 0x8BEA, 0x8C0A, 0x8C0B, 0x8C0B, 0x8C0B, 0x940B, 0x942B, 0x942B, 0x942C, 0x944C, 0x944C,
  0x9C4C, 0x9C6C, 0x9C6C, 0x9C6C, 0x9C6C, 0x9C8C, 0x9C8D, 0x9C8D, 0xA48D, 0xA48D, 0xA48D, 0xA48D, 0xA48D, 0xA4AD, 0xA4AD, 0xA4AD,
  0xA4CD, 0xA4CD, 0xA4CD, 0xACCD, 0xACCD, 0xACCD, 0xACED, 0xACED, 0xACED, 0xACED, 0xACEE, 0xACEE, 0xACEE, 0xACEE, 0xAD0E, 0xACEE,
  0xF7DF, 0xF7DF, 0xF7DF, 0xF7DF, 0xF7DF, 0xF7DF, 0xF7DF, 0xF7DF, 0xF7BE, 0xEF5D, 0xEF7D, 0xE75D, 0xE75D, 0xE77D, 0xEFBF, 0xEF9E,
  0xDF5E, 0xCEFD, 0xBE9B, 0xA5FA, 0x9DB8, 0x9598, 0x9578, 0x8D57, 0xAE1A, 0xDF9F, 0xEFDF, 0xF7DF, 0xF7BF, 0xF7BF, 0xF7DF, 0xF7DF,
  0xF7BE, 0xF7DF, 0xF7DF, 0xF7BF, 0xF7BF, 0xF7BF, 0xF7BF, 0xF7DF, 0xF7DF, 0xF7DF, 0xF7DF, 0xF7DF, 0xF7DF, 0xF7DF, 0xF7DF, 0xF7DF,
  0xF7DF, 0xF7DE, 0xF7DE, 0xF7DE, 0xEFBE, 0xD6FC, 0xC6BB, 0xA5B8, 0x9577, 0xA5FA, 0x8D57, 0x9556, 0xD71C, 0xF7DF, 0xF7BE, 0xF7DF,
  0xF7DF, 0xF7DF, 0xF7DF, 0xF7DF, 0xF7BE, 0xF7BE, 0xF7BE, 0xF7BF, 0xF7DF, 0xE77E, 0xC69B, 0xBE5A, 0xA5B8, 0x84D5, 0x7494, 0x7474,
  0x8CF5, 0x84F5, 0x7473, 0x7453, 0x6C12, 0x9D97, 0xC6BB, 0xB5F8, 0xBE79, 0xC6BA, 0xCEDB, 0xD6FB, 0xDF1C, 0xD6FB, 0xC699, 0xD71B,
  0xCEFB, 0xC699, 0xD6FB, 0xDF3C, 0xCEBA, 0xADB6, 0xA595, 0xB637, 0xCE99, 0xA554, 0x9D34, 0xA575, 0x9513, 0xB5B6, 0xCE99, 0xAD94,
  0x9D33, 0x94D2, 0x94D2, 0x94F2, 0x8CB1, 0xA533, 0x844F, 0x844F, 0x846F, 0x6BAC, 0x7C2E, 0x8C6F, 0x8C6E, 0x844E, 0x844E, 0x844D,
  0x842D, 0x840D, 0x840D, 0x840D, 0x7BEC, 0x7BCC, 0x7BCC, 0x7BCC, 0x7BCB, 0x7BAB, 0x73AB, 0x73AB, 0x738A, 0x738A, 0x738A, 0x736A,
  0x736A, 0x736A, 0x6B4A, 0x6B49, 0x6B49, 0x6B29, 0x6B29, 0x6B29, 0x6B29, 0x6B28, 0x6B08, 0x6308, 0x6308, 0x6308, 0x62E8, 0x62E8,
  0x62E8, 0x62E8, 0x62C7, 0x62C7, 0x5AA7, 0x5AC7, 0x5AA7, 0x5AA7, 0x5AA7, 0x5AA7, 0x5AA7, 0x5A87, 0x5A86, 0x5A87, 0x5A86, 0x5A86,
  0x5266, 0x5266, 0x5266, 0x5266, 0x5245, 0x5245, 0x5245, 0x4A45, 0x4A25, 0x4A25, 0x4A25, 0x4A05, 0x4A05, 0x4204, 0x41E4, 0x4204,
  0x41E4, 0x41C4, 0x41C4, 0x4A45, 0x5266, 0x5266, 0x5266, 0x5266, 0x5266, 0x5266, 0x5266, 0x5266, 0x5266, 0x5266, 0x5266, 0x5266,
  0x5266, 0x5266, 0x5246, 0x5246, 0x5246, 0x5266, 0x5246, 0x5246, 0x5246, 0x5245, 0x4A45, 0x4A45, 0x4A25, 0x4A25, 0x4A25, 0x4A25,
  0x4A25, 0x4A05, 0x4A05, 0x4A04, 0x4204, 0x41E4, 0x41E4, 0x41E4, 0x41C3, 0x5225, 0x5A66, 0x5266, 0x5A66, 0x5A66, 0x5A86, 0x5A86,
  0x5A86, 0x5A86, 0x5AA6, 0x5AA6, 0x5AA6, 0x62A7, 0x62C7, 0x62C7, 0x62C7, 0x6AE7, 0x6AE7, 0x62C7, 0x62E7, 0x6AE7, 0x6B08, 0x6B08,
  0x7308, 0x7328, 0x7328, 0x7348, 0x7348, 0x7B48, 0x7B69, 0x7B69, 0x7B89, 0x7B89, 0x8389, 0x83A9, 0x83AA, 0x83AA, 0x83CA, 0x83CA,
  0x8BCA, 0x8BCA, 0x8BEA, 0x8BEB, 0x8BEB, 0x8BEB, 0x8C0B, 0x940B, 0x940B, 0x942B, 0x942B, 0x942B, 0x942B, 0x944B, 0x9C4C, 0x9C6C,
  0x9C6C, 0x9C6C, 0x9C6C, 0x9C8C, 0x9C8C, 0xA48C, 0xA4AD, 0xA48D, 0xA4AD, 0xA4AD, 0xA48D, 0xA4AD, 0xA4AD, 0xA4AD, 0xACCD, 0xACCD,
  0xACCD, 0xA4CD, 0xACCD, 0xACEE, 0xACEE, 0xACEE, 0xACEE, 0xACEE, 0xACEE, 0xACEE, 0xACEE, 0xACEE, 0xACEE, 0xAD0E, 0xB50E, 0xB50E,
  0xF7DF, 0xF7DF, 0xF7DF, 0xF7DF, 0xF7DF, 0xF7DF, 0xF7DF, 0xF7DF, 0xF7BE, 0xE73C, 0xF7BE, 0xF7BE, 0xF7BE, 0xF7BE, 0xE73C, 0xF79E,
  0xF7FF, 0xE79E, 0xD71D, 0xCEFD, 0xBE7B, 0x9DB8, 0x9578, 0x9DB9, 0x8D37, 0xAE1A, 0xCEDD, 0xE79F, 0xF7DF, 0xF7BF, 0xF7BF, 0xFFDF,
  0xF7BE, 0xF79E, 0xF7BE, 0xFFDF, 0xF7BE, 0xF7DF, 0xF7BE, 0xEF9E, 0xF7BE, 0xF7DF, 0xF7DF, 0xF7BE, 0xF7BE, 0xF7DF, 0xEFBE, 0xF7BE,
  0xF7DF, 0xF7DE, 0xF7DE, 0xF7DE, 0xEFBE, 0xD6FC, 0xC69B, 0x9D77, 0x9557, 0xA5FA, 0x8D57, 0x9536, 0xD6FC, 0xF7DE, 0xF7DE, 0xF7DF,
  0xF7BE, 0xF7BE, 0xF7DF, 0xEFBE, 0xEFBE, 0xF7DF, 0xEFBE, 0xEFBE, 0xF7DF, 0xE77D, 0xCE9B, 0xBE5A, 0x9D97, 0x9D98, 0x7CB4, 0x7494,
  0xA5D8, 0x9DB8, 0x8D16, 0x8D36, 0x7453, 0x9536, 0xCEDB, 0xB618, 0xBE59, 0xC69A, 0xCEDB, 0xD6FB, 0xDF1C, 0xD6FB, 0xC699, 0xD6FB,
  0xCEDA, 0xC699, 0xD6FB, 0xDF1C, 0xCEBA, 0xADB6, 0xAD96, 0xBE17, 0xCE79, 0xA554, 0x9D13, 0xA554, 0x9513, 0xADB5, 0xCE78, 0xAD94,
  0x9D13, 0x94D2, 0x94D1, 0x94F2, 0x8C90, 0xA532, 0x844F, 0x844F, 0x846F, 0x6BAC, 0x7C2E, 0x8C6F, 0x8C6F, 0x8C6E, 0x844E, 0x844E,
  0x842D, 0x842D, 0x842D, 0x840C, 0x840C, 0x7BEC, 0x7BEC, 0x7BCB, 0x7BCB, 0x7BCB, 0x7BAB, 0x73AA, 0x73AA, 0x738A, 0x738A, 0x738A,
  0x736A, 0x736A, 0x7369, 0x6B49, 0x6B49, 0x6B49, 0x6B29, 0x6B29, 0x6B29, 0x6B29, 0x6B08, 0x6B08, 0x6308, 0x6308, 0x6308, 0x62E8,
  0x62E8, 0x62E8, 0x62E8, 0x62C7, 0x62C7, 0x62C7, 0x62C7, 0x5AC7, 0x5AA7, 0x5AA7, 0x5AA7, 0x5AA7, 0x5A86, 0x5A86, 0x5A86, 0x5A86,
  0x5286, 0x5266, 0x5266, 0x5266, 0x5266, 0x5245, 0x5245, 0x4A45, 0x4A45, 0x4A25, 0x4A25, 0x4A25, 0x4A25, 0x4A04, 0x4A04, 0x4A04,
  0x41E4, 0x41C4, 0x41C4, 0x4A25, 0x5266, 0x5266, 0x5266, 0x5266, 0x5266, 0x5266, 0x5266, 0x5266, 0x5266, 0x5266, 0x5266, 0x5266,
  0x5266, 0x5266, 0x5266, 0x5266, 0x5266, 0x5266, 0x5266, 0x5245, 0x5266, 0x5245, 0x5245, 0x5245, 0x4A25, 0x4A25, 0x4A25, 0x4A25,
  0x4A25, 0x4A25, 0x4A05, 0x4A05, 0x4A04, 0x4204, 0x41E4, 0x41E4, 0x41C3, 0x5225, 0x5A66, 0x5266, 0x5A86, 0x5A86, 0x5A86, 0x5A86,
  0x5AA6, 0x5AA6, 0x5AA6, 0x5AA6, 0x62A7, 0x62C7, 0x62C7, 0x62C7, 0x62C7, 0x62E7, 0x62E7, 0x6AE7, 0x6AE7, 0x6AE7, 0x6B08, 0x6B08,
  0x7328, 0x7328, 0x7328, 0x7348, 0x7B48, 0x7B68, 0x7B69, 0x7B89, 0x8389, 0x8389, 0x83A9, 0x83AA, 0x83AA, 0x83CA, 0x8BCA, 0x8BCA,
  0x8BEA, 0x8BEA, 0x8BEA, 0x8BEA, 0x940B, 0x940B, 0x940B, 0x942C, 0x942B, 0x942B, 0x944B, 0x9C4C, 0x9C4C, 0x9C6C, 0x9C6C, 0x9C6C,
  0x9C6C, 0x9C6C, 0x9C8C, 0xA48C, 0xA48C, 0xA4AC, 0xA4AC, 0xA4AC, 0xA4AD, 0xA4AD, 0xA4AD, 0xA4CD, 0xACCD, 0xACCD, 0xACCD, 0xACCE,
  0xACED, 0xACED, 0xACEE, 0xACEE, 0xACEE, 0xAD0E, 0xAD0E, 0xAD0E, 0xACEE, 0xAD0E, 0xAD0E, 0xAD0E, 0xAD0E, 0xB50E, 0xB50E, 0xB50E,
  0xF7DF, 0xF7DF, 0xF7DF, 0xF7DF, 0xF7DF, 0xF7DF, 0xF7DF, 0xF7DF, 0xF7BE, 0xCE9A, 0xEF9E, 0xEF9E, 0xD69A, 0xEF7D, 0xF7BE, 0xE71C,
  0xE77D, 0xE77D, 0xE77E, 0xDF3D, 0xCEDC, 0xAE1A, 0xA5FA, 0xAE1B, 0x9558, 0x8D37, 0x9D77, 0xB619, 0xC67A, 0xE73D, 0xE75D, 0xEF9E,
  0xE75D, 0xEF7D, 0xEF5D, 0xEF5D, 0xF7DF, 0xEF7E, 0xE75D, 0xE75D, 0xE75D, 0xEF7E, 0xEF7D, 0xE75D, 0xE75D, 0xE73C, 0xEF7D, 0xE73C,
  0xEF9E, 0xF7DF, 0xF7BE, 0xF7DE, 0xEFBE, 0xCEBB, 0xBE7B, 0xA598, 0x9556, 0x9DD9, 0x8516, 0x8D15, 0xCEDB, 0xE75D, 0xEF7D, 0xE77E,
  0xE75D, 0xE75D, 0xE73C, 0xE77D, 0xE75D, 0xE75D, 0xE77D, 0xE75D, 0xEF7E, 0xE77D, 0xCE9B, 0xBE39, 0xA5D8, 0xA5B8, 0x6C32, 0x63F1,
  0xA5B8, 0x9557, 0x63F1, 0x7C94, 0x8D16, 0x9D56, 0xC6BB, 0xADD7, 0xB638, 0xC67A, 0xC679, 0xD6DB, 0xD6BB, 0xCEBA, 0xBE18, 0xC69A,
  0xCEBA, 0xBE58, 0xCEBA, 0xD6BA, 0xCEBA, 0xAD95, 0xA575, 0xADD6, 0xC658, 0xAD95, 0x9D33, 0xA554, 0x8CB2, 0xA574, 0xCE78, 0xB5B5,
  0x9D33, 0x94D1, 0x8C90, 0x9D12, 0x94B1, 0xA532, 0x844F, 0x842E, 0x8C90, 0x73AC, 0x7C0E, 0x8C6F, 0x846E, 0x844E, 0x8C6E, 0x8C6E,
  0x844E, 0x842D, 0x842D, 0x840D, 0x840C, 0x840C, 0x7BEC, 0x7BEB, 0x7BCB, 0x7BCB, 0x7BCB, 0x7BAB, 0x73AA, 0x73AA, 0x738A, 0x738A,
  0x738A, 0x736A, 0x736A, 0x6B49, 0x6B49, 0x6B49, 0x6B49, 0x6B49, 0x6B29, 0x6B29, 0x6B28, 0x6B28, 0x6B08, 0x6308, 0x6308, 0x6308,
  0x62E8, 0x62E8, 0x62E8, 0x62E7, 0x62C7, 0x62C7, 0x62C7, 0x5AC7, 0x5AC7, 0x5AC7, 0x5AA7, 0x5AA7, 0x5AA7, 0x5A86, 0x5A86, 0x5A86,
  0x5A86, 0x5286, 0x5266, 0x5266, 0x5266, 0x5245, 0x5245, 0x4A25, 0x4A25, 0x4A25, 0x4A25, 0x4A05, 0x4A05, 0x4A05, 0x4A05, 0x4204,
  0x41E4, 0x41E4, 0x41C4, 0x4A25, 0x5266, 0x5266, 0x5266, 0x5266, 0x5266, 0x5266, 0x5266, 0x5266, 0x5266, 0x5266, 0x5266, 0x5266,
  0x5266, 0x5266, 0x5266, 0x5266, 0x5266, 0x5266, 0x5266, 0x5266, 0x5266, 0x5266, 0x5245, 0x5245, 0x5245, 0x5245, 0x4A25, 0x4A25,
  0x4A25, 0x4A25, 0x4A25, 0x4A05, 0x4A05, 0x4A04, 0x4204, 0x41E4, 0x41C3, 0x4A05, 0x5A86, 0x5A86, 0x5A86, 0x5A86, 0x5A86, 0x5AA6,
  0x5A86, 0x5AA6, 0x5AA6, 0x62A7, 0x62C7, 0x62C7, 0x62C7, 0x62C7, 0x62E7, 0x6AE7, 0x6B07, 0x6B07, 0x6B07, 0x6B08, 0x7328, 0x7328,
  0x7328, 0x7348, 0x7348, 0x7B49, 0x7B69, 0x7B89, 0x7B89, 0x7B89, 0x8389, 0x83A9, 0x83AA, 0x83AA, 0x83AA, 0x83CA, 0x8BEA, 0x8BEA,
  0x8BEA, 0x8C0A, 0x8C0A, 0x8C0B, 0x942B, 0x942C, 0x942C, 0x942C, 0x940C, 0x942C, 0x942C, 0x942C, 0x942C, 0x944C, 0x9C6D, 0x9C6D,
  0x9C8D, 0x9C8D, 0xA4AD, 0xA4AD, 0xA4AC, 0xA4CC, 0xA4AC, 0xA4CC, 0xA4CD, 0xA4AD, 0xACCD, 0xACEE, 0xACCE, 0xACEE, 0xACEE, 0xACEE,
  0xAD0E, 0xAD0E, 0xAD0E, 0xAD0E, 0xAD0E, 0xAD0E, 0xAD0E, 0xAD0E, 0xAD0E, 0xB50E, 0xB50E, 0xB50E, 0xB50E, 0xB52E, 0xB52E, 0xB52E,
  0xF7DF, 0xF7DF, 0xF7DF, 0xF7DF, 0xF7DF, 0xF7DF, 0xF7DF, 0xF7DF, 0xF7BF, 0xE73C, 0xEF9E, 0xEF7D, 0xCE79, 0xDF1C, 0xFFDF, 0xDEDB,
  0xEFBE, 0xEF7D, 0xEF7D, 0xF7DF, 0xD6FC, 0xBE5A, 0xBE9C, 0xAE1A, 0xAE1A, 0x9D98, 0x9D77, 0xB619, 0xADD8, 0xC67B, 0xCEBB, 0xD6FC,
  0xEFBF, 0xEF7E, 0xEFBE, 0xEF7E, 0xE75D, 0xE75D, 0xF7BE, 0xEF7D, 0xF7BE, 0xEF7D, 0xDEFB, 0xE75D, 0xF7DF, 0xEF7D, 0xEF9E, 0xF7BE,
  0xE73D, 0xF7DF, 0xF7BE, 0xF7DE, 0xE77D, 0xCEBB, 0xCEDD, 0xADD9, 0xA5F9, 0x9DB8, 0x8516, 0xA5D8, 0xD6FB, 0xF7BE, 0xEF9E, 0xD6FB,
  0xE75D, 0xF7BE, 0xEF9E, 0xEF9E, 0xF7BE, 0xEF7D, 0xEF9E, 0xF7DF, 0xE73D, 0xE75D, 0xCEBB, 0xB5F8, 0xBE5A, 0x8CF5, 0x7453, 0x6C32,
  0x9D97, 0x9556, 0x63D1, 0x63D1, 0x84D5, 0xA597, 0xBE59, 0xB638, 0xC69A, 0xCEBA, 0xD6FB, 0xCE7A, 0xC639, 0xDF1C, 0xD6DB, 0xD6DB,
  0xDF3C, 0xB5D7, 0xD6BA, 0xE73C, 0xD6BA, 0xBE38, 0xA575, 0xADB6, 0xD6FA, 0xADB5, 0xADB6, 0xBE17, 0x8491, 0xBE17, 0xCE78, 0xBDF6,
  0xB5F6, 0x8CB1, 0x9CF2, 0xAD94, 0x94D1, 0xBDF6, 0x94B1, 0x7C0E, 0x8CB0, 0x73CC, 0x7C0D, 0x8C6F, 0x844E, 0x844E, 0x8C6E, 0x8C6E,
  0x844E, 0x844D, 0x842D, 0x842D, 0x840C, 0x840C, 0x840C, 0x7BEC, 0x7BEB, 0x7BCB, 0x7BCB, 0x7BCB, 0x73AA, 0x73AA, 0x73AA, 0x738A,
  0x738A, 0x738A, 0x736A, 0x7369, 0x7369, 0x6B69, 0x6B49, 0x6B49, 0x6B49, 0x6B29, 0x6B28, 0x6B28, 0x6B28, 0x6B28, 0x6B08, 0x6308,
  0x62E8, 0x62E8, 0x62E8, 0x62E8, 0x62E7, 0x62C7, 0x62C7, 0x62C7, 0x62C7, 0x5AC7, 0x5AA7, 0x5AA7, 0x5AA7, 0x5AA6, 0x5A86, 0x5A86,
  0x5A86, 0x5A86, 0x5266, 0x5266, 0x5266, 0x5266, 0x5245, 0x4A25, 0x4A45, 0x4A45, 0x4A25, 0x4A25, 0x4A25, 0x4A25, 0x4A05, 0x4204,
  0x41E4, 0x41E4, 0x41C4, 0x4A25, 0x5266, 0x5266, 0x5266, 0x5266, 0x5266, 0x5266, 0x5266, 0x5266, 0x5266, 0x5266, 0x5266, 0x5266,
  0x5266, 0x5266, 0x5266, 0x5266, 0x5266, 0x5266, 0x5266, 0x5266, 0x5266, 0x5266, 0x5265, 0x5245, 0x5245, 0x5245, 0x4A45, 0x4A25,
  0x4A45, 0x4A25, 0x4A25, 0x4A25, 0x4A05, 0x4A05, 0x4204, 0x4204, 0x41C4, 0x4A04, 0x5A86, 0x5A86, 0x5AA6, 0x5AA6, 0x5AA6, 0x5AA6,
  0x5AA6, 0x5AA6, 0x62A7, 0x62C7, 0x62C7, 0x62C7, 0x62E7, 0x62E7, 0x6AE7, 0x6B07, 0x6B07, 0x6B07, 0x6B08, 0x6B28, 0x7348, 0x7348,
  0x7348, 0x7349, 0x7B49, 0x7B69, 0x7B69, 0x7B89, 0x7B89, 0x83A9, 0x83A9, 0x83AA, 0x83AA, 0x83CA, 0x8BCA, 0x8BEB, 0x8BEB, 0x8BEB,
  0x8C2B, 0x8C2B, 0x8C0B, 0x8BEB, 0x8BEC, 0x8BCC, 0x83CC, 0x8BCC, 0x83CC, 0x83AC, 0x83AC, 0x83AC, 0x838C, 0x838C, 0x83AC, 0x83AC,
  0x83CB, 0x8BEC, 0x942C, 0x9C8D, 0xA4AE, 0xA4EE, 0xA4EE, 0xA4EE, 0xACCD, 0xACCD, 0xACCE, 0xACEE, 0xACEE, 0xACEE, 0xACEE, 0xACEE,
  0xAD0E, 0xAD0E, 0xAD0E, 0xAD0E, 0xB50E, 0xB50E, 0xB50E, 0xB50E, 0xB50E, 0xB50E, 0xB52E, 0xB52E, 0xB52F, 0xB52F, 0xB52F, 0xB52F,
  0xF7DF, 0xF7DF, 0xF7DF, 0xF7DF, 0xF7DF, 0xF7DF, 0xF7DF, 0xF7DF, 0xF7DF, 0xEF7D, 0xEF9E, 0xF7BF, 0xEF7D, 0xF7DF, 0xEF7E, 0xD6DB,
  0xDEFB, 0xCE99, 0xD6BA, 0xF7DF, 0xDF1C, 0xADB7, 0xADD9, 0xADFA, 0x9535, 0xA5D8, 0x9D97, 0xBE9B, 0x9D97, 0x8CF5, 0x9536, 0xAE19,
  0xD73D, 0xC6BB, 0xE77E, 0xFFFF, 0xD6FB, 0xF7DF, 0xE73C, 0xC638, 0xE73C, 0xF7DF, 0xCE9A, 0xDEFB, 0xFFFF, 0xD6BA, 0xCE9A, 0xF7DF,
  0xEF5D, 0xF7BE, 0xF7DE, 0xF7DE, 0xE75D, 0xDF3D, 0xBE3A, 0x7C73, 0x84F5, 0x8D56, 0x9DB8, 0x9556, 0xAD96, 0xE71C, 0xFFDF, 0xD6DB,
  0xD6BA, 0xF7DF, 0xD6FB, 0xC679, 0xF7DF, 0xE75D, 0xC638, 0xEF9E, 0xF7BE, 0xE73C, 0xCE9A, 0xB619, 0xBE5A, 0x7C73, 0x7C94, 0x7453,
  0x9D77, 0x9D76, 0x7C73, 0x7453, 0x84B4, 0x9D97, 0xB638, 0xC69A, 0xADB6, 0x9D35, 0xD6DB, 0xD6FB, 0xB5D7, 0xCEBA, 0xCEDA, 0xB5F7,
  0xC658, 0xB5F7, 0xDF3C, 0xC658, 0xAD95, 0xBE38, 0xB5D7, 0xA575, 0xB5F6, 0x9D13, 0xB5D6, 0x9D34, 0x8450, 0x9D13, 0xAD95, 0xC637,
  0xA553, 0x8470, 0x8C70, 0x8C70, 0x94D1, 0xB5B4, 0x7C0E, 0x842E, 0x94B0, 0x73ED, 0x7C0D, 0x8C8F, 0x8C8F, 0x8C6E, 0x8C6E, 0x8C6E,
  0x8C6E, 0x844D, 0x844D, 0x842D, 0x842D, 0x840C, 0x840C, 0x7BEC, 0x7BEB, 0x7BEB, 0x7BCB, 0x7BCB, 0x7BAB, 0x73AA, 0x73AA, 0x738A,
  0x738A, 0x738A, 0x738A, 0x736A, 0x7369, 0x7369, 0x6B69, 0x6B49, 0x6B49, 0x6B49, 0x6B28, 0x6B28, 0x6B28, 0x6B28, 0x6B28, 0x6B28,
  0x6308, 0x6308, 0x6308, 0x62E8, 0x62E7, 0x62E7, 0x62E7, 0x62E7, 0x62C7, 0x62C7, 0x5AC7, 0x5AC7, 0x5AC7, 0x5AA7, 0x5AA7, 0x5AA6,
  0x5AA7, 0x5A86, 0x5A86, 0x5286, 0x5266, 0x5266, 0x5266, 0x5245, 0x5246, 0x5246, 0x4A45, 0x4A25, 0x4A25, 0x4A25, 0x4A05, 0x4A04,
  0x41E4, 0x41E5, 0x41C4, 0x4A05, 0x5266, 0x5266, 0x5266, 0x5266, 0x5266, 0x5266, 0x5266, 0x5266, 0x5286, 0x5286, 0x5286, 0x5286,
  0x5286, 0x5286, 0x5286, 0x5286, 0x5286, 0x5266, 0x5266, 0x5266, 0x5286, 0x5266, 0x5266, 0x5265, 0x5265, 0x5245, 0x5245, 0x5245,
  0x5245, 0x4A45, 0x4A25, 0x4A25, 0x4A25, 0x4A05, 0x4A05, 0x4A04, 0x41E4, 0x4A04, 0x5A86, 0x5AA7, 0x5AA7, 0x5AA7, 0x5AA6, 0x5AA6,
  0x62A7, 0x62C7, 0x62C7, 0x62C7, 0x62E7, 0x62E7, 0x62E8, 0x6AE7, 0x6B07, 0x6B07, 0x6B08, 0x6B28, 0x6B28, 0x7328, 0x7348, 0x7349,
  0x7B49, 0x7B69, 0x7B69, 0x7B89, 0x7B89, 0x7B89, 0x83A9, 0x83A9, 0x83C9, 0x83CA, 0x8BCA, 0x8BCA, 0x8BEA, 0x8C0B, 0x940B, 0x8C0C,
  0x83CB, 0x7BAB, 0x83AC, 0x83AC, 0x83AD, 0x7B8D, 0x7B4D, 0x734C, 0x732C, 0x732C, 0x6B0C, 0x6B0C, 0x6B0C, 0x6B0C, 0x732C, 0x732C,
  0x732C, 0x6B2B, 0x732B, 0x734B, 0x7B8B, 0x83EC, 0x944E, 0xA4CF, 0xACEE, 0xAD0E, 0xB50E, 0xACEE, 0xACEE, 0xAD0E, 0xACEE, 0xB50E,
  0xB50E, 0xB50E, 0xB50E, 0xB50E, 0xB52F, 0xB52F, 0xB52F, 0xB52F, 0xB52F, 0xB52F, 0xB52F, 0xB52F, 0xB52F, 0xB54F, 0xB54F, 0xB54F,
  0xF7DF, 0xF7DF, 0xF7DF, 0xF7DF, 0xF7DF, 0xF7DF, 0xF7DF, 0xF7DF, 0xF7DF, 0xEF7D, 0xEF9E, 0xF7BF, 0xE75D, 0xDF1C, 0xCE9A, 0xD6FC,
  0xE75C, 0xEF9D, 0xEF5C, 0xFFFF, 0xDF1C, 0xBE39, 0xB5F9, 0xADF9, 0xADB7, 0xE77E, 0xCEFC, 0xD71D, 0xBE5A, 0x9556, 0x84D4, 0xA5D9,
  0xAE19, 0xADF9, 0xC69B, 0xD6FC, 0xD6FC, 0xF7DF, 0xE73C, 0xE73C, 0xE73C, 0xF7DF, 0xE73C, 0xEF5D, 0xF7BE, 0xE71C, 0xDF1C, 0xF7BF,
  0xE75D, 0xF7BF, 0xF7BE, 0xF7BE, 0xE75D, 0xDF3D, 0xB63A, 0x9536, 0x7472, 0x84F5, 0xA5F9, 0x9536, 0xC67A, 0xE73C, 0xF7BE, 0xE75D,
  0xE73C, 0xF7BE, 0xDF1C, 0xD6FB, 0xF7BE, 0xE73C, 0xDF1B, 0xEF9D, 0xEF7D, 0xE75D, 0xC659, 0xC69A, 0xADD8, 0x7C73, 0x84D5, 0x7453,
  0x9D77, 0x9556, 0x7C53, 0x7432, 0x8CF5, 0x9D56, 0xBE39, 0xC679, 0xADD7, 0xBE18, 0xCE7A, 0xDF1C, 0xCE7A, 0xD6FB, 0xCEBA, 0xB617,
  0xADB6, 0xBDF7, 0xDEFB, 0xCE79, 0xCE79, 0xB5F7, 0xB5F7, 0x9D54, 0xAD95, 0xBE37, 0xA554, 0x8C91, 0x8C91, 0x8C91, 0xCE98, 0xC637,
  0x8450, 0x8CB1, 0x73EE, 0x9CF2, 0xA574, 0x8C90, 0x842F, 0x844F, 0x94D1, 0x73ED, 0x7BED, 0x8C8F, 0x8C8F, 0x8C6E, 0x8C6E, 0x8C6E,
  0x8C6E, 0x8C4E, 0x844D, 0x842D, 0x842C, 0x842C, 0x840C, 0x840C, 0x83EC, 0x7BEB, 0x7BEB, 0x7BCB, 0x7BCB, 0x7BAB, 0x73AA, 0x73AA,
  0x73AA, 0x738A, 0x738A, 0x738A, 0x736A, 0x7369, 0x7369, 0x6B69, 0x6B49, 0x7349, 0x6B28, 0x6B28, 0x6B49, 0x6B28, 0x6B28, 0x6B28,
  0x6B08, 0x6B08, 0x6B08, 0x6308, 0x6308, 0x62E7, 0x62E7, 0x62E7, 0x62E7, 0x62C7, 0x62C7, 0x62C7, 0x62C7, 0x62C7, 0x5AA7, 0x5AA7,
  0x5AA7, 0x5A86, 0x5A86, 0x5A86, 0x5286, 0x5266, 0x5266, 0x5266, 0x5266, 0x5266, 0x5246, 0x4A45, 0x4A25, 0x4A25, 0x4A05, 0x4A04,
  0x41E5, 0x4A05, 0x41C4, 0x4A05, 0x5266, 0x5266, 0x5286, 0x5286, 0x5286, 0x5286, 0x5286, 0x5286, 0x5286, 0x5286, 0x5286, 0x5286,
  0x5A86, 0x5A86, 0x5A86, 0x5A86, 0x5A86, 0x5A86, 0x5286, 0x5286, 0x5286, 0x5266, 0x5266, 0x5266, 0x5266, 0x5265, 0x5245, 0x5245,
  0x5245, 0x5245, 0x4A25, 0x4A25, 0x4A25, 0x4A25, 0x4A05, 0x4A05, 0x41E4, 0x4A04, 0x5A86, 0x5AA7, 0x5AA7, 0x5AA7, 0x62A7, 0x62A7,
  0x62C7, 0x62C7, 0x62C7, 0x62E7, 0x62E7, 0x62E7, 0x6AE8, 0x6B08, 0x6B07, 0x6B28, 0x6B28, 0x7328, 0x7328, 0x7348, 0x7348, 0x7369,
  0x7B69, 0x7B69, 0x7B89, 0x7B89, 0x7B89, 0x83A9, 0x83A9, 0x83A9, 0x8BC9, 0x8BEA, 0x8BEA, 0x8BEB, 0x8C0C, 0x8BEB, 0x83AB, 0x7B8A,
  0x83CD, 0x8C2F, 0x942F, 0x7B8D, 0x6B0B, 0x62CB, 0x62AB, 0x6ACC, 0x62CC, 0x62AB, 0x62EC, 0x62CC, 0x62EC, 0x6AEC, 0x62EC, 0x6AEC,
  0x62EC, 0x6AEC, 0x6B0C, 0x6B0C, 0x6B0B, 0x6B0B, 0x6B2B, 0x736B, 0x8BEB, 0x9C6C, 0xACCE, 0xB50F, 0xB50F, 0xAD0E, 0xB50E, 0xB50E,
  0xB52E, 0xB52F, 0xB52E, 0xB52E, 0xB52F, 0xB52F, 0xB52F, 0xB54F, 0xB52F, 0xB54F, 0xB54F, 0xB54F, 0xB54F, 0xB54F, 0xB54F, 0xB54F,
  0xF7DF, 0xF7DF, 0xF7DF, 0xF7DF, 0xF7DF, 0xF7DF, 0xF7DF, 0xF7DF, 0xF7DF, 0xE75D, 0xEF9E, 0xEF7E, 0xC659, 0xCE79, 0xE73C, 0xEF7D,
  0xF7DF, 0xDEFB, 0xDEDA, 0xFFFF, 0xDEFC, 0xC67A, 0xB63A, 0xA5F9, 0xB619, 0xEF9E, 0xE73C, 0xF7BE, 0xD71D, 0xCEDC, 0xB639, 0xB619,
  0xB63A, 0x84D5, 0x84B5, 0x9557, 0xA5D8, 0xE79F, 0xEF9E, 0xE73D, 0xEF9E, 0xEF9E, 0xDEFC, 0xEF5D, 0xF7BE, 0xE75D, 0xE75D, 0xEFBF,
  0xE77D, 0xE77E, 0xE75D, 0xE75D, 0xDEFC, 0xDF3D, 0xC69B, 0x9D56, 0x9516, 0x9557, 0x9DB9, 0x9D98, 0xC67A, 0xEF9E, 0xF7BE, 0xDF1C,
  0xE73D, 0xF7BE, 0xE77D, 0xE73C, 0xF7DF, 0xE77D, 0xDF5C, 0xEFBE, 0xEF7D, 0xDF1C, 0xC67A, 0xCEBB, 0x9536, 0x84D5, 0x7CB5, 0x6C33,
  0x9D97, 0x9556, 0x7432, 0x84B4, 0x9D35, 0x8493, 0xBE18, 0xCE9A, 0xBE18, 0xBE38, 0xD6DB, 0xD6BB, 0xC659, 0xDEFB, 0xD6BB, 0xC659,
  0xD6DB, 0xC638, 0xDF1B, 0xD6DA, 0xCE99, 0xC658, 0xADD6, 0x9D74, 0xCEB9, 0xBE37, 0x8470, 0xAD95, 0x94B1, 0xAD74, 0xDEFA, 0xAD74,
  0x9D12, 0x9D12, 0x8C90, 0xBDF5, 0x8C70, 0x94B0, 0x9D12, 0x842E, 0x94D1, 0x7BEE, 0x7BED, 0x8C8F, 0x8C6F, 0x8C6E, 0x842D, 0x8C6E,
  0x8C6E, 0x8C4D, 0x8C4D, 0x8C4D, 0x842C, 0x842C, 0x840C, 0x840C, 0x83EC, 0x83EC, 0x7BCB, 0x7BCB, 0x7BCB, 0x7BAB, 0x7BAB, 0x7BAB,
  0x7BAA, 0x7B8A, 0x738A, 0x738A, 0x738A, 0x736A, 0x7369, 0x7349, 0x7349, 0x7349, 0x6B49, 0x6B49, 0x6B28, 0x6B28, 0x6B28, 0x6B28,
  0x6B08, 0x6B08, 0x6B08, 0x6B08, 0x6B08, 0x6B08, 0x62E7, 0x62E7, 0x62E7, 0x62E7, 0x62C7, 0x62C7, 0x62C7, 0x62C7, 0x62C7, 0x62A7,
  0x5AA7, 0x5AA7, 0x5A86, 0x5A86, 0x5A86, 0x5A66, 0x5A66, 0x5266, 0x5266, 0x5266, 0x5245, 0x5245, 0x4A45, 0x4A25, 0x4A25, 0x4A25,
  0x4A04, 0x41E4, 0x41E4, 0x4A04, 0x5266, 0x5A86, 0x5286, 0x5A86, 0x5A86, 0x5A86, 0x5A86, 0x5A86, 0x5A86, 0x5A86, 0x5A86, 0x5A86,
  0x5A86, 0x5A86, 0x5A86, 0x5A86, 0x5A86, 0x5A86, 0x5A86, 0x5A86, 0x5A86, 0x5A86, 0x5A66, 0x5A66, 0x5266, 0x5266, 0x5266, 0x5246,
  0x5245, 0x5245, 0x5245, 0x4A25, 0x4A25, 0x4A25, 0x4A04, 0x4A05, 0x41E4, 0x4204, 0x5A86, 0x5AA6, 0x5AA6, 0x62A6, 0x62C7, 0x62A7,
  0x62C7, 0x62C7, 0x62C7, 0x62E7, 0x6AE7, 0x6B07, 0x6B07, 0x6B07, 0x7308, 0x7328, 0x7328, 0x7328, 0x7348, 0x7348, 0x7B69, 0x7B69,
  0x7B89, 0x7B89, 0x7B8A, 0x838A, 0x838A, 0x83AA, 0x83C9, 0x83C9, 0x8BC9, 0x8BCA, 0x8C0C, 0x8BEC, 0x7B8C, 0x7B6C, 0x8C0F, 0x9C70,
  0x944F, 0x942F, 0xA4B1, 0xACD1, 0xA490, 0xA46F, 0x93ED, 0x7B2A, 0x7B0B, 0x8BAD, 0x62A8, 0x5268, 0x524A, 0x4A09, 0x5229, 0x4A27,
  0x4A29, 0x4A29, 0x5249, 0x5249, 0x5A8A, 0x5AAB, 0x62CB, 0x6B0C, 0x630A, 0x6B2A, 0x736B, 0x8C2D, 0xA4CE, 0xB52F, 0xB54F, 0xB52E,
  0xB52E, 0xB52F, 0xB52F, 0xB54F, 0xB52F, 0xB54F, 0xB54E, 0xB54E, 0xB54F, 0xB54F, 0xB54F, 0xB54F, 0xB54F, 0xB54F, 0xB54F, 0xBD4F,
  0xF7DF, 0xF7DF, 0xF7DF, 0xF7DF, 0xF7DF, 0xF7DF, 0xF7DF, 0xF7DF, 0xF7BE, 0xE75D, 0xF7DF, 0xF7DF, 0xE73C, 0xEF9E, 0xF7DF, 0xDF1C,
  0xEF9E, 0xFFDF, 0xEF7D, 0xF7BE, 0xE75D, 0xBE5A, 0xA5D8, 0xA61A, 0xC69B, 0xD6FC, 0xE73C, 0xFFDF, 0xEFBF, 0xDF5E, 0xDF3D, 0xBE39,
  0xCEDC, 0xBE7B, 0xAE1A, 0x9D98, 0x84B4, 0xA597, 0xD6FD, 0xE77E, 0xEFBF, 0xD6DB, 0xD6BB, 0xF79E, 0xFFDE, 0xE71C, 0xE71C, 0xF7FF,
  0xEFBE, 0xD6FB, 0xF7BE, 0xEF9E, 0xD6BB, 0xC65A, 0xCEFC, 0xAE19, 0xA5B8, 0x9557, 0x7CB5, 0xA5D9, 0xD71C, 0xF7DF, 0xDEFB, 0xCEBA,
  0xEF7E, 0xF7DF, 0xE75D, 0xDF1C, 0xFFFF, 0xEF9E, 0xDEFB, 0xF7BE, 0xF7DF, 0xD6BA, 0xCEBB, 0xBE39, 0x9D56, 0x9516, 0x7C73, 0x7C94,
  0xA597, 0xA5B7, 0x94F4, 0x9515, 0x7C31, 0x8431, 0xAD76, 0xB5B7, 0xCE79, 0xCE79, 0xCE79, 0xAD75, 0xBDD7, 0xD6BA, 0xCE7A, 0xC618,
  0xCE38, 0xAD75, 0xC618, 0xDF1B, 0xDEFB, 0xC658, 0x94D2, 0xAD95, 0xDF1B, 0xC658, 0xAD95, 0xBE17, 0x94B1, 0xB5B5, 0xD6D9, 0xC657,
  0xB5D5, 0x9D12, 0x9CF2, 0xB5F5, 0x9D12, 0xB5B5, 0xA533, 0x7C0E, 0x94D1, 0x840E, 0x7BCD, 0x8C6F, 0x8C8F, 0x8C6E, 0x8C4E, 0x8C6E,
  0x8C6E, 0x8C4D, 0x8C4D, 0x8C4D, 0x842D, 0x842C, 0x840C, 0x840C, 0x840C, 0x83EC, 0x7BEB, 0x7BCB, 0x7BCB, 0x7BCB, 0x7BAB, 0x7BAB,
  0x7BAA, 0x7BAA, 0x7B8A, 0x738A, 0x738A, 0x738A, 0x736A, 0x7369, 0x7369, 0x7349, 0x7349, 0x7349, 0x6B49, 0x6B49, 0x6B49, 0x6B28,
  0x6B28, 0x6B28, 0x6B08, 0x6B08, 0x6B08, 0x6B08, 0x6B08, 0x6AE8, 0x62E7, 0x62E7, 0x62E7, 0x62C7, 0x62C7, 0x62C7, 0x62C7, 0x62C7,
  0x5AA7, 0x5AA7, 0x5AA6, 0x5A86, 0x5A86, 0x5A86, 0x5A66, 0x5266, 0x5266, 0x5266, 0x5266, 0x5245, 0x5245, 0x4A25, 0x4A45, 0x4A25,
  0x4A05, 0x4A04, 0x41E4, 0x4A04, 0x5266, 0x5A86, 0x5A86, 0x5A86, 0x5A86, 0x5A86, 0x5A86, 0x5A86, 0x5A86, 0x5A86, 0x5A86, 0x5A86,
  0x5AA6, 0x5AA6, 0x5AA6, 0x5AA6, 0x5A86, 0x5A86, 0x5A86, 0x5A86, 0x5A86, 0x5A86, 0x5A86, 0x5A66, 0x5A66, 0x5266, 0x5266, 0x5266,
  0x5266, 0x5245, 0x5245, 0x4A45, 0x4A25, 0x4A25, 0x4A25, 0x4A05, 0x41E5, 0x41E4, 0x5286, 0x62C6, 0x62C6, 0x62C6, 0x62C7, 0x62C7,
  0x62C7, 0x62C7, 0x62E7, 0x6AE7, 0x6B07, 0x6B07, 0x6B07, 0x6B07, 0x7328, 0x7328, 0x7328, 0x7328, 0x7348, 0x7B49, 0x7B69, 0x7B89,
  0x7B89, 0x7B89, 0x838A, 0x83AA, 0x83AA, 0x83A9, 0x83C9, 0x8BE9, 0x8BEA, 0x8BEB, 0x7B8B, 0x7B6C, 0x83CE, 0x9C91, 0x9C70, 0x942E,
  0xA4AF, 0xCDD4, 0xF6F8, 0xFF59, 0xEEB6, 0xDE34, 0xE654, 0xD5B2, 0xC551, 0xCD91, 0x8BCB, 0x41A4, 0x3965, 0x3987, 0x3986, 0x3986,
  0x3166, 0x3166, 0x3966, 0x3986, 0x3986, 0x39A7, 0x41C8, 0x4A08, 0x528A, 0x62EB, 0x62EB, 0x6AEA, 0x732A, 0x8BEC, 0xA4CF, 0xB550,
  0xB54F, 0xB54F, 0xB54F, 0xB54F, 0xB54F, 0xB54F, 0xB54F, 0xB54F, 0xB54F, 0xB54F, 0xBD50, 0xBD4F, 0xBD4F, 0xBD4F, 0xBD70, 0xBD70,
  0xF7DE, 0xF7DE, 0xF7DE, 0xF7DE, 0xF7DF, 0xF7DF, 0xF7DF, 0xF7DF, 0xF7BE, 0xCE9A, 0xCE9A, 0xCE9A, 0xD6BA, 0xF7BE, 0xF7BF, 0xE73C,
  0xCE7A, 0xD69A, 0xCE59, 0xCE79, 0xBE39, 0xB619, 0x9D98, 0x7CB4, 0x9D77, 0xC679, 0xCE79, 0xCE7A, 0xCE9A, 0xCEDB, 0xF7DF, 0xD6DB,
  0xBE39, 0xB619, 0xA597, 0x8CF5, 0x9536, 0x8494, 0x8493, 0x9536, 0xA597, 0xC67B, 0xDEFC, 0xCE7A, 0xD699, 0xCE78, 0xCE78, 0xD699,
  0xCE79, 0xD6DA, 0xD699, 0xD699, 0xE75D, 0xB5D8, 0xA597, 0x8CF5, 0x7452, 0x8D16, 0x7474, 0x7453, 0xB618, 0xCE9A, 0xCE99, 0xDF1C,
  0xCE79, 0xCE9A, 0xC679, 0xCE7A, 0xCE79, 0xCE7A, 0xC659, 0xCE9A, 0xCE9A, 0xC639, 0xADB7, 0xA556, 0xADB7, 0x8CD4, 0x7C52, 0x6BB0,
  0x8431, 0x94B3, 0x9CD4, 0xA514, 0xAD55, 0xD67A, 0xD67A, 0xBD96, 0xC5F7, 0xC618, 0xBDB6, 0xCE38, 0xCE18, 0xBDB7, 0xBDD7, 0xBDD7,
  0xD679, 0xD679, 0xAD55, 0xB575, 0xB575, 0x9CB2, 0x9CF3, 0x9D13, 0xA534, 0xA513, 0x8C71, 0x94D2, 0x8450, 0x8C91, 0xAD74, 0xA574,
  0x8490, 0x8470, 0x7C0E, 0x8C70, 0x7C0E, 0x8C6F, 0x844F, 0x842E, 0x94D1, 0x842E, 0x7BCD, 0x8C6F, 0x948F, 0x948E, 0x8C6E, 0x948E,
  0x8C6E, 0x8C6E, 0x8C6D, 0x8C4D, 0x8C2D, 0x842C, 0x842C, 0x840C, 0x840C, 0x840C, 0x83EB, 0x7BEB, 0x7BEB, 0x7BCB, 0x7BCB, 0x7BCB,
  0x7BAA, 0x7BAA, 0x7B8A, 0x738A, 0x738A, 0x738A, 0x7369, 0x7369, 0x7369, 0x7369, 0x7349, 0x7349, 0x7349, 0x6B49, 0x6B49, 0x6B49,
  0x6B28, 0x6B28, 0x6B08, 0x6B08, 0x6B08, 0x6B08, 0x6B08, 0x6B08, 0x6AE8, 0x62E7, 0x62E7, 0x62E7, 0x62E7, 0x62C7, 0x62C7, 0x62C7,
  0x62C7, 0x62A7, 0x5AA7, 0x5AA7, 0x5AA6, 0x5A86, 0x5A86, 0x5A86, 0x5266, 0x5266, 0x5266, 0x5266, 0x5245, 0x4A45, 0x5245, 0x4A25,
  0x4A25, 0x4A25, 0x4204, 0x4A04, 0x5286, 0x5A86, 0x5A86, 0x5A86, 0x5AA6, 0x5AA6, 0x5AA6, 0x5AA6, 0x5AA6, 0x5AA6, 0x5AA6, 0x5AA6,
  0x5AA6, 0x5AA6, 0x5AA6, 0x5AA6, 0x5AA6, 0x5AA6, 0x5AA6, 0x5A86, 0x5AA6, 0x5A86, 0x5A86, 0x5A86, 0x5A86, 0x5A86, 0x5A66, 0x5A66,
  0x5266, 0x5266, 0x5245, 0x5245, 0x4A45, 0x4A25, 0x4A25, 0x4A25, 0x4A05, 0x4204, 0x5266, 0x62C7, 0x62C6, 0x62C7, 0x62C7, 0x62C7,
  0x62E7, 0x6AE7, 0x6AE7, 0x6B08, 0x6B07, 0x6B07, 0x6B08, 0x6B28, 0x7328, 0x7328, 0x7348, 0x7349, 0x7B69, 0x7B69, 0x7B89, 0x7B89,
  0x7B89, 0x83A9, 0x83A9, 0x83C9, 0x83C9, 0x83C9, 0x8BEA, 0x8BEB, 0x7BAB, 0x7B8B, 0x7BAD, 0x7B8E, 0x83CF, 0x940F, 0x9C2D, 0xC591,
  0xDE33, 0xE694, 0xFF57, 0xFF36, 0xE673, 0xD5F1, 0xDDF1, 0xDE11, 0xEE52, 0xDDF1, 0xBD2E, 0x9C6D, 0x5227, 0x3146, 0x3968, 0x3147,
  0x3966, 0x3986, 0x3166, 0x3146, 0x3966, 0x3966, 0x3146, 0x3146, 0x3967, 0x41E8, 0x5A6A, 0x62CB, 0x6AEB, 0x6ACA, 0x6B0B, 0x8BCD,
  0xACEF, 0xBD70, 0xBD6F, 0xB56F, 0xB56F, 0xB550, 0xBD50, 0xBD51, 0xBD70, 0xBD70, 0xBD70, 0xBD70, 0xBD70, 0xBD70, 0xBD70, 0xBD70,
  0xF7BE, 0xF7DF, 0xF7DE, 0xF7BF, 0xF7BF, 0xF7DF, 0xF7DF, 0xF7DF, 0xF7BE, 0xDF1C, 0xDEFB, 0xDEFB, 0xE73C, 0xF7DF, 0xF7BF, 0xF7BF,
  0xDF1C, 0xD6DB, 0xE73C, 0xE71C, 0xCEBB, 0xC67B, 0xAE1A, 0x84F5, 0xA5B8, 0xE73D, 0xDEFB, 0xDEDB, 0xD6FC, 0xDF3D, 0xF7DF, 0xF7BF,
  0xE71C, 0xD6BB, 0xCEBB, 0xCEBB, 0xC69B, 0xADF9, 0x8D15, 0x84D4, 0x8CF6, 0xADB9, 0xBE5B, 0xC69B, 0xDEFC, 0xDF1C, 0xDEFB, 0xDEDA,
  0xDEFB, 0xE75C, 0xDEFB, 0xE71B, 0xF7DE, 0xCEDB, 0xB619, 0x8CF5, 0x84B4, 0xA5D9, 0x8D37, 0x7C94, 0xB618, 0xDF1C, 0xEF9D, 0xEF9E,
  0xD6FB, 0xDEFB, 0xDEFB, 0xDEFB, 0xDEFB, 0xDEFB, 0xDEDB, 0xDEDB, 0xDEFC, 0xD6DC, 0xB5D7, 0xB5B7, 0xB5B7, 0xAD96, 0xBDD8, 0xBDF8,
  0xC638, 0xCE59, 0xD679, 0xDE9A, 0xEEFB, 0xEF3C, 0xEF1C, 0xE6BA, 0xD638, 0xCE18, 0xDE79, 0xEF1C, 0xDE79, 0xD638, 0xD638, 0xD659,
  0xE6BB, 0xEEFC, 0xE6BA, 0xCE38, 0xCE18, 0xD659, 0xDEBA, 0xC5D7, 0xB575, 0xAD14, 0x9471, 0x9CD2, 0x8C70, 0x94D2, 0xB5D5, 0xB5D5,
  0x8CD1, 0x94F1, 0x844F, 0x8CB1, 0x842F, 0x8C70, 0x94B1, 0x8C4F, 0x9CD1, 0x844E, 0x73CC, 0x8C6F, 0x948F, 0x948E, 0x948E, 0x948E,
  0x8C6E, 0x8C6E, 0x8C6E, 0x8C4D, 0x8C4D, 0x8C2D, 0x842C, 0x842C, 0x840C, 0x840C, 0x83EC, 0x83EB, 0x83EB, 0x7BCB, 0x7BCB, 0x7BCB,
  0x7BCB, 0x7BAA, 0x7BAA, 0x7B8A, 0x7B8A, 0x738A, 0x738A, 0x7369, 0x7369, 0x7369, 0x7369, 0x7369, 0x7349, 0x7349, 0x7349, 0x7349,
  0x7329, 0x6B28, 0x6B28, 0x6B28, 0x6B28, 0x6B08, 0x6B08, 0x6B08, 0x6B08, 0x6AE8, 0x62E7, 0x62E7, 0x62E7, 0x62E7, 0x62C7, 0x62C7,
  0x62C7, 0x62C7, 0x5AA7, 0x5AA7, 0x5AA7, 0x5A86, 0x5A86, 0x5A86, 0x5A86, 0x5286, 0x5266, 0x5266, 0x5266, 0x5245, 0x5245, 0x4A45,
  0x4A25, 0x4A25, 0x4A04, 0x4A04, 0x5A86, 0x5AA6, 0x5A86, 0x5AA6, 0x5AA7, 0x5AA7, 0x5AA7, 0x5AA7, 0x5AA7, 0x5AA7, 0x5AA7, 0x5AA7,
  0x5AA6, 0x5AA6, 0x5AA6, 0x5AA6, 0x5AA6, 0x5AA6, 0x5AA6, 0x5AA6, 0x5AA6, 0x5AA6, 0x5A86, 0x5A86, 0x5A86, 0x5A86, 0x5A86, 0x5A86,
  0x5266, 0x5266, 0x5266, 0x5245, 0x5245, 0x4A45, 0x4A25, 0x4A25, 0x4A05, 0x4204, 0x5266, 0x62E7, 0x62C7, 0x62E7, 0x6AE7, 0x62E7,
  0x6AE7, 0x6AE8, 0x6B08, 0x6B08, 0x6B08, 0x6B08, 0x6B28, 0x6B28, 0x7328, 0x7328, 0x7348, 0x7B69, 0x7B69, 0x7B69, 0x7B89, 0x8389,
  0x83A9, 0x83A9, 0x83C9, 0x83C9, 0x83C9, 0x8C0B, 0x83CB, 0x736A, 0x7B8C, 0x7B8D, 0x734D, 0x6AEC, 0x6AEB, 0x8BCD, 0xCDD2, 0xDE32,
  0xDE11, 0xDE11, 0xE611, 0xD5D0, 0xD58F, 0xBCEC, 0xBCCB, 0xBCCC, 0xC50C, 0xD58E, 0xD5B0, 0xC52F, 0xB4D0, 0x49C6, 0x3967, 0x4A0A,
  0x5A8B, 0x5AAB, 0x526A, 0x41E8, 0x3986, 0x3166, 0x39A7, 0x4A29, 0x5A6B, 0x62CC, 0x5AAB, 0x524A, 0x5A6A, 0x62CC, 0x6ACC, 0x62CB,
  0x732A, 0x944E, 0xB550, 0xBD90, 0xB56F, 0xBD70, 0xBD70, 0xBD70, 0xBD70, 0xBD70, 0xBD70, 0xBD70, 0xBD70, 0xBD70, 0xBD70, 0xBD70,
  0xF7DF, 0xF7DF, 0xF7BF, 0xF7BF, 0xF7BF, 0xF7BF, 0xF7DF, 0xF7BF, 0xF7DF, 0xF7DF, 0xF7DF, 0xF7DF, 0xF7DF, 0xF7DF, 0xF7DF, 0xF7DF,
  0xF7DF, 0xFFDF, 0xFFDF, 0xFFDF, 0xEF7E, 0xCEDC, 0xB63B, 0x9598, 0xBE7B, 0xF7DF, 0xFFDF, 0xFFDF, 0xF7DF, 0xF7DF, 0xF7DF, 0xF7BE,
  0xFFDE, 0xFFDE, 0xF7DF, 0xEFBF, 0xE77E, 0xD71D, 0xC6BC, 0xAE1A, 0x9DD9, 0x9579, 0x9578, 0xA5F9, 0xC6BC, 0xE77F, 0xF7FF, 0xF7FF,
  0xF7DF, 0xF7DF, 0xFFDE, 0xFFDE, 0xF7BE, 0xD6FC, 0xC6BB, 0xA5D8, 0x9536, 0xA5D9, 0x8D37, 0x8D16, 0xD6FC, 0xFFFF, 0xF7BE, 0xF7DF,
  0xF7DF, 0xF7FF, 0xF7DF, 0xF7DF, 0xFFDF, 0xFFDF, 0xFFDF, 0xFFDF, 0xF7BF, 0xE71C, 0xCE59, 0xD67A, 0xDEDB, 0xE71C, 0xEF3D, 0xEF5D,
  0xEF3C, 0xF73C, 0xEF1C, 0xEF1C, 0xEF1B, 0xEEFB, 0xEEFB, 0xF71B, 0xF71C, 0xF71C, 0xEF1B, 0xEEFB, 0xEEFB, 0xEEFB, 0xEEFB, 0xEEFB,
  0xEEFB, 0xEEFB, 0xF6FC, 0xF71C, 0xF71C, 0xEEFC, 0xEEFB, 0xEEFB, 0xEEFB, 0xE6DB, 0xDE79, 0xC5F7, 0xB574, 0xA513, 0xC637, 0xCE98,
  0xAD94, 0xA553, 0x9CF2, 0xA533, 0x9CD1, 0xA512, 0xAD53, 0x8C4F, 0x94D1, 0x8C4F, 0x73CC, 0x8C6E, 0x94AF, 0x948E, 0x948E, 0x948E,
  0x948E, 0x8C6E, 0x8C6E, 0x8C4D, 0x8C4D, 0x8C4D, 0x842C, 0x842C, 0x840C, 0x840C, 0x840B, 0x83EB, 0x83EB, 0x83EB, 0x7BEB, 0x7BCB,
  0x7BCA, 0x7BCA, 0x7BAA, 0x7BAA, 0x7BAA, 0x7BAA, 0x738A, 0x7389, 0x738A, 0x738A, 0x7369, 0x7369, 0x7369, 0x7369, 0x7349, 0x7349,
  0x7349, 0x7329, 0x7329, 0x7329, 0x6B28, 0x6B28, 0x6B08, 0x6B08, 0x6B08, 0x6B08, 0x62E7, 0x62E7, 0x62E7, 0x62E7, 0x62C7, 0x62C7,
  0x62C7, 0x62C7, 0x62C7, 0x62A7, 0x62A7, 0x5AA6, 0x5AA6, 0x5A86, 0x5A86, 0x5286, 0x5266, 0x5266, 0x5266, 0x5245, 0x5245, 0x4A45,
  0x4A25, 0x4A25, 0x4A05, 0x4204, 0x5266, 0x5AA7, 0x5A86, 0x5AA6, 0x5AA6, 0x5AA6, 0x5AA6, 0x5AA6, 0x5AA6, 0x5AA6, 0x5AA6, 0x5AA6,
  0x5AA6, 0x5AA6, 0x5AA6, 0x5AA6, 0x5AA6, 0x5AA6, 0x5AA6, 0x5AA6, 0x5AA6, 0x5AA6, 0x5AA6, 0x5A86, 0x5A86, 0x5A86, 0x5A86, 0x5A86,
  0x5286, 0x5266, 0x5266, 0x5266, 0x5245, 0x5245, 0x4A45, 0x4A25, 0x4A05, 0x4A04, 0x5265, 0x62E7, 0x62E7, 0x62E7, 0x62E7, 0x62E7,
  0x6AE8, 0x6B08, 0x6B08, 0x6B08, 0x6B08, 0x6B28, 0x7328, 0x7328, 0x7328, 0x7348, 0x7B49, 0x7B69, 0x7B89, 0x7B89, 0x83A9, 0x83A9,
  0x83AA, 0x83CA, 0x83C9, 0x83E9, 0x8C0B, 0x83CB, 0x734A, 0x7B8C, 0x734D, 0x62EC, 0x6B0C, 0x6AEC, 0x730B, 0xCD92, 0xDE32, 0xDDF0,
  0xD56F, 0xC4ED, 0xB46B, 0xB46A, 0xB46B, 0xB46B, 0xB46B, 0xB46B, 0xB46A, 0xB46A, 0xC4CC, 0x9BE9, 0xAC6D, 0x6AE8, 0x5248, 0x6B0C,
  0x62EC, 0x62CC, 0x526A, 0x4A29, 0x49E8, 0x5229, 0x62CB, 0x62EC, 0x62AB, 0x526A, 0x524A, 0x5249, 0x526A, 0x5A6A, 0x6ACC, 0x62CB,
  0x524A, 0x5A89, 0x7B8C, 0xACF0, 0xBD90, 0xB56F, 0xBD6F, 0xBD6F, 0xBD70, 0xBD70, 0xBD90, 0xBD70, 0xBD70, 0xBD90, 0xBD90, 0xBD90,
  0xDF5E, 0xEFBF, 0xF7FF, 0xEFDF, 0xF7DF, 0xF7DF, 0xF7BE, 0xF7BE, 0xF7DF, 0xF7DF, 0xF7BF, 0xF7BF, 0xF7DF, 0xF7DF, 0xF7DF, 0xF7DF,
  0xF7BF, 0xF7BF, 0xF7BF, 0xF7DF, 0xE75E, 0xCEBC, 0xB63A, 0x9578, 0xBE7B, 0xEFDF, 0xF7BE, 0xF7BE, 0xF7BF, 0xF7DF, 0xF7DF, 0xF7BE,
  0xF7BE, 0xF7BE, 0xF7BE, 0xF7BE, 0xF7DF, 0xEFBF, 0xE77E, 0xCF1D, 0xBEBC, 0xAE1A, 0x9DB9, 0x9557, 0x9557, 0xA5B8, 0xBE7B, 0xDF5E,
  0xEFBF, 0xF7DF, 0xF7DE, 0xF7BE, 0xF7DE, 0xD71C, 0xC6BB, 0xA5B8, 0x8D15, 0xA5D9, 0x8D17, 0x8CF5, 0xCEDB, 0xF7DF, 0xF7BE, 0xF7BF,
  0xF7BE, 0xF7BE, 0xF7BE, 0xF7BE, 0xF7BE, 0xF7BF, 0xF77E, 0xE6FC, 0xDEBB, 0xDEBA, 0xE71C, 0xEF3C, 0xEF1C, 0xEF1C, 0xEF1C, 0xE6BB,
  0xEEDB, 0xEF1C, 0xEF1C, 0xEEFB, 0xF6FC, 0xEEFB, 0xEEDB, 0xEEBA, 0xE67A, 0xDE79, 0xDE59, 0xD638, 0xD618, 0xD618, 0xD618, 0xD618,
  0xD618, 0xDE38, 0xDE39, 0xDE59, 0xE67A, 0xE69A, 0xEEBA, 0xEEDB, 0xEEDB, 0xEEDB, 0xEEFB, 0xEEFB, 0xE6DA, 0xD658, 0xC5D6, 0xBDB5,
  0xA533, 0xA533, 0x9CD2, 0xA512, 0x9CD1, 0x9CD1, 0xAD53, 0x8C6F, 0x94D1, 0x8C6F, 0x7BCC, 0x8C6E, 0x94AF, 0x94AE, 0x948E, 0x948E,
  0x948E, 0x946E, 0x8C6E, 0x8C6D, 0x8C4D, 0x8C4D, 0x842C, 0x842C, 0x840C, 0x840C, 0x840C, 0x83EB, 0x83EB, 0x83EB, 0x83EB, 0x7BEB,
  0x7BCA, 0x7BCA, 0x7BCA, 0x7BAA, 0x7BAA, 0x7BAA, 0x7BAA, 0x738A, 0x738A, 0x738A, 0x738A, 0x7369, 0x7369, 0x7369, 0x7369, 0x7349,
  0x7349, 0x7349, 0x7349, 0x7349, 0x6B28, 0x6B28, 0x6B08, 0x6B08, 0x6B08, 0x6B08, 0x6B08, 0x6AE8, 0x6AE8, 0x62E7, 0x62E7, 0x62C7,
  0x62C7, 0x62C7, 0x62C7, 0x62C7, 0x62C7, 0x62A6, 0x5AA6, 0x5AA6, 0x5A86, 0x5A86, 0x5286, 0x5266, 0x5266, 0x5266, 0x5245, 0x5245,
  0x4A25, 0x4A25, 0x4A25, 0x4A04, 0x5266, 0x5AA7, 0x5AA6, 0x5AA7, 0x62A6, 0x62A6, 0x62A6, 0x62A6, 0x62A7, 0x62A7, 0x62A7, 0x62A7,
  0x62A7, 0x62A7, 0x62A7, 0x62A7, 0x5AA6, 0x62A7, 0x62A7, 0x62A7, 0x5AA6, 0x5AA6, 0x5AA6, 0x5AA6, 0x5A86, 0x5A86, 0x5A86, 0x5A86,
  0x5A86, 0x5286, 0x5266, 0x5266, 0x5266, 0x5245, 0x5245, 0x4A45, 0x4A25, 0x4A04, 0x5245, 0x62E7, 0x62E7, 0x6AE7, 0x6AE7, 0x6AE7,
  0x6AE8, 0x6B08, 0x6B08, 0x6B08, 0x6B28, 0x7328, 0x7328, 0x7348, 0x7348, 0x7349, 0x7B69, 0x7B69, 0x7B89, 0x7B89, 0x83A9, 0x83A9,
  0x83CA, 0x83CA, 0x83CA, 0x83EB, 0x7B6A, 0x6B2A, 0x734C, 0x6B0C, 0x6AEC, 0x6AEC, 0x6AEB, 0x5A68, 0xACAF, 0xE654, 0xDDD0, 0xC50C,
  0xB48B, 0xB46B, 0xB46B, 0xB46B, 0xB46B, 0xB46B, 0xB46B, 0xB46B, 0xB46B, 0xBC6C, 0xBC6C, 0x8B27, 0x9388, 0x8389, 0x49E5, 0x5249,
  0x5AAB, 0x4A08, 0x3986, 0x3166, 0x3986, 0x41C7, 0x526A, 0x5229, 0x41C7, 0x3986, 0x3966, 0x3986, 0x49E8, 0x524A, 0x5249, 0x5A6A,
  0x41C9, 0x41C8, 0x5249, 0x62C9, 0x944D, 0xBD91, 0xBD8F, 0xBD8F, 0xBD70, 0xBD90, 0xBD90, 0xBD90, 0xBD90, 0xBD90, 0xBD90, 0xBD90,
  0xA5D9, 0xB65B, 0xD71D, 0xE7BF, 0xF7DF, 0xF7DF, 0xF7BE, 0xFFDE, 0xF7DF, 0xF7DF, 0xF7DF, 0xF7DF, 0xF7DF, 0xF7DF, 0xF7DF, 0xF7DF,
  0xF7BF, 0xF7BF, 0xF7BF, 0xF7DF, 0xE75E, 0xCEBC, 0xB63B, 0x9578, 0xBE7B, 0xEFDF, 0xF7BE, 0xF7BE, 0xF7DF, 0xF7DF, 0xF7BE, 0xF7BE,
  0xF7BF, 0xF7DF, 0xF7BE, 0xF7DE, 0xF7BE, 0xF7DF, 0xEFDF, 0xEFDF, 0xE79E, 0xD71C, 0xC69B, 0xAE1A, 0x9DB8, 0x9557, 0x9537, 0xA598,
  0xBE7B, 0xDF5E, 0xF7DF, 0xF7DF, 0xF7BE, 0xD71C, 0xC6BB, 0xA598, 0x8D15, 0xA5D9, 0x8516, 0x8CF5, 0xCEBB, 0xF7DF, 0xF7BE, 0xF7BE,
  0xF7DF, 0xEFBE, 0xF7BF, 0xF7DF, 0xF7BF, 0xE71C, 0xD69A, 0xDEBB, 0xEF1C, 0xEF3C, 0xEF1C, 0xEF1C, 0xEEFC, 0xEF1C, 0xDE9A, 0xD638,
  0xEEFB, 0xEEFC, 0xEEFC, 0xE69A, 0xDE59, 0xD639, 0xCDD8, 0xC5B7, 0xC596, 0xC596, 0xC576, 0xC576, 0xC576, 0xC576, 0xC576, 0xC576,
  0xBD55, 0xC555, 0xC575, 0xC575, 0xC575, 0xC596, 0xCDB6, 0xCDB7, 0xD5F8, 0xDE39, 0xE67A, 0xEEBA, 0xEEDA, 0xEEFB, 0xEEFA, 0xDE79,
  0xC5D6, 0xAD33, 0x9C91, 0xA4F2, 0xA512, 0x9CF2, 0xAD73, 0x8C90, 0x94D1, 0x8C8F, 0x7BEC, 0x8C4E, 0x94AF, 0x94AF, 0x94AE, 0x94AE,
  0x948E, 0x948E, 0x946E, 0x8C6D, 0x8C4D, 0x8C4D, 0x8C2D, 0x842C, 0x842C, 0x842C, 0x840C, 0x840B, 0x840B, 0x83EB, 0x83EB, 0x83EB,
  0x83EB, 0x7BCA, 0x7BCA, 0x7BCA, 0x7BAA, 0x7BAA, 0x7BAA, 0x7BAA, 0x7B8A, 0x7B8A, 0x738A, 0x738A, 0x7369, 0x7369, 0x7369, 0x7369,
  0x7349, 0x7349, 0x7349, 0x7349, 0x7329, 0x6B28, 0x6B28, 0x6B08, 0x6B28, 0x6B08, 0x6B08, 0x6B08, 0x6B08, 0x6AE8, 0x62E7, 0x62E7,
  0x62E7, 0x62C7, 0x62C7, 0x62C7, 0x62C7, 0x62A6, 0x5AA6, 0x5AA6, 0x5AA6, 0x5A86, 0x5A86, 0x5266, 0x5266, 0x5266, 0x5246, 0x5245,
  0x4A45, 0x4A25, 0x4A25, 0x4A04, 0x5266, 0x5AA7, 0x5AA7, 0x5AC7, 0x62A7, 0x62A6, 0x62A6, 0x62A6, 0x62C7, 0x62C7, 0x62C7, 0x62C7,
  0x62C7, 0x62C7, 0x62C7, 0x62C7, 0x62C7, 0x62A7, 0x62C7, 0x62A7, 0x62A6, 0x5AA6, 0x5AA6, 0x5AA6, 0x5AA6, 0x5AA6, 0x5AA6, 0x5A86,
  0x5A86, 0x5A86, 0x5266, 0x5266, 0x5266, 0x5245, 0x5245, 0x5245, 0x4A25, 0x4A25, 0x5245, 0x62E7, 0x62E7, 0x6AE7, 0x6AE7, 0x6B08,
  0x6B08, 0x6B08, 0x6B08, 0x7328, 0x7328, 0x7328, 0x7348, 0x7348, 0x7B48, 0x7B69, 0x7B69, 0x7B89, 0x8389, 0x83A9, 0x83AA, 0x83CA,
  0x83AA, 0x8BEB, 0x83CC, 0x734B, 0x6B0B, 0x732C, 0x6B0C, 0x62EC, 0x6AEC, 0x6AEC, 0x6AEA, 0x838A, 0xCDD2, 0xDE12, 0xC50D, 0xB46A,
  0xB46A, 0xB46A, 0xB46B, 0xB46B, 0xB46B, 0xB44B, 0xB46B, 0xB46B, 0xB46B, 0xBC6C, 0xAC0A, 0x9326, 0xAC2A, 0x93EB, 0x4185, 0x3967,
  0x39A7, 0x3986, 0x3986, 0x3966, 0x3966, 0x3166, 0x3986, 0x3986, 0x3966, 0x3986, 0x3986, 0x3986, 0x3166, 0x41A7, 0x5A6A, 0x5A8A,
  0x524A, 0x4A09, 0x4A29, 0x5249, 0x5227, 0x7B8B, 0xBD71, 0xBDB0, 0xBD70, 0xBD90, 0xC590, 0xC590, 0xC590, 0xC590, 0xC590, 0xC5B1,
  0x9DB8, 0x9598, 0xA5B8, 0xB63A, 0xCEDC, 0xEF9E, 0xF7DF, 0xFFDF, 0xF7DF, 0xF7DF, 0xF7DF, 0xF7DF, 0xF7DF, 0xF7DF, 0xF7DF, 0xF7DF,
  0xF7BF, 0xF7BF, 0xF7BF, 0xF7DF, 0xE75E, 0xCEBC, 0xAE3A, 0x9578, 0xBE7B, 0xEFDF, 0xF7BE, 0xF7BE, 0xF7DF, 0xF7DF, 0xF7BE, 0xFFBE,
  0xF7DF, 0xF7DF, 0xF7DE, 0xF7BE, 0xF7BE, 0xF7DE, 0xF7BE, 0xF7DF, 0xF7DE, 0xF7BE, 0xE79E, 0xD71D, 0xC69C, 0xAE1A, 0x9D78, 0x9537,
  0x8D36, 0x9D97, 0xBE5A, 0xDF5D, 0xEFBE, 0xD71C, 0xC6BB, 0xA597, 0x8CF5, 0xA5B9, 0x8516, 0x84F5, 0xCEBB, 0xF7DF, 0xF7BE, 0xF7BF,
  0xF7DE, 0xF7DF, 0xF7DF, 0xE73D, 0xD6BB, 0xDEBB, 0xE71C, 0xEF3D, 0xEF3C, 0xEF1B, 0xEEFB, 0xEEFB, 0xF73C, 0xDE9A, 0xD638, 0xEEFC,
  0xE6BB, 0xD639, 0xCDF8, 0xC5B7, 0xC596, 0xC597, 0xBD97, 0xBD96, 0xC576, 0xC576, 0xC576, 0xC576, 0xC576, 0xC576, 0xC556, 0xC556,
  0xC575, 0xC575, 0xC555, 0xC555, 0xC555, 0xC555, 0xBD55, 0xBD35, 0xC535, 0xC555, 0xC575, 0xCD96, 0xD5F7, 0xDE59, 0xEE9A, 0xEEDA,
  0xEEFB, 0xE6BA, 0xCDF6, 0xAD12, 0x9490, 0x9CD1, 0xAD74, 0x9490, 0x94D0, 0x94B0, 0x7BEC, 0x844E, 0x94AF, 0x94AF, 0x94AE, 0x948E,
  0x948E, 0x948E, 0x948E, 0x946E, 0x8C6D, 0x8C4D, 0x8C4D, 0x8C4C, 0x8C2C, 0x8C2C, 0x842C, 0x840B, 0x840B, 0x840B, 0x83EB, 0x83EB,
  0x83EB, 0x83EA, 0x7BCA, 0x7BCA, 0x7BCA, 0x7BAA, 0x7BAA, 0x7BAA, 0x7BAA, 0x7B8A, 0x7B8A, 0x738A, 0x7389, 0x7369, 0x7369, 0x7369,
  0x7349, 0x7349, 0x7349, 0x7349, 0x7349, 0x7329, 0x6B28, 0x6B28, 0x6B28, 0x6B28, 0x6B08, 0x6B08, 0x6B08, 0x6B08, 0x6AE8, 0x62E7,
  0x62E7, 0x62E7, 0x62C7, 0x62C7, 0x62C7, 0x62C7, 0x62A6, 0x5AA6, 0x5AA7, 0x5A86, 0x5A86, 0x5A86, 0x5286, 0x5266, 0x5266, 0x5245,
  0x5245, 0x4A25, 0x4A25, 0x4A04, 0x5245, 0x5AC7, 0x62C7, 0x62C7, 0x62C7, 0x62C7, 0x62C7, 0x62C7, 0x62C7, 0x62C7, 0x62C7, 0x62C7,
  0x62C7, 0x62C7, 0x62C7, 0x62C7, 0x62C7, 0x62C7, 0x62C7, 0x62C7, 0x62C6, 0x62A6, 0x62A6, 0x62A6, 0x5AA6, 0x5AA6, 0x5AA6, 0x5AA6,
  0x5A86, 0x5A86, 0x5A86, 0x5266, 0x5266, 0x5266, 0x5245, 0x5245, 0x4A25, 0x4A25, 0x5245, 0x62E7, 0x62E7, 0x6AE7, 0x6B07, 0x6B08,
  0x6B08, 0x6B08, 0x6B28, 0x7328, 0x7348, 0x7348, 0x7349, 0x7369, 0x7B69, 0x7B69, 0x7B89, 0x7B89, 0x83A9, 0x83A9, 0x83CA, 0x83CA,
  0x83EA, 0x83CB, 0x732A, 0x6B0B, 0x6B0C, 0x6AEC, 0x6B0D, 0x6B0D, 0x72ED, 0x6AAA, 0x83AC, 0xB50F, 0xD5F1, 0xD58F, 0xB46B, 0xB46B,
  0xBC6A, 0xB46A, 0xB46A, 0xB46A, 0xB46A, 0xB46B, 0xB46B, 0xB44A, 0xB48B, 0xAC4A, 0x9326, 0xAC0A, 0xBCCC, 0x8BAA, 0x4165, 0x3947,
  0x3966, 0x3966, 0x3986, 0x3166, 0x3966, 0x3166, 0x3145, 0x3166, 0x3987, 0x3986, 0x3986, 0x3987, 0x3987, 0x3986, 0x3986, 0x39C7,
  0x39A6, 0x39A6, 0x3987, 0x3987, 0x4A08, 0x4A07, 0x6B0A, 0xB531, 0xC5B1, 0xBD90, 0xC5B1, 0xC5B1, 0xC5B1, 0xC5B1, 0xC5B1, 0xC5B1,
  0xAE1A, 0xA5D9, 0x9D98, 0x9599, 0x9DB9, 0xADFA, 0xC6BD, 0xDF7F, 0xF7BE, 0xFFDE, 0xF7BE, 0xF7BE, 0xF7BE, 0xF7DF, 0xF7DF, 0xF7BF,
  0xF7BF, 0xF7BF, 0xF7BF, 0xF7DF, 0xE75E, 0xCEDC, 0xAE3A, 0x9577, 0xBE7B, 0xEFDF, 0xF7BE, 0xF7BE, 0xF7DF, 0xF7DF, 0xF7DF, 0xF7BE,
  0xF7DF, 0xF7DF, 0xF7DF, 0xF7DF, 0xF7DF, 0xF7DF, 0xF7DF, 0xF7DF, 0xF7BE, 0xF7DE, 0xF7DF, 0xF7DF, 0xE77E, 0xD71D, 0xC69B, 0xB5F9,
  0x9D97, 0x8D36, 0x8D16, 0x9577, 0xB65B, 0xBEBC, 0xC6BC, 0xA5B8, 0x8CF5, 0x9DB8, 0x8CF6, 0x84D4, 0xC6BB, 0xF7DF, 0xF7BF, 0xF7BF,
  0xF7DF, 0xF79E, 0xDEDB, 0xD69A, 0xE6FB, 0xEF3C, 0xEF1C, 0xEF1C, 0xEEFB, 0xEF1C, 0xEEFC, 0xEF1C, 0xDE9A, 0xCDF8, 0xE69B, 0xD619,
  0xC5B7, 0xC597, 0xC596, 0xC576, 0xC576, 0xBD76, 0xBD76, 0xBD76, 0xC576, 0xC576, 0xC576, 0xC556, 0xC556, 0xBD55, 0xBD55, 0xBD55,
  0xBD55, 0xBD55, 0xBD55, 0xBD55, 0xBD55, 0xBD55, 0xBD35, 0xBD35, 0xC555, 0xC555, 0xBD35, 0xBD35, 0xBD35, 0xBD35, 0xCD76, 0xD5D7,
  0xDE38, 0xE69A, 0xEEDB, 0xE6BA, 0xC5D6, 0xA4D2, 0xA4F3, 0x9CB1, 0x9CB1, 0x94D0, 0x7BED, 0x844E, 0x94D0, 0x94CF, 0x94AF, 0x948E,
  0x948E, 0x948E, 0x948E, 0x948E, 0x8C6D, 0x8C6D, 0x8C6D, 0x8C4C, 0x8C2C, 0x8C2C, 0x8C2C, 0x840C, 0x840B, 0x840B, 0x840B, 0x83EB,
  0x83EB, 0x83EB, 0x83CA, 0x7BCA, 0x7BCA, 0x7BAA, 0x7BAA, 0x7B89, 0x7B89, 0x7B8A, 0x7B8A, 0x7B89, 0x7B89, 0x7B89, 0x7369, 0x7369,
  0x7369, 0x7349, 0x7349, 0x7349, 0x7348, 0x7348, 0x7328, 0x7328, 0x7328, 0x7328, 0x6B28, 0x6B08, 0x6B08, 0x6B08, 0x6B08, 0x6AE8,
  0x6AE8, 0x62E8, 0x62C7, 0x62C7, 0x62C7, 0x62C7, 0x62A7, 0x62A7, 0x5AA6, 0x5AA6, 0x5A86, 0x5A86, 0x5A86, 0x5A86, 0x5266, 0x5246,
  0x5245, 0x5225, 0x4A25, 0x4A05, 0x5225, 0x62A7, 0x62C7, 0x62C7, 0x62C7, 0x62C7, 0x62C7, 0x62C7, 0x62C7, 0x62C7, 0x62C7, 0x62C7,
  0x62C7, 0x62C7, 0x62C7, 0x62C7, 0x62C7, 0x62C7, 0x62C7, 0x62C7, 0x62C7, 0x62C7, 0x62C7, 0x62C7, 0x62A7, 0x5AA6, 0x5AA6, 0x5AA6,
  0x5AA6, 0x5A86, 0x5A86, 0x5A86, 0x5A66, 0x5266, 0x5265, 0x5245, 0x5245, 0x4A25, 0x5225, 0x62C7, 0x6AE7, 0x6AE7, 0x6B07, 0x6B07,
  0x7308, 0x7328, 0x7328, 0x7328, 0x7328, 0x7349, 0x7349, 0x7B69, 0x7389, 0x7389, 0x7BA9, 0x7BA9, 0x83CA, 0x83C9, 0x7BC9, 0x840A,
  0x7BCC, 0x632A, 0x630B, 0x6B0C, 0x6ACC, 0x6ACC, 0x72AB, 0x7A8B, 0x724A, 0x72AA, 0xB4CF, 0xB4CD, 0xDDD0, 0xCD0D, 0xB46A, 0xAC6A,
  0xB46A, 0xBC8A, 0xBC8B, 0xB46A, 0xB46A, 0xB46A, 0xB48B, 0xBC8B, 0xAC2A, 0x9367, 0xA409, 0xC50D, 0xD5D1, 0x72E8, 0x3945, 0x3987,
  0x3986, 0x3966, 0x3987, 0x3986, 0x3166, 0x2925, 0x2925, 0x2925, 0x2925, 0x3145, 0x3145, 0x3145, 0x3145, 0x3145, 0x2925, 0x3166,
  0x39A6, 0x39A7, 0x3987, 0x3987, 0x3987, 0x5229, 0x4A28, 0x62CA, 0xAD10, 0xC5D2, 0xC591, 0xC5B1, 0xC5B0, 0xC5B1, 0xC5B1, 0xC5D1,
  0xD71D, 0xC6BC, 0xB63A, 0xA5D9, 0x9D99, 0x9578, 0x9D99, 0xA5D9, 0xBE7B, 0xDF3E, 0xEFDF, 0xF7DF, 0xF7DF, 0xF7BE, 0xF7BE, 0xFFBE,
  0xF7DF, 0xF7BF, 0xF7BF, 0xF7DF, 0xE75E, 0xCEBC, 0xAE3A, 0x9577, 0xBE7B, 0xEFDF, 0xF7BE, 0xF7BE, 0xF7DF, 0xF7DF, 0xF7DF, 0xF7DE,
  0xF7DF, 0xF7DF, 0xF7DF, 0xF7DF, 0xF7DF, 0xF7DF, 0xF7DF, 0xF7DF, 0xF7BE, 0xF7BE, 0xF7BF, 0xF7BF, 0xF7DF, 0xEFDF, 0xEF9F, 0xD73D,
  0xC69B, 0xADF9, 0x9557, 0x8D16, 0x84F6, 0x8D36, 0xA5B8, 0x9D56, 0x84F5, 0x9DB8, 0x84F6, 0x84D4, 0xC6BB, 0xF7FF, 0xF7BE, 0xFFBF,
  0xEF5D, 0xD69A, 0xDEDB, 0xEF3C, 0xEF3C, 0xEF1C, 0xEEFC, 0xEEFB, 0xEF1C, 0xEEFC, 0xE6BB, 0xD639, 0xBD76, 0xDE5A, 0xC5B7, 0xBD77,
  0xC596, 0xC596, 0xC576, 0xC576, 0xC576, 0xC576, 0xC576, 0xC576, 0xC576, 0xC575, 0xC575, 0xC555, 0xBD55, 0xBD55, 0xBD55, 0xBD55,
  0xBD55, 0xBD55, 0xBD35, 0xBD35, 0xBD35, 0xBD35, 0xBD35, 0xBD35, 0xBD35, 0xBD35, 0xBD35, 0xBD35, 0xBD35, 0xBD35, 0xBD35, 0xBD14,
  0xBD34, 0xC575, 0xD5F7, 0xE679, 0xEEDB, 0xE69A, 0xC596, 0x9C71, 0x9470, 0xA4F2, 0x7BED, 0x844E, 0x94D0, 0x94CF, 0x94AF, 0x94AE,
  0x948E, 0x948E, 0x948E, 0x946E, 0x8C6D, 0x8C6D, 0x8C6D, 0x8C4C, 0x8C4C, 0x8C2C, 0x8C2C, 0x8C2C, 0x840C, 0x840C, 0x840B, 0x840B,
  0x83EB, 0x83EB, 0x83CA, 0x83CA, 0x83CA, 0x7BCA, 0x7BAA, 0x7B89, 0x7BAA, 0x7BAA, 0x7BAA, 0x7B89, 0x7B89, 0x7B89, 0x7B89, 0x7369,
  0x7B69, 0x7369, 0x7369, 0x7349, 0x7348, 0x7349, 0x7348, 0x7328, 0x7328, 0x7329, 0x7328, 0x6B08, 0x6B08, 0x6B08, 0x6B08, 0x6AE8,
  0x6AE8, 0x6AE8, 0x62E8, 0x62C7, 0x62C7, 0x62C7, 0x62C7, 0x62A7, 0x62A6, 0x5AA6, 0x5AA6, 0x5A86, 0x5A86, 0x5A86, 0x5266, 0x5266,
  0x5245, 0x5245, 0x5225, 0x4A25, 0x5225, 0x62A7, 0x62C7, 0x62C6, 0x62C7, 0x62C7, 0x62C7, 0x62C7, 0x62C7, 0x62C7, 0x62C7, 0x62C7,
  0x62C7, 0x62C7, 0x62C7, 0x62C7, 0x62C7, 0x62C7, 0x62C7, 0x62C7, 0x62C7, 0x62C7, 0x62C7, 0x62C7, 0x62C7, 0x62A7, 0x5AA6, 0x5AA6,
  0x5AA6, 0x5AA6, 0x5A86, 0x5A86, 0x5A86, 0x5A66, 0x5266, 0x5246, 0x5245, 0x5225, 0x5225, 0x62C7, 0x6B08, 0x6AE7, 0x6B07, 0x7307,
  0x7328, 0x7328, 0x7328, 0x7328, 0x7348, 0x7349, 0x7B49, 0x7B69, 0x7B89, 0x7BA9, 0x838A, 0x838A, 0x8B8A, 0x8BAA, 0x8BAB, 0x836A,
  0x6AA9, 0x6AA9, 0x6A8A, 0x6A6A, 0x7A8C, 0x7A6B, 0x824A, 0x7A29, 0x7A69, 0xBCF1, 0xC550, 0xBD2E, 0xB4AB, 0xC4EC, 0xCD2E, 0xB48C,
  0xB48B, 0xB46B, 0xB46B, 0xB48B, 0xB48C, 0xB48B, 0xAC4A, 0x9BA8, 0x9367, 0xAC4A, 0xB48B, 0xC52F, 0xACAE, 0x41A4, 0x3145, 0x3166,
  0x3966, 0x3166, 0x3125, 0x2925, 0x3145, 0x3986, 0x41C7, 0x49E8, 0x4A08, 0x4A08, 0x49E8, 0x41E8, 0x41C7, 0x41A7, 0x3986, 0x3145,
  0x3166, 0x3986, 0x3987, 0x39A7, 0x3986, 0x39A7, 0x526A, 0x4A29, 0x62C9, 0xACD0, 0xC5D3, 0xC5B2, 0xC5B1, 0xC5B1, 0xC5D1, 0xC5D1,
  0xEF9F, 0xE77E, 0xD71D, 0xC6BC, 0xB65B, 0xADD9, 0xA5B8, 0x9D98, 0x9599, 0x9DD9, 0xB65B, 0xD71E, 0xE79F, 0xF7DF, 0xFFDE, 0xF7BE,
  0xF7BF, 0xF7DF, 0xF7BE, 0xF7DF, 0xE75D, 0xCEBC, 0xAE1A, 0x9557, 0xBE7B, 0xEFDF, 0xF7BE, 0xF7BE, 0xF7DF, 0xF7DF, 0xF7DF, 0xF7DE,
  0xF7DF, 0xF7DF, 0xF7DF, 0xF7DF, 0xF7DF, 0xF7DF, 0xF7DF, 0xF7DF, 0xF7BE, 0xF7BE, 0xF7BF, 0xF7BF, 0xF7DF, 0xF7DF, 0xEFDF, 0xEFBF,
  0xE79E, 0xDF3D, 0xC69B, 0xADD8, 0x9536, 0x8CF5, 0x8CD4, 0x84D4, 0x84F5, 0x9DB8, 0x84F6, 0x84B4, 0xC69A, 0xEFDE, 0xFFDF, 0xE71C,
  0xCE7A, 0xE71C, 0xEF3D, 0xEF1C, 0xEF1C, 0xEEFC, 0xEF1C, 0xEF1C, 0xE6BB, 0xD639, 0xCDD7, 0xB535, 0xD619, 0xC5B7, 0xBD76, 0xC576,
  0xC576, 0xC576, 0xBD76, 0xBD76, 0xBD76, 0xBD76, 0xBD76, 0xBD56, 0xBD55, 0xBD55, 0xBD55, 0xBD55, 0xBD55, 0xBD55, 0xBD55, 0xBD35,
  0xBD35, 0xBD35, 0xBD35, 0xBD35, 0xBD35, 0xBD35, 0xBD34, 0xBD34, 0xBD34, 0xBD14, 0xBD14, 0xBD14, 0xBD14, 0xBD14, 0xBD14, 0xBD34,
  0xBD14, 0xBD14, 0xBD14, 0xBD55, 0xCDB6, 0xDE59, 0xEEBA, 0xDE58, 0xB533, 0x9C70, 0x83CD, 0x8C2E, 0x9CCF, 0x94AF, 0x9CCF, 0x94AE,
  0x94AE, 0x948E, 0x948E, 0x946E, 0x946D, 0x946D, 0x8C6D, 0x8C4C, 0x8C4C, 0x8C4C, 0x8C2C, 0x8C2C, 0x8C2C, 0x840C, 0x840B, 0x840B,
  0x83EB, 0x83EB, 0x83EB, 0x83EB, 0x83CA, 0x7BCA, 0x7BCA, 0x7BAA, 0x7BAA, 0x7BAA, 0x7BAA, 0x7BAA, 0x7B8A, 0x7B89, 0x7B89, 0x7B89,
  0x7B89, 0x7B69, 0x7B69, 0x7369, 0x7369, 0x7369, 0x7348, 0x7328, 0x7328, 0x7329, 0x7328, 0x6B28, 0x6B08, 0x6B28, 0x6B08, 0x6B08,
  0x6B08, 0x6B08, 0x6AE8, 0x6AE8, 0x62E7, 0x62C7, 0x62C7, 0x62C7, 0x62C6, 0x62A6, 0x5AA6, 0x5AA6, 0x5A86, 0x5A86, 0x5A66, 0x5266,
  0x5265, 0x5245, 0x5245, 0x4A25, 0x5225, 0x62A7, 0x62C7, 0x62C7, 0x62C7, 0x62C7, 0x62C7, 0x62C7, 0x62C7, 0x62C7, 0x62C7, 0x62C7,
  0x62E7, 0x62E7, 0x62E7, 0x62E7, 0x62E7, 0x62C7, 0x62C7, 0x62C7, 0x62C7, 0x62C7, 0x62C7, 0x62C7, 0x62C7, 0x62C7, 0x62C7, 0x62C7,
  0x5AA6, 0x5AA6, 0x5AA6, 0x5A86, 0x5A86, 0x5A86, 0x5266, 0x5266, 0x5246, 0x5245, 0x5245, 0x62A7, 0x6B08, 0x6B07, 0x6B07, 0x7328,
  0x7328, 0x7328, 0x7348, 0x7348, 0x7348, 0x7B69, 0x7B69, 0x7B89, 0x7B68, 0x8389, 0x838A, 0x8B6A, 0x8B4A, 0x8AEA, 0x8ACA, 0x8249,
  0x8249, 0x8A6A, 0x92AC, 0x9AAD, 0x9A8D, 0x922B, 0x81EA, 0x79C8, 0x8AC9, 0xE5D3, 0xBD0E, 0xDE11, 0xBCEC, 0x9BA7, 0xAC0A, 0xB44B,
  0xAC4B, 0xB44B, 0xB44B, 0xAC2B, 0xA40A, 0x9BC9, 0xA42A, 0xAC6B, 0xB46B, 0xAC6B, 0xB48D, 0x8B8A, 0x51E5, 0x3964, 0x3986, 0x2945,
  0x3145, 0x3145, 0x4A29, 0x5A8A, 0x5A6A, 0x62CB, 0x62CB, 0x62EC, 0x62EC, 0x62EC, 0x62EC, 0x62EC, 0x62EC, 0x62AB, 0x62CB, 0x5A8A,
  0x4A08, 0x39A7, 0x3966, 0x3986, 0x39A7, 0x3986, 0x41A7, 0x4A28, 0x4A27, 0x5A88, 0x83CD, 0xB511, 0xCDD3, 0xC5B1, 0xC5D1, 0xC5D1,
  0xF7DF, 0xF7BF, 0xEFBF, 0xE77E, 0xDF3D, 0xCEDC, 0xC69B, 0xADFA, 0x9DD9, 0x9599, 0x9578, 0x9D98, 0xB61A, 0xCEDC, 0xE77F, 0xF7DF,
  0xF7DF, 0xF7DF, 0xF7BE, 0xF7DF, 0xE75E, 0xCEBC, 0xAE1A, 0x9557, 0xBE7B, 0xEFDF, 0xF7BE, 0xF7BE, 0xF7DF, 0xF7DF, 0xF7DF, 0xF7DE,
  0xF7DF, 0xF7DF, 0xF7DF, 0xF7DF, 0xF7DF, 0xF7DF, 0xF7DF, 0xF7DF, 0xF7BE, 0xF7BF, 0xF7BF, 0xF7BF, 0xF7BF, 0xF7DF, 0xEFBF, 0xF7BF,
  0xF7BF, 0xF7BF, 0xEF9E, 0xDF3D, 0xC69B, 0xA5B8, 0x9536, 0x84D4, 0x84D4, 0x9DB8, 0x84F5, 0x7CB3, 0xC69A, 0xF7FF, 0xDEDB, 0xD67A,
  0xE71C, 0xEF3C, 0xEF1C, 0xEF1C, 0xEF1C, 0xEF1C, 0xEEDB, 0xD639, 0xC5D7, 0xC5B7, 0xBD55, 0xC5B7, 0xCDD8, 0xBD76, 0xBD76, 0xBD76,
  0xBD76, 0xBD76, 0xBD76, 0xBD76, 0xBD55, 0xBD55, 0xBD55, 0xBD55, 0xBD55, 0xBD35, 0xBD35, 0xBD35, 0xBD35, 0xBD35, 0xBD35, 0xBD35,
  0xBD35, 0xBD34, 0xBD34, 0xBD14, 0xBD34, 0xBD34, 0xBD14, 0xBD14, 0xBD14, 0xBD14, 0xBD14, 0xBD14, 0xBD14, 0xBD14, 0xBD14, 0xBD14,
  0xBCF4, 0xC514, 0xBD14, 0xBD14, 0xBD14, 0xBD14, 0xCD96, 0xE659, 0xEEBA, 0xCDF6, 0x942F, 0x83ED, 0x9CAF, 0x9CCF, 0x9CCF, 0x9CCE,
  0x9CAE, 0x948E, 0x948E, 0x946E, 0x946D, 0x946D, 0x8C6D, 0x8C4D, 0x8C4D, 0x8C4C, 0x8C4C, 0x8C2C, 0x8C2C, 0x8C2C, 0x840C, 0x840C,
  0x840B, 0x83EB, 0x83EB, 0x83EB, 0x83CA, 0x7BCA, 0x83CA, 0x7BCA, 0x7BAA, 0x7BAA, 0x7BAA, 0x7BAA, 0x7BAA, 0x7B8A, 0x7B89, 0x7B89,
  0x7B89, 0x7B89, 0x7B69, 0x7B69, 0x7369, 0x7369, 0x7349, 0x7348, 0x7349, 0x7349, 0x7349, 0x7328, 0x6B28, 0x6B28, 0x6B28, 0x6B08,
  0x6B08, 0x6B08, 0x6B08, 0x6AE8, 0x6AE7, 0x62C7, 0x62C7, 0x62C7, 0x62C7, 0x62C6, 0x5AA6, 0x5AA6, 0x5AA6, 0x5A86, 0x5A86, 0x5A66,
  0x5266, 0x5246, 0x5246, 0x5225, 0x5225, 0x62A7, 0x62E7, 0x62C7, 0x62C7, 0x62C7, 0x62C7, 0x62C7, 0x62C7, 0x62C7, 0x62C7, 0x62C7,
  0x6AE7, 0x6AE7, 0x6AE7, 0x6AE7, 0x6AE7, 0x62E7, 0x62E7, 0x62E7, 0x62E7, 0x62E7, 0x62C7, 0x62C7, 0x62C7, 0x62C7, 0x62C7, 0x62C7,
  0x62A6, 0x5AA6, 0x5AA6, 0x5AA6, 0x5A86, 0x5A86, 0x5A86, 0x5266, 0x5266, 0x5246, 0x5245, 0x62A6, 0x6B08, 0x6B08, 0x7328, 0x7328,
  0x7328, 0x7328, 0x7348, 0x7348, 0x7B68, 0x7B68, 0x7B69, 0x7B89, 0x7B88, 0x8389, 0x838A, 0x72C8, 0x7A89, 0x8ACB, 0x9AAC, 0x9AAC,
  0xA2CC, 0xAACD, 0xAA8D, 0x9A0C, 0x91AA, 0x89AA, 0x81A9, 0x81C9, 0x8207, 0xC490, 0xC530, 0xC52E, 0xBCCC, 0xB46A, 0xA3A8, 0x9B88,
  0xA3A8, 0xA3A8, 0xA3A8, 0x9BA8, 0x9BC8, 0xBCCC, 0xEE52, 0xD56F, 0xB48B, 0xB4AD, 0xA44D, 0x49A4, 0x3944, 0x3965, 0x3166, 0x4208,
  0x526A, 0x62CB, 0x736E, 0x734D, 0x62EC, 0x62EC, 0x62CB, 0x62CB, 0x62EC, 0x62EC, 0x62EC, 0x62EC, 0x62CB, 0x62CB, 0x62EC, 0x62EC,
  0x6AEC, 0x62CB, 0x5249, 0x41E8, 0x3987, 0x3966, 0x3166, 0x3986, 0x3986, 0x39A6, 0x41C6, 0x5A68, 0x9C4E, 0xCDD3, 0xC5B1, 0xCDF1,
  0xF7BE, 0xF7DE, 0xF7DF, 0xF7DF, 0xF7BF, 0xEF9F, 0xDF3E, 0xD6FD, 0xC69B, 0xB61A, 0xA5B8, 0x9D98, 0x9577, 0x9D98, 0xA5FA, 0xBEBC,
  0xDF5E, 0xF7DF, 0xF7DF, 0xF7DF, 0xE77E, 0xCEBC, 0xAE1A, 0x9537, 0xBE7B, 0xEFDF, 0xF7BE, 0xF7BE, 0xF7DF, 0xF7DF, 0xF7DF, 0xF7DE,
  0xF7DF, 0xF7DF, 0xF7DF, 0xF7DF, 0xF7DF, 0xF7DF, 0xF7DF, 0xF7DF, 0xF7BF, 0xF7BF, 0xF7BF, 0xF7BF, 0xF7BF, 0xF7DF, 0xF7BF, 0xF7BF,
  0xF7BE, 0xF7BE, 0xF7BF, 0xF7DF, 0xEF9E, 0xC69B, 0xADF9, 0x9536, 0x84D4, 0x9DB8, 0x84D5, 0x7C93, 0xBE59, 0xDEFB, 0xD67A, 0xEF1D,
  0xEF1C, 0xEF1C, 0xEF1C, 0xEF1C, 0xEEFC, 0xDE7A, 0xCDD7, 0xC597, 0xC597, 0xBD96, 0xB535, 0xCDD7, 0xBD76, 0xC576, 0xC576, 0xBD76,
  0xC556, 0xBD55, 0xBD55, 0xBD55, 0xBD55, 0xBD55, 0xBD35, 0xBD35, 0xBD35, 0xBD35, 0xBD35, 0xBD35, 0xBD35, 0xBD35, 0xBD34, 0xBD34,
  0xBD14, 0xBD14, 0xBD14, 0xBD14, 0xBD14, 0xBD14, 0xBD14, 0xBD14, 0xBD14, 0xBD14, 0xBD14, 0xBD14, 0xBD14, 0xBD14, 0xBD14, 0xBD14,
  0xBCF4, 0xBCF4, 0xBCF4, 0xBD14, 0xBD14, 0xBD14, 0xBCF4, 0xBD14, 0xCD96, 0xE679, 0xE678, 0xB533, 0x944F, 0x9C8F, 0x9CCF, 0x9CAF,
  0x9CAF, 0x948E, 0x948E, 0x946E, 0x946D, 0x946D, 0x946D, 0x946D, 0x946D, 0x8C4C, 0x8C4C, 0x8C2C, 0x8C2C, 0x8C2C, 0x8C2C, 0x840C,
  0x840B, 0x83EB, 0x83EB, 0x83EB, 0x83EB, 0x83EB, 0x83CA, 0x7BCA, 0x83CA, 0x83CA, 0x7BAA, 0x7BAA, 0x7BAA, 0x7BAA, 0x7B89, 0x7B89,
  0x7B89, 0x7B89, 0x7B69, 0x7B69, 0x7B69, 0x7B69, 0x7369, 0x7369, 0x7349, 0x7349, 0x7348, 0x7348, 0x7328, 0x7348, 0x7328, 0x6B28,
  0x6B08, 0x6B08, 0x6B08, 0x6B08, 0x6AE7, 0x6AE7, 0x62C7, 0x62C7, 0x62C7, 0x62C7, 0x62C7, 0x5AA6, 0x5AA6, 0x5AA6, 0x5A86, 0x5A66,
  0x5266, 0x5246, 0x5246, 0x5225, 0x4A25, 0x5AA7, 0x62E7, 0x62E7, 0x62E7, 0x62E7, 0x62E7, 0x62E7, 0x62E7, 0x62E7, 0x6AE7, 0x6AE7,
  0x6AE8, 0x6AE8, 0x6AE8, 0x6AE8, 0x6AE7, 0x6AE7, 0x6AE7, 0x6AE7, 0x62E7, 0x62E7, 0x62E7, 0x62E7, 0x62C7, 0x62C7, 0x62C7, 0x62C7,
  0x62C7, 0x62A6, 0x5AA6, 0x5AA6, 0x5AA6, 0x5A86, 0x5A86, 0x5A66, 0x5266, 0x5266, 0x5245, 0x5A86, 0x6B08, 0x7308, 0x7328, 0x7328,
  0x7348, 0x7348, 0x7348, 0x7B48, 0x7B68, 0x7B69, 0x7B89, 0x7B89, 0x7BA9, 0x7BCA, 0x83AB, 0x6268, 0x6A28, 0x8AAB, 0x9AAD, 0xA2AD,
  0xA2AD, 0xA26C, 0x91EA, 0x89A9, 0x89AA, 0x89AA, 0x81C9, 0x81C9, 0x81A8, 0x7A08, 0x9309, 0xA3EB, 0xA3E9, 0xB44A, 0xC4AC, 0xBC8B,
  0xB44A, 0xB44A, 0xB44A, 0xBC8B, 0xBCAB, 0xC4ED, 0xD56E, 0xC52E, 0x93A9, 0x6AC7, 0x5A26, 0x3944, 0x4187, 0x4A09, 0x5AAB, 0x62EC,
  0x62EC, 0x6AEC, 0x62CB, 0x62CC, 0x6B0D, 0x734D, 0x736E, 0x7B6E, 0x7B8E, 0x6AEC, 0x4A08, 0x41E8, 0x41E8, 0x41E8, 0x49E8, 0x4A08,
  0x4A29, 0x526A, 0x5A8B, 0x5AAB, 0x5A8B, 0x5249, 0x41C7, 0x3166, 0x3967, 0x3987, 0x3987, 0x3986, 0x4A06, 0xA4D0, 0xCDF3, 0xC5D1,
  0xF7DF, 0xF7DE, 0xF7DE, 0xF7BE, 0xF7BF, 0xF7DF, 0xF7BF, 0xEFBF, 0xE77E, 0xDF1C, 0xCE9B, 0xB63A, 0xA5D9, 0x9D98, 0x9578, 0x8D78,
  0xA5B8, 0xBE5A, 0xDF3D, 0xEFDF, 0xE77F, 0xC6BC, 0xAE1A, 0x9537, 0xBE5A, 0xEFDF, 0xF7BE, 0xF7BE, 0xF7DF, 0xF7DF, 0xF7DF, 0xF7DE,
  0xF7DF, 0xF7DF, 0xF7DF, 0xF7DF, 0xF7DF, 0xF7DF, 0xF7DF, 0xF7DF, 0xF7BF, 0xF7BF, 0xF7BF, 0xF7BF, 0xF7BF, 0xF7BF, 0xF7BF, 0xF7BE,
  0xF7BE, 0xF7BE, 0xF7BE, 0xF7BF, 0xF7DF, 0xD6FC, 0xBE5A, 0x9D77, 0x84D4, 0x9D77, 0x8CD5, 0x7C73, 0xA555, 0xD69A, 0xEF1C, 0xEF1C,
  0xEF1C, 0xEEFC, 0xEF1C, 0xE6DB, 0xD619, 0xC597, 0xC597, 0xC597, 0xC5B7, 0xB515, 0xBD76, 0xC597, 0xBD76, 0xC576, 0xBD56, 0xC556,
  0xBD55, 0xBD55, 0xBD55, 0xBD55, 0xBD55, 0xBD55, 0xBD55, 0xBD35, 0xBD35, 0xBD35, 0xBD35, 0xBD35, 0xBD34, 0xBD34, 0xBD34, 0xBD14,
  0xBD14, 0xBD14, 0xBD14, 0xBD14, 0xBD14, 0xBD14, 0xBD14, 0xBD14, 0xBD14, 0xBD14, 0xBD14, 0xBCF4, 0xBCF4, 0xBCF4, 0xBCF4, 0xBCF4,
  0xBCF4, 0xBCF4, 0xBCF4, 0xBCF4, 0xBCF4, 0xBCF4, 0xBCF4, 0xBCF4, 0xBCF4, 0xBD14, 0xD5B6, 0xE679, 0xD5F6, 0xA490, 0x944F, 0x9CB0,
  0x9CAF, 0x9CAE, 0x948E, 0x948E, 0x948E, 0x946D, 0x946D, 0x946D, 0x946D, 0x946D, 0x8C4C, 0x8C4C, 0x8C4C, 0x8C2C, 0x8C2C, 0x8C2C,
  0x8C0B, 0x840B, 0x83EB, 0x83EB, 0x83EB, 0x83EB, 0x83CA, 0x83CA, 0x83CA, 0x83CA, 0x7BAA, 0x7BAA, 0x7BAA, 0x7BAA, 0x7BAA, 0x7B89,
  0x7B89, 0x7B89, 0x7B89, 0x7B89, 0x7B89, 0x7B69, 0x7B69, 0x7369, 0x7369, 0x7369, 0x7348, 0x7348, 0x7348, 0x7348, 0x7348, 0x7328,
  0x6B28, 0x6B08, 0x6B08, 0x6B08, 0x6AE7, 0x6AE7, 0x62E7, 0x62C7, 0x62C7, 0x62C7, 0x62C7, 0x62A7, 0x5AA7, 0x5AA7, 0x5A86, 0x5A86,
  0x5A66, 0x5266, 0x5246, 0x5225, 0x4A25, 0x5AA7, 0x62E7, 0x62E7, 0x6AE7, 0x6AE7, 0x6AE7, 0x6AE7, 0x6AE7, 0x6AE7, 0x6AE8, 0x6AE8,
  0x6AE8, 0x6AE8, 0x6AE8, 0x6AE8, 0x6AE8, 0x6AE8, 0x6AE8, 0x6AE8, 0x6AE7, 0x62E7, 0x62E7, 0x62E7, 0x62E7, 0x62E7, 0x62C7, 0x62C7,
  0x62C7, 0x62C7, 0x62A7, 0x5AA6, 0x5AA7, 0x5AA6, 0x5A86, 0x5A66, 0x5A66, 0x5266, 0x5245, 0x5A86, 0x6B08, 0x7328, 0x7328, 0x7328,
  0x7348, 0x7348, 0x7B49, 0x7B69, 0x7B69, 0x7B69, 0x7B6A, 0x83AA, 0x7BAB, 0x734A, 0x5A88, 0x5228, 0x7ACB, 0x7A2A, 0x924C, 0xAAAD,
  0x9A4C, 0x89EA, 0x81A9, 0x81C9, 0x81C9, 0x79E9, 0x79C9, 0x7988, 0x7148, 0x7167, 0x6145, 0x8247, 0xABAB, 0xABCB, 0xA3CA, 0xAC2B,
  0xBCAC, 0xB48B, 0xB48C, 0xAC6C, 0x8B88, 0x8B68, 0x9BEA, 0x8369, 0x49A4, 0x3102, 0x3965, 0x5209, 0x62AC, 0x6B0D, 0x62EC, 0x62EC,
  0x62EC, 0x62EC, 0x6B0C, 0x7BAF, 0x8BF0, 0x83CF, 0x7B8E, 0x736E, 0x736E, 0x5A8A, 0x3986, 0x3986, 0x3986, 0x3166, 0x3166, 0x3166,
  0x3966, 0x3986, 0x39A7, 0x41C7, 0x4A08, 0x5A8A, 0x5AAB, 0x524A, 0x41A7, 0x3167, 0x3987, 0x3987, 0x3985, 0x6B2A, 0xC5D3, 0xC5F2,
  0xF7DF, 0xF7DF, 0xF7DE, 0xF7BE, 0xF7BE, 0xF7BF, 0xF7DF, 0xF7DF, 0xF7BF, 0xF7BF, 0xEF7E, 0xDF3D, 0xCEDC, 0xB63A, 0xA5D9, 0x9D98,
  0x9578, 0x9557, 0x9D78, 0xB63A, 0xC6BB, 0xC69C, 0xA5F9, 0x8D57, 0xB65A, 0xEFDF, 0xF7BE, 0xF7BE, 0xF7DF, 0xF7DF, 0xF7DF, 0xF7DE,
  0xF7DF, 0xF7DF, 0xF7DF, 0xF7DF, 0xF7DF, 0xF7DF, 0xF7DF, 0xF7DF, 0xF7BF, 0xF7BF, 0xF7BF, 0xF7BF, 0xF7BF, 0xF7BE, 0xF7BE, 0xF7BE,
  0xF7BE, 0xF7BF, 0xF7BE, 0xF7BE, 0xF7BF, 0xD6FC, 0xC67A, 0x9D76, 0x84B3, 0x9D77, 0x84B4, 0x8473, 0xC659, 0xEF3C, 0xEEFC, 0xEEFC,
  0xEEFC, 0xEEFC, 0xE69A, 0xCDD7, 0xC596, 0xC597, 0xC597, 0xC577, 0xBD56, 0xB4F4, 0xC597, 0xBD76, 0xBD56, 0xBD55, 0xBD55, 0xBD55,
  0xBD55, 0xBD55, 0xBD35, 0xBD35, 0xBD35, 0xBD35, 0xBD35, 0xBD35, 0xBD34, 0xBD34, 0xBD34, 0xBD34, 0xBD34, 0xBD34, 0xBD34, 0xBD14,
  0xBD14, 0xBD14, 0xBD14, 0xBD14, 0xBD14, 0xBD14, 0xBD14, 0xBD13, 0xBD14, 0xBD14, 0xBD13, 0xBCF3, 0xBCF3, 0xBCF3, 0xBCF3, 0xBCF3,
  0xBCF4, 0xBCF4, 0xBCF4, 0xBCF4, 0xBCF4, 0xBCF3, 0xBCF3, 0xBCF3, 0xBCF3, 0xBCF3, 0xBCF3, 0xC534, 0xDE17, 0xDE58, 0xB513, 0x944F,
  0x9C8F, 0x9CAF, 0x9CAE, 0x948E, 0x948E, 0x948E, 0x946D, 0x946D, 0x946D, 0x946D, 0x8C4D, 0x8C4C, 0x8C4C, 0x8C4C, 0x8C2C, 0x8C2C,
  0x8C0B, 0x8C0B, 0x840B, 0x83EB, 0x83EB, 0x83EB, 0x83EB, 0x83CA, 0x83CA, 0x83CA, 0x83CA, 0x7BCA, 0x83CA, 0x7BAA, 0x7BAA, 0x7BAA,
  0x7B89, 0x7B89, 0x7B89, 0x7B89, 0x7B89, 0x7B89, 0x7B69, 0x7B69, 0x7369, 0x7369, 0x7349, 0x7348, 0x7348, 0x7348, 0x7348, 0x7328,
  0x7328, 0x6B28, 0x6B08, 0x6B08, 0x6B07, 0x6B07, 0x6AE7, 0x62E7, 0x62E7, 0x62C7, 0x62C7, 0x62C7, 0x62C7, 0x5AA7, 0x5A86, 0x5A86,
  0x5A86, 0x5266, 0x5266, 0x5245, 0x5225, 0x5A86, 0x6AE7, 0x62E7, 0x6AE8, 0x6AE8, 0x6AE8, 0x6AE8, 0x6AE8, 0x6AE8, 0x6AE8, 0x6AE8,
  0x6B08, 0x6B08, 0x6B08, 0x6B08, 0x6AE8, 0x6AE8, 0x6AE8, 0x6B08, 0x6B08, 0x6AE8, 0x6AE8, 0x62E8, 0x62E7, 0x62E7, 0x62E7, 0x62E7,
  0x62C7, 0x62C7, 0x62C7, 0x62A7, 0x5AA7, 0x5AA7, 0x5A86, 0x5A86, 0x5A66, 0x5A66, 0x5265, 0x5A66, 0x6B08, 0x7328, 0x7348, 0x7348,
  0x7348, 0x7348, 0x7B69, 0x7B69, 0x7B8A, 0x7B8A, 0x7B6A, 0x6AE9, 0x5A88, 0x5A68, 0x5249, 0x6AEC, 0x728B, 0x822A, 0xA2AC, 0x9A0A,
  0x89CA, 0x81CA, 0x79E9, 0x71E9, 0x69C8, 0x69A8, 0x6947, 0x6106, 0x7148, 0x79C9, 0x81E9, 0x81C7, 0x81E7, 0x8228, 0x69E6, 0x59E6,
  0x8B8A, 0x9C2C, 0x93CC, 0x6AA7, 0x4184, 0x4184, 0x41A5, 0x3964, 0x3965, 0x4A08, 0x62CB, 0x6B0D, 0x62CC, 0x5A6A, 0x5A8B, 0x6AEC,
  0x62EC, 0x5A8A, 0x4A29, 0x526A, 0x62EC, 0x6B2D, 0x6B0C, 0x6B0D, 0x6B2D, 0x62EC, 0x41C7, 0x3986, 0x3986, 0x3986, 0x3986, 0x3986,
  0x3987, 0x3987, 0x3986, 0x3986, 0x3966, 0x3986, 0x41C8, 0x5229, 0x5A6A, 0x49E8, 0x3167, 0x3987, 0x3986, 0x41E6, 0xB551, 0xCE13,
  0xEFDF, 0xF7DF, 0xF7DF, 0xF7BE, 0xF7BE, 0xF7BE, 0xF7BE, 0xF7BF, 0xF7BF, 0xF7DF, 0xF7DF, 0xEFBF, 0xE77E, 0xDF5E, 0xCEDC, 0xBE7A,
  0xA5FA, 0x9D99, 0x9557, 0x9536, 0x9556, 0x9D98, 0x9D98, 0x8D37, 0xB65A, 0xEFDF, 0xF7DE, 0xF7BE, 0xF7DF, 0xF7DF, 0xF7DE, 0xF7DE,
  0xF7DE, 0xF7DE, 0xF7DF, 0xF7DF, 0xF7DF, 0xF7DF, 0xF7DF, 0xF7DF, 0xF7BF, 0xF7BF, 0xF7DF, 0xF7BF, 0xF7BE, 0xF7BE, 0xF7BE, 0xF7BE,
  0xF7BF, 0xF7BF, 0xF7BF, 0xF7BE, 0xF7BE, 0xD6DB, 0xC67A, 0x9D76, 0x8493, 0x9D57, 0x8C94, 0xBE3A, 0xEF5D, 0xEF1C, 0xF6FC, 0xF6FC,
  0xEEFB, 0xDE79, 0xC5B6, 0xC596, 0xC596, 0xC576, 0xBD76, 0xC597, 0xB4F5, 0xB536, 0xBD76, 0xBD56, 0xBD56, 0xBD55, 0xBD55, 0xBD55,
  0xBD35, 0xBD35, 0xBD35, 0xBD35, 0xBD35, 0xBD35, 0xBD35, 0xBD35, 0xBD34, 0xBD34, 0xBD34, 0xBD34, 0xBD14, 0xBD14, 0xBD14, 0xBD14,
  0xBD14, 0xBD14, 0xBD14, 0xBD14, 0xBD14, 0xBD14, 0xBD13, 0xBD13, 0xBD13, 0xBD13, 0xBCF3, 0xBCF3, 0xBCF3, 0xBCF3, 0xBCF3, 0xBCF3,
  0xBCF4, 0xBCF4, 0xBCF4, 0xBCF4, 0xBCF4, 0xBCF4, 0xBCF3, 0xBCF3, 0xB4F3, 0xBCF3, 0xBCF3, 0xBCF3, 0xBCF3, 0xC575, 0xDE59, 0xC595,
  0x9C6F, 0x9C8E, 0x9CAF, 0x9C8E, 0x9C8E, 0x948E, 0x946D, 0x946D, 0x946D, 0x946D, 0x946D, 0x8C4D, 0x8C4D, 0x8C4C, 0x8C4C, 0x8C2C,
  0x8C2C, 0x8C0B, 0x840B, 0x840B, 0x83EB, 0x83EB, 0x83EB, 0x83CA, 0x83CA, 0x83CA, 0x83CA, 0x83CA, 0x83CA, 0x83AA, 0x7BAA, 0x7BAA,
  0x7BAA, 0x7B8A, 0x7B89, 0x7B89, 0x7B89, 0x7B89, 0x7B89, 0x7B69, 0x7B69, 0x7369, 0x7369, 0x7369, 0x7348, 0x7348, 0x7348, 0x7348,
  0x7328, 0x7328, 0x6B28, 0x6B28, 0x6B07, 0x6B07, 0x6AE7, 0x6AE7, 0x62E7, 0x62E7, 0x62C7, 0x62C7, 0x62C7, 0x5AA7, 0x5A86, 0x5A86,
  0x5A86, 0x5A66, 0x5266, 0x5246, 0x5225, 0x5A86, 0x6AE7, 0x62E7, 0x6AE8, 0x6AE8, 0x6AE8, 0x6AE8, 0x6AE8, 0x6B08, 0x6B08, 0x6B08,
  0x6B08, 0x6B08, 0x6B08, 0x6B08, 0x6B08, 0x6B08, 0x6B08, 0x6B08, 0x6B08, 0x6B08, 0x6B08, 0x6B08, 0x6AE8, 0x62E7, 0x62E7, 0x62E7,
  0x62E7, 0x62C7, 0x62C7, 0x62C7, 0x62C7, 0x5AA7, 0x5A86, 0x5A86, 0x5A86, 0x5A66, 0x5266, 0x5A66, 0x6B28, 0x7328, 0x7348, 0x7348,
  0x7368, 0x7B69, 0x7B8A, 0x7B6A, 0x7329, 0x62C8, 0x5A47, 0x5227, 0x628A, 0x5A49, 0x6ACC, 0x6AAC, 0x726C, 0x8AAC, 0x8A0A, 0x8188,
  0x7989, 0x6968, 0x5967, 0x5166, 0x5146, 0x5946, 0x6988, 0x79A9, 0x81EA, 0x81C9, 0x81A9, 0x81A8, 0x81A8, 0x71A8, 0x4926, 0x30E4,
  0x3123, 0x3984, 0x3965, 0x3165, 0x3986, 0x3987, 0x3187, 0x41E9, 0x5A8B, 0x6AED, 0x5ACC, 0x4A4A, 0x41E8, 0x524A, 0x62AB, 0x5229,
  0x41C7, 0x39A7, 0x3966, 0x3986, 0x39A7, 0x4A29, 0x6B0C, 0x6B2D, 0x6B2D, 0x6B2D, 0x5AAB, 0x41E8, 0x3987, 0x3986, 0x3986, 0x3986,
  0x3986, 0x3986, 0x3986, 0x3986, 0x3987, 0x3986, 0x3966, 0x3966, 0x41A7, 0x5249, 0x522A, 0x3987, 0x3186, 0x3185, 0x736B, 0xC5F4,
  0xF7DF, 0xF7DF, 0xF7DF, 0xF7DF, 0xF7DF, 0xF7BF, 0xF7BF, 0xF7DF, 0xF7DF, 0xF7BF, 0xF7BF, 0xF7DF, 0xF7DF, 0xF7BF, 0xEF9E, 0xE75D,
  0xD6FC, 0xC69B, 0xB619, 0x9D97, 0x9557, 0x8D36, 0x8D37, 0x8D17, 0x9DB8, 0xD73E, 0xEFDF, 0xF7DF, 0xF7DE, 0xF7DE, 0xF7BE, 0xFFDE,
  0xF7DE, 0xF7BE, 0xF7BE, 0xF7BE, 0xF7BE, 0xF7BE, 0xF7DF, 0xF7BF, 0xF7DF, 0xF7DF, 0xF7DF, 0xF7BE, 0xF7BE, 0xF7DF, 0xF7DF, 0xF7DF,
  0xF7DF, 0xF7DF, 0xF7DF, 0xF7DF, 0xF7BF, 0xD6DB, 0xC67A, 0x9D35, 0x8473, 0x94D4, 0xBDF8, 0xEF3D, 0xEEFC, 0xEEFB, 0xEF1C, 0xEEDB,
  0xDE39, 0xC596, 0xC596, 0xC597, 0xBD76, 0xBD76, 0xC576, 0xBD56, 0xACB3, 0xBD56, 0xBD56, 0xBD56, 0xBD55, 0xBD35, 0xBD35, 0xBD35,
  0xBD35, 0xBD35, 0xBD35, 0xBD35, 0xBD35, 0xBD35, 0xBD35, 0xBD35, 0xBD34, 0xBD14, 0xBD14, 0xBD14, 0xBD14, 0xBD14, 0xBD14, 0xBD14,
  0xBD14, 0xBD14, 0xBD14, 0xBD14, 0xBCF4, 0xBCF4, 0xBCF4, 0xBCF4, 0xBCF3, 0xBCF3, 0xBCF3, 0xBCF3, 0xBCF3, 0xBCF3, 0xBCF3, 0xBCF3,
  0xBCF3, 0xBCF3, 0xBCF3, 0xBCF3, 0xBCF3, 0xBCF3, 0xBCF3, 0xBCF3, 0xBCF3, 0xBCF3, 0xBCF3, 0xBCF3, 0xBCF3, 0xBCD3, 0xC514, 0xDDF7,
  0xD5F6, 0xA490, 0x942E, 0x9CAF, 0x9C8E, 0x948E, 0x948D, 0x946D, 0x946D, 0x946D, 0x946D, 0x944D, 0x8C4D, 0x8C4C, 0x8C4C, 0x8C4B,
  0x8C2C, 0x8C2B, 0x8C0B, 0x8C0B, 0x8C0B, 0x8C0B, 0x83EA, 0x83CA, 0x83CA, 0x83CA, 0x83CA, 0x83CA, 0x83CA, 0x83AA, 0x83AA, 0x7BAA,
  0x7BAA, 0x7BAA, 0x7B8A, 0x7B8A, 0x7B89, 0x7B89, 0x7B89, 0x7B89, 0x7B69, 0x7B69, 0x7B69, 0x7B69, 0x7369, 0x7369, 0x7348, 0x7348,
  0x7348, 0x7348, 0x7328, 0x6B28, 0x6B08, 0x6B07, 0x6B07, 0x6AE7, 0x6AE7, 0x62E7, 0x62C7, 0x62C7, 0x62C7, 0x62A7, 0x5AA6, 0x5A86,
  0x5A86, 0x5A86, 0x5266, 0x5266, 0x5245, 0x5266, 0x6AE8, 0x6B07, 0x6B08, 0x6B08, 0x6B08, 0x6B08, 0x6B08, 0x6B08, 0x6B08, 0x6B08,
  0x6B08, 0x6B08, 0x6B08, 0x6B08, 0x6B08, 0x6B08, 0x6B08, 0x6B08, 0x6B08, 0x6B08, 0x6B08, 0x6B08, 0x6AE7, 0x6AE7, 0x6AE7, 0x62E7,
  0x62E7, 0x62E7, 0x62C7, 0x62C7, 0x62C7, 0x5AA7, 0x5AA7, 0x5AA7, 0x5A87, 0x5A87, 0x5286, 0x5265, 0x6B07, 0x7348, 0x7328, 0x7348,
  0x7B69, 0x734A, 0x6AE9, 0x62A9, 0x5249, 0x5229, 0x5A8A, 0x6AEC, 0x5A8A, 0x628B, 0x6A8B, 0x6A2A, 0x7A6B, 0x6A29, 0x6209, 0x4966,
  0x4147, 0x4167, 0x4966, 0x4946, 0x5966, 0x71C8, 0x81C9, 0x81C9, 0x89A9, 0x81C9, 0x81A9, 0x79C9, 0x69C8, 0x40E5, 0x28A3, 0x20C4,
  0x2104, 0x2925, 0x3145, 0x3986, 0x3166, 0x3146, 0x4A29, 0x62CC, 0x5AAB, 0x4A29, 0x41C7, 0x39A7, 0x4A29, 0x5249, 0x39A7, 0x3986,
  0x3986, 0x3986, 0x3987, 0x3987, 0x3986, 0x3986, 0x5AAB, 0x6B2D, 0x6AEC, 0x62CB, 0x5AAB, 0x5229, 0x3987, 0x3986, 0x3986, 0x3986,
  0x3986, 0x3986, 0x3986, 0x3986, 0x3986, 0x3986, 0x3986, 0x3987, 0x3967, 0x3967, 0x41E8, 0x4A29, 0x39A7, 0x39A6, 0x3985, 0x9450,
  0xF7DF, 0xF7DF, 0xF7DF, 0xF7DF, 0xF7DF, 0xF7DF, 0xF7DF, 0xF7DF, 0xF7DF, 0xF7DF, 0xF7DF, 0xF7DF, 0xF7BF, 0xF7BF, 0xF7DF, 0xF7BE,
  0xEFBE, 0xE77E, 0xD71D, 0xC6BC, 0xAE19, 0x9D98, 0x8D37, 0x8D37, 0x8D36, 0x9D77, 0xB619, 0xD71D, 0xEF9E, 0xF7DF, 0xF7DF, 0xF7BF,
  0xF7BE, 0xF7DE, 0xF7DE, 0xF7BE, 0xF7BE, 0xF7DE, 0xF7BF, 0xF7DF, 0xF7DF, 0xF7DF, 0xF7DF, 0xF7DF, 0xF7BE, 0xF7BE, 0xEF9E, 0xEF9E,
  0xEF9E, 0xEF9E, 0xEF9E, 0xEF7E, 0xF7BF, 0xD6DB, 0xBDF8, 0xBE18, 0xBE19, 0xB5B7, 0xE6FC, 0xEF1C, 0xEEFC, 0xEEFC, 0xEEDB, 0xD639,
  0xC596, 0xC596, 0xC576, 0xC576, 0xC576, 0xBD76, 0xC576, 0xB4F4, 0xACB3, 0xC576, 0xBD55, 0xBD55, 0xBD35, 0xBD35, 0xBD35, 0xBD35,
  0xBD35, 0xBD35, 0xBD35, 0xBD35, 0xBD35, 0xBD35, 0xBD35, 0xBD34, 0xBD14, 0xBD14, 0xBD14, 0xBD14, 0xBD14, 0xBD14, 0xBD14, 0xBD14,
  0xBD14, 0xBD14, 0xBD14, 0xBD14, 0xBCF4, 0xBCF4, 0xBCF4, 0xBCF4, 0xBD14, 0xBD14, 0xBD14, 0xBD14, 0xBCF3, 0xBCF3, 0xBCF3, 0xBCF3,
  0xBCF3, 0xBCF3, 0xBCF3, 0xBCF3, 0xBCF3, 0xBCF3, 0xBCF3, 0xBCF3, 0xBCF3, 0xBCF3, 0xBCF3, 0xBCF3, 0xBCD3, 0xBCF3, 0xBCD3, 0xBCD3,
  0xCD75, 0xDE17, 0xB512, 0x942E, 0x9CAF, 0x9C8E, 0x948E, 0x948D, 0x948D, 0x946D, 0x946D, 0x946D, 0x944D, 0x8C4C, 0x8C4C, 0x8C4C,
  0x8C2C, 0x8C2C, 0x8C0B, 0x8C0B, 0x8C0B, 0x8C0B, 0x83EB, 0x83EB, 0x83EB, 0x83EB, 0x83CA, 0x83CA, 0x83CA, 0x83CA, 0x83AA, 0x83AA,
  0x83AA, 0x83AA, 0x7BAA, 0x7B8A, 0x7B8A, 0x7BAA, 0x7B89, 0x7B89, 0x7B89, 0x7B89, 0x7B89, 0x7B69, 0x7369, 0x7369, 0x7369, 0x7348,
  0x7348, 0x7348, 0x7348, 0x7328, 0x6B28, 0x6B08, 0x6B07, 0x6B07, 0x6AE8, 0x62C7, 0x62C7, 0x62C7, 0x62C7, 0x62C7, 0x62A7, 0x5AA6,
  0x5AA6, 0x5A86, 0x5A66, 0x5266, 0x5245, 0x5266, 0x6AE8, 0x6B08, 0x6B08, 0x6B08, 0x6B08, 0x6B08, 0x6B08, 0x6B08, 0x6B08, 0x6B08,
  0x6B08, 0x6B08, 0x6B08, 0x6B08, 0x6B08, 0x6B08, 0x6B08, 0x6B08, 0x6B08, 0x6B08, 0x6B08, 0x6B08, 0x6B08, 0x6AE7, 0x6AE7, 0x6AE7,
  0x6AE7, 0x6AE7, 0x62E7, 0x62E7, 0x62C7, 0x62C7, 0x5AA7, 0x5AA6, 0x5AA7, 0x5A86, 0x5A86, 0x5265, 0x6AE7, 0x7348, 0x7349, 0x7349,
  0x62E8, 0x5AA8, 0x5268, 0x4A08, 0x5229, 0x62AC, 0x6AEC, 0x5AAB, 0x62CB, 0x6AEC, 0x6AAB, 0x626A, 0x5A29, 0x6ACB, 0x4A08, 0x3986,
  0x4987, 0x4967, 0x4966, 0x61C8, 0x7A09, 0x81E9, 0x81C9, 0x89CA, 0x89A9, 0x81A9, 0x81EA, 0x6188, 0x38C4, 0x1862, 0x18C3, 0x18E4,
  0x2104, 0x3166, 0x3986, 0x3986, 0x41C7, 0x5A8A, 0x62CB, 0x5229, 0x41C7, 0x3986, 0x3986, 0x41A7, 0x41A7, 0x3986, 0x3986, 0x3986,
  0x3987, 0x3987, 0x3987, 0x3987, 0x3987, 0x3986, 0x41C8, 0x4A09, 0x524A, 0x526A, 0x5229, 0x41C7, 0x3987, 0x3986, 0x3986, 0x3986,
  0x3986, 0x3986, 0x3986, 0x3986, 0x3986, 0x3986, 0x3986, 0x3986, 0x3987, 0x3987, 0x3166, 0x41C7, 0x5229, 0x39A6, 0x41C7, 0x62EB,
  0xF7DF, 0xF7DF, 0xF7DF, 0xF7DF, 0xF7DF, 0xF7DF, 0xF7DF, 0xF7DF, 0xF7DF, 0xF7DF, 0xF7DF, 0xF7DF, 0xF7DF, 0xF7DF, 0xF7BE, 0xF7DF,
  0xF7DF, 0xF7DF, 0xEFBF, 0xE79F, 0xD6FD, 0xB65A, 0x9DB8, 0x8D16, 0x8D36, 0x8D16, 0x8D15, 0x9D56, 0xADD8, 0xCEDC, 0xE77E, 0xEFDF,
  0xF7DF, 0xF7DF, 0xEFBE, 0xF7DE, 0xF7DE, 0xF7DE, 0xFFDF, 0xF7BF, 0xF79E, 0xEF5D, 0xEF3D, 0xE71C, 0xE6FC, 0xDEFC, 0xDEDB, 0xDEDB,
  0xDEBA, 0xDEBB, 0xDEBB, 0xDEBB, 0xDEBB, 0xBDD7, 0xD69B, 0xDEFC, 0xC618, 0xDEBB, 0xEF1C, 0xEEFC, 0xEEFC, 0xEEFC, 0xD619, 0xC597,
  0xC576, 0xC576, 0xBD56, 0xC576, 0xBD56, 0xC576, 0xBD56, 0xA4B3, 0xBD35, 0xBD55, 0xBD56, 0xBD55, 0xBD35, 0xBD35, 0xBD35, 0xBD35,
  0xBD35, 0xBD35, 0xBD35, 0xBD34, 0xBD34, 0xBD14, 0xBD14, 0xBD14, 0xBD14, 0xBD14, 0xBD14, 0xBD14, 0xBD14, 0xBD14, 0xBD14, 0xBD14,
  0xBCF4, 0xBCF4, 0xBCF4, 0xBCF4, 0xBCF4, 0xBCF4, 0xBCF4, 0xBCF4, 0xBD13, 0xBD14, 0xBD14, 0xBD14, 0xBCF3, 0xBCF3, 0xBCF3, 0xBCF3,
  0xBCF3, 0xBCF3, 0xBCF3, 0xBCF3, 0xBCF3, 0xBCF3, 0xBCF3, 0xBCF3, 0xBCF3, 0xBCF3, 0xBCF3, 0xBCF3, 0xBCD3, 0xBCD3, 0xBCF3, 0xBCF3,
  0xBCD3, 0xBD13, 0xD5F7, 0xBD73, 0x944E, 0x9C8E, 0x9C8E, 0x948D, 0x948D, 0x948D, 0x946D, 0x946D, 0x946D, 0x946C, 0x8C4C, 0x8C4C,
  0x8C4C, 0x8C2C, 0x8C2C, 0x8C2B, 0x8C0B, 0x8C0B, 0x8C0B, 0x83EB, 0x83EB, 0x83EB, 0x83EB, 0x83EB, 0x83CA, 0x83CA, 0x83CA, 0x83AA,
  0x83CA, 0x83AA, 0x7BAA, 0x83AA, 0x83AA, 0x7BAA, 0x7BAA, 0x7B89, 0x7B89, 0x7B89, 0x7B89, 0x7B89, 0x7B69, 0x7B69, 0x7369, 0x7369,
  0x7349, 0x7349, 0x7348, 0x7328, 0x7328, 0x6B28, 0x6B07, 0x6B07, 0x6B08, 0x62E7, 0x62C7, 0x62C7, 0x62C7, 0x62C7, 0x62A7, 0x62A6,
  0x5AA6, 0x5A86, 0x5A86, 0x5A66, 0x5246, 0x5266, 0x62E7, 0x6B08, 0x6B08, 0x6B08, 0x6B08, 0x6B08, 0x6B08, 0x6B08, 0x6B08, 0x6B08,
  0x6B28, 0x6B28, 0x6B28, 0x6B28, 0x6B28, 0x6B28, 0x6B08, 0x6B08, 0x6B08, 0x6B08, 0x6B08, 0x6B08, 0x6B08, 0x6B08, 0x6B08, 0x6B08,
  0x6AE8, 0x6AE8, 0x6AE7, 0x62E7, 0x62C7, 0x62C7, 0x5AC6, 0x5AA6, 0x62A6, 0x5A86, 0x5A86, 0x5A65, 0x62E7, 0x7329, 0x62C8, 0x5A87,
  0x5267, 0x49E6, 0x41C7, 0x524A, 0x62EC, 0x6AEC, 0x5A8B, 0x5269, 0x6AEC, 0x62EC, 0x6B2D, 0x5269, 0x4A49, 0x5249, 0x3986, 0x4186,
  0x5146, 0x6187, 0x71E9, 0x7A0A, 0x81C9, 0x81C9, 0x89C9, 0x89AA, 0x89A9, 0x81C9, 0x6188, 0x30A4, 0x1862, 0x10A3, 0x08C3, 0x1904,
  0x2925, 0x3186, 0x3986, 0x41E8, 0x5AAB, 0x526A, 0x41A7, 0x3986, 0x3986, 0x3986, 0x3986, 0x3986, 0x3986, 0x39A6, 0x3986, 0x3986,
  0x3987, 0x3987, 0x3987, 0x3987, 0x3987, 0x3987, 0x3986, 0x3986, 0x41C7, 0x41C7, 0x3986, 0x3986, 0x3986, 0x3986, 0x3986, 0x3986,
  0x3987, 0x3987, 0x3987, 0x3987, 0x3986, 0x3986, 0x3986, 0x3986, 0x3986, 0x3986, 0x3986, 0x3966, 0x39A7, 0x4A08, 0x4A08, 0x62CB,
  0xF7DF, 0xF7DF, 0xF7DF, 0xF7DF, 0xF7DF, 0xF7DF, 0xF7DF, 0xF7DF, 0xF7DF, 0xF7DF, 0xF7DF, 0xF7DF, 0xF7BF, 0xF7DF, 0xF7BE, 0xF7DF,
  0xF7DF, 0xF7BE, 0xF7DF, 0xF7DF, 0xE75E, 0xC69B, 0xA5D8, 0x8D16, 0x9D98, 0xA5D9, 0x9D57, 0x9516, 0x9515, 0x9536, 0xA598, 0xBE9C,
  0xDF5E, 0xF7DF, 0xF7DF, 0xF7DF, 0xF7BE, 0xEF7D, 0xE71C, 0xE6DB, 0xDEDB, 0xE6DB, 0xE6FB, 0xE6FC, 0xEF1C, 0xEF3C, 0xEF3D, 0xEF3D,
  0xEF3D, 0xEF3D, 0xEF3D, 0xEF3D, 0xD659, 0xD67A, 0xDE9B, 0xB576, 0xCE38, 0xEF1C, 0xEEDB, 0xEEFC, 0xEEDB, 0xD619, 0xC597, 0xBD77,
  0xC576, 0xBD55, 0xBD76, 0xC576, 0xC576, 0xBD76, 0xB4F4, 0xACB3, 0xBD56, 0xBD35, 0xBD35, 0xBD35, 0xBD35, 0xBD35, 0xBD35, 0xBD34,
  0xBD35, 0xBD34, 0xBD34, 0xBD34, 0xBD14, 0xBD14, 0xBD14, 0xBD14, 0xBD14, 0xBD14, 0xBD14, 0xBD14, 0xBD14, 0xBD14, 0xBCF4, 0xBCF4,
  0xBCF4, 0xBCF4, 0xBCF4, 0xBCF4, 0xBCF4, 0xBCF4, 0xBCF4, 0xBCF4, 0xBCF3, 0xBCF3, 0xBCF3, 0xBCF3, 0xBCF3, 0xBCF3, 0xBCF3, 0xBCF3,
  0xBCF3, 0xBCF3, 0xBCF3, 0xBCF3, 0xBCF3, 0xBCF3, 0xBCF3, 0xBCF3, 0xBCF3, 0xBCF3, 0xBCF3, 0xBCF3, 0xBCF3, 0xBCD3, 0xBCF3, 0xBCF3,
  0xC4F4, 0xBCD3, 0xBCF3, 0xCDD6, 0xC5B4, 0x944E, 0x946E, 0x948E, 0x948D, 0x948D, 0x948D, 0x946D, 0x946D, 0x946D, 0x944C, 0x8C4C,
  0x944C, 0x8C2C, 0x8C2C, 0x8C2C, 0x8C0B, 0x8C0B, 0x8C0B, 0x8C0B, 0x8BEB, 0x8BEB, 0x83EB, 0x83EB, 0x83CA, 0x83CA, 0x83CA, 0x83CA,
  0x83CA, 0x83CA, 0x83AA, 0x83AA, 0x83AA, 0x83AA, 0x7BAA, 0x7B89, 0x7B89, 0x7B89, 0x7B89, 0x7B89, 0x7B89, 0x7B69, 0x7B69, 0x7369,
  0x7369, 0x7369, 0x7348, 0x7348, 0x7328, 0x6B28, 0x6B28, 0x6B08, 0x6B08, 0x6AE8, 0x62E7, 0x62C7, 0x62C7, 0x62C7, 0x62C7, 0x62A7,
  0x5AA6, 0x5AA6, 0x5A86, 0x5A66, 0x5266, 0x5265, 0x62E7, 0x6B08, 0x6B08, 0x6B08, 0x6B08, 0x6B08, 0x6B08, 0x6B08, 0x6B08, 0x6B08,
  0x6B28, 0x6B28, 0x6B28, 0x6B28, 0x7328, 0x7328, 0x6B28, 0x6B28, 0x6B08, 0x6B08, 0x6B08, 0x6B08, 0x6B28, 0x6B08, 0x6B08, 0x6B08,
  0x6B08, 0x6AE8, 0x6AE7, 0x62E7, 0x62E7, 0x62C7, 0x5AC6, 0x5AC6, 0x62A6, 0x6286, 0x5A86, 0x5A66, 0x5A87, 0x5A88, 0x5AA8, 0x4A27,
  0x39A6, 0x41A7, 0x5A8B, 0x6AEC, 0x62EC, 0x62CC, 0x4A08, 0x5A69, 0x6AEC, 0x6AEC, 0x630C, 0x41E8, 0x41C7, 0x4186, 0x4146, 0x5987,
  0x71C9, 0x81E9, 0x81C9, 0x81C9, 0x89CA, 0x89A9, 0x89C9, 0x89CA, 0x79EA, 0x6167, 0x30A4, 0x1883, 0x10A3, 0x08A3, 0x08A3, 0x10A3,
  0x18C4, 0x2925, 0x4A29, 0x5A8A, 0x49E8, 0x3986, 0x3966, 0x3986, 0x3986, 0x3986, 0x3986, 0x3986, 0x3986, 0x3986, 0x3986, 0x3986,
  0x3987, 0x3987, 0x3987, 0x3986, 0x3986, 0x3986, 0x3987, 0x3986, 0x3986, 0x3987, 0x3987, 0x41C7, 0x39A7, 0x3987, 0x3986, 0x3987,
  0x3987, 0x3987, 0x3987, 0x3987, 0x3986, 0x3987, 0x3987, 0x3986, 0x39A6, 0x3986, 0x3986, 0x3986, 0x3986, 0x39A7, 0x41C8, 0x4A09,
  0xF7BF, 0xF7BE, 0xF7BE, 0xF7DF, 0xF7DF, 0xF7DF, 0xF7DF, 0xF7DF, 0xF7DF, 0xF7DF, 0xF7DF, 0xF7DF, 0xF7DF, 0xF7DF, 0xF7DF, 0xF7DF,
  0xF7DE, 0xF7DE, 0xF7BE, 0xF7DF, 0xE75D, 0xC69B, 0xA5D8, 0x8CF6, 0xADF9, 0xD73E, 0xC69B, 0xADF9, 0xA577, 0x9536, 0x9516, 0x8D16,
  0xA577, 0xBE39, 0xDEFC, 0xDF1C, 0xDEDB, 0xDEBB, 0xE71C, 0xE6FC, 0xEF1C, 0xEF3D, 0xEF3D, 0xEF3D, 0xEF3C, 0xEF3D, 0xEF3D, 0xEF1C,
  0xEF3C, 0xEF1C, 0xEF3D, 0xD639, 0xD67A, 0xD659, 0xBD96, 0xBD97, 0xEEFB, 0xEEFB, 0xEEDB, 0xEEFC, 0xDE5A, 0xBD76, 0xBD76, 0xBD76,
  0xC576, 0xC576, 0xC556, 0xC556, 0xC556, 0xC576, 0xA492, 0xB4F4, 0xBD55, 0xBD35, 0xBD35, 0xBD35, 0xBD35, 0xBD35, 0xBD35, 0xBD34,
  0xBD34, 0xBD34, 0xBD14, 0xBD14, 0xBD14, 0xBD14, 0xBD14, 0xBD14, 0xBD14, 0xBD14, 0xBD14, 0xBD14, 0xBD14, 0xBD14, 0xBD14, 0xBD14,
  0xBCF4, 0xBCF4, 0xBCF4, 0xBCF4, 0xBCF4, 0xBCF4, 0xBCF4, 0xBCF4, 0xBCF3, 0xBCF3, 0xBCF3, 0xBCF3, 0xBCF3, 0xBCF3, 0xBCF3, 0xBCF3,
  0xBCF3, 0xBCF3, 0xBCF3, 0xBCF3, 0xBCD3, 0xBCD3, 0xBCD3, 0xBCD3, 0xBCD3, 0xBCD3, 0xBCF3, 0xBCF3, 0xBCF3, 0xBCF3, 0xBCF3, 0xBCF3,
  0xBCD4, 0xBCD4, 0xBCF3, 0xB4D2, 0xCD95, 0xCDD5, 0x9C6F, 0x946E, 0x9CAE, 0x948D, 0x9C8D, 0x946D, 0x946D, 0x946C, 0x944C, 0x944C,
  0x8C4C, 0x8C2C, 0x8C2C, 0x8C2C, 0x8C0B, 0x8C0B, 0x8C0B, 0x8C0B, 0x8BEB, 0x83EB, 0x83EB, 0x83EB, 0x83EB, 0x83EB, 0x83CA, 0x83CA,
  0x83CA, 0x83CA, 0x83AA, 0x83AA, 0x83AA, 0x83AA, 0x83AA, 0x83AA, 0x7BAA, 0x7BAA, 0x7B89, 0x7B89, 0x7B89, 0x7B89, 0x7B69, 0x7B69,
  0x7349, 0x7349, 0x7348, 0x7348, 0x7348, 0x7328, 0x6B28, 0x6B08, 0x6B08, 0x6B08, 0x6AE8, 0x62E7, 0x62E7, 0x62E7, 0x62C7, 0x62A7,
  0x62A6, 0x5AA6, 0x5A86, 0x5A86, 0x5266, 0x5265, 0x62E7, 0x6B28, 0x6B08, 0x6B08, 0x6B28, 0x6B28, 0x6B08, 0x6B28, 0x6B28, 0x7328,
  0x6B28, 0x6B28, 0x6B28, 0x6B28, 0x7328, 0x7328, 0x7328, 0x7328, 0x7328, 0x7328, 0x6B28, 0x6B28, 0x6B28, 0x6B08, 0x6B08, 0x6B08,
  0x6B08, 0x6AE8, 0x6AE7, 0x62E7, 0x62E7, 0x62E7, 0x62E7, 0x5AA6, 0x62A6, 0x6286, 0x5A87, 0x5226, 0x5247, 0x62CA, 0x4A07, 0x3186,
  0x41E8, 0x62CB, 0x62EC, 0x62EC, 0x6AEC, 0x526A, 0x41C7, 0x5229, 0x628B, 0x6B0D, 0x5AAB, 0x3986, 0x3966, 0x5987, 0x71E9, 0x81EA,
  0x81C9, 0x81C9, 0x89C9, 0x89AA, 0x89C9, 0x89A9, 0x81C9, 0x79A8, 0x5146, 0x28A3, 0x1883, 0x08A3, 0x08C3, 0x10E4, 0x2105, 0x20A3,
  0x18A3, 0x4A29, 0x526A, 0x39A7, 0x3166, 0x3986, 0x3986, 0x3986, 0x3986, 0x3986, 0x3986, 0x3986, 0x3986, 0x3986, 0x3986, 0x3986,
  0x3986, 0x3986, 0x3986, 0x3986, 0x3987, 0x3987, 0x3987, 0x3987, 0x39A7, 0x3987, 0x3987, 0x39A7, 0x3986, 0x3146, 0x3145, 0x3966,
  0x3987, 0x3987, 0x3987, 0x3987, 0x3966, 0x3966, 0x3966, 0x3966, 0x3985, 0x39A6, 0x3986, 0x3986, 0x3986, 0x3966, 0x3987, 0x3966,
  0xF7BE, 0xF7BF, 0xF7BE, 0xF7BF, 0xF7DF, 0xF7DF, 0xF7DF, 0xF7DF, 0xF7DF, 0xF7DF, 0xF7DF, 0xF7DF, 0xF7DF, 0xF7DF, 0xF7DF, 0xF7DF,
  0xF7DF, 0xF7DE, 0xF7DE, 0xF7DF, 0xE75D, 0xC69B, 0xA5D8, 0x8CF5, 0xB619, 0xE7DF, 0xEFBF, 0xDF5D, 0xCEBB, 0xB619, 0xA598, 0x9536,
  0x94F5, 0xA535, 0xC639, 0xDEFC, 0xE71C, 0xEF3C, 0xEF3C, 0xF73D, 0xEF1C, 0xEF1C, 0xEF1C, 0xEF1C, 0xEF1C, 0xEF1C, 0xEEFB, 0xE6BA,
  0xE6BB, 0xEF1C, 0xD659, 0xD639, 0xCE18, 0xC5B7, 0xB556, 0xDE9A, 0xEEFB, 0xEEDB, 0xEEFC, 0xDE7A, 0xC597, 0xBD76, 0xC576, 0xBD56,
  0xC575, 0xC555, 0xBD55, 0xBD55, 0xC575, 0xBD35, 0xA492, 0xBD35, 0xBD35, 0xBD35, 0xBD35, 0xBD35, 0xBD35, 0xBD35, 0xBD34, 0xBD34,
  0xBD34, 0xBD14, 0xBD14, 0xBD14, 0xBD14, 0xBD14, 0xBD14, 0xBD14, 0xBD14, 0xBD14, 0xBD14, 0xBD14, 0xBCF4, 0xBCF4, 0xBCF4, 0xBCF4,
  0xBCF4, 0xBCF4, 0xBCF4, 0xBCF4, 0xBCF4, 0xBCF4, 0xBCF4, 0xBCF3, 0xBCF3, 0xBCF3, 0xBCF3, 0xBCF3, 0xBCF3, 0xBCF3, 0xBCF3, 0xBCF3,
  0xBCF3, 0xBCF3, 0xBCF3, 0xBCF3, 0xBCD3, 0xBCD3, 0xBCD3, 0xBCD3, 0xBCD3, 0xBCD3, 0xBCF3, 0xBCF3, 0xBCF3, 0xBCF3, 0xBCF3, 0xBCF3,
  0xBCD3, 0xBCD3, 0xBCD3, 0xBCF3, 0xBCD3, 0xC554, 0xCDD6, 0xA470, 0x944E, 0x9C8E, 0x9C6D, 0x9C6D, 0x946D, 0x946D, 0x946D, 0x944D,
  0x944C, 0x944C, 0x8C2C, 0x8C2C, 0x8C2B, 0x8C0B, 0x8C0B, 0x8C0B, 0x8BEB, 0x8BEB, 0x8BEB, 0x83EB, 0x83EB, 0x83EB, 0x83CB, 0x83CA,
  0x83CA, 0x83CA, 0x83CA, 0x83CA, 0x83CA, 0x83CA, 0x83CA, 0x83AA, 0x83AA, 0x7BAA, 0x7BAA, 0x7B89, 0x7B89, 0x7B89, 0x7B89, 0x7B69,
  0x7369, 0x7369, 0x7349, 0x7349, 0x7348, 0x7348, 0x6B28, 0x6B28, 0x6B08, 0x6B08, 0x6AE8, 0x6AE7, 0x62E7, 0x62E7, 0x62C7, 0x62C7,
  0x62C6, 0x5AA6, 0x5A86, 0x5A86, 0x5A66, 0x5266, 0x62C7, 0x6B28, 0x6B08, 0x6B28, 0x6B28, 0x7328, 0x7328, 0x6B28, 0x7328, 0x7328,
  0x7328, 0x7328, 0x7328, 0x7328, 0x7328, 0x7328, 0x7328, 0x7328, 0x7328, 0x7328, 0x7328, 0x7328, 0x7328, 0x6B28, 0x6B08, 0x6B08,
  0x6B08, 0x6B08, 0x6B08, 0x6AE8, 0x62E8, 0x62E8, 0x62E8, 0x62C7, 0x62C7, 0x62A8, 0x5267, 0x5268, 0x62CA, 0x4208, 0x39A6, 0x4228,
  0x5AAB, 0x62EC, 0x62EC, 0x62EC, 0x62EC, 0x41E8, 0x3986, 0x41E8, 0x62AB, 0x6AEC, 0x524A, 0x3966, 0x3925, 0x5167, 0x6988, 0x79A9,
  0x79E9, 0x81EA, 0x89CA, 0x89AA, 0x89A9, 0x89C9, 0x79C8, 0x8249, 0x3104, 0x1882, 0x10C3, 0x10E4, 0x1905, 0x2125, 0x2905, 0x3105,
  0x4A29, 0x4A49, 0x3986, 0x3186, 0x3986, 0x3986, 0x3986, 0x3986, 0x3986, 0x3986, 0x3986, 0x3986, 0x3986, 0x3986, 0x3986, 0x3986,
  0x3987, 0x3986, 0x3986, 0x3987, 0x3987, 0x3987, 0x3987, 0x3966, 0x3986, 0x3166, 0x3146, 0x3145, 0x3166, 0x41A7, 0x41C7, 0x3987,
  0x3987, 0x3987, 0x3987, 0x3987, 0x3986, 0x3966, 0x3146, 0x3145, 0x3145, 0x2924, 0x3125, 0x3166, 0x3986, 0x3986, 0x3986, 0x3966,
  0xEF7D, 0xF7BE, 0xF7BF, 0xF7DF, 0xF7DF, 0xF7DF, 0xF7DF, 0xF7DF, 0xF7DF, 0xF7DF, 0xF7DF, 0xF7DF, 0xF7DF, 0xF7DF, 0xF7DF, 0xF7DF,
  0xF7DF, 0xF7DF, 0xF7BE, 0xF7DF, 0xE75D, 0xC69B, 0xA5D8, 0x84F5, 0xB618, 0xEFDF, 0xF7DF, 0xF7BE, 0xF7BE, 0xE77E, 0xCE9B, 0xB5F8,
  0xCE5A, 0xE71C, 0xEF5D, 0xEF3C, 0xEF3C, 0xEF1C, 0xF73C, 0xF71C, 0xEF1C, 0xEF1C, 0xE6FB, 0xE6BA, 0xD659, 0xCE18, 0xCDF8, 0xC5D7,
  0xDE79, 0xDE7A, 0xCE18, 0xCDF8, 0xC5B7, 0xBD76, 0xC5B7, 0xEEFC, 0xEEDB, 0xEEFB, 0xDEBA, 0xC5B7, 0xBD76, 0xBD76, 0xBD55, 0xC555,
  0xC555, 0xBD55, 0xBD55, 0xBD55, 0xC575, 0xACD3, 0xACB2, 0xC555, 0xBD35, 0xBD35, 0xBD35, 0xBD34, 0xBD35, 0xBD34, 0xBD14, 0xBD14,
  0xBD14, 0xBD14, 0xBD14, 0xBD14, 0xBD14, 0xBD14, 0xBD14, 0xBD14, 0xBCF4, 0xBCF4, 0xBCF4, 0xBCF4, 0xBCF4, 0xBCF4, 0xBCF4, 0xBCF4,
  0xBCF4, 0xBCF4, 0xBCF4, 0xBCF4, 0xBCF4, 0xBCF4, 0xBCF4, 0xBCF3, 0xBCF3, 0xBCF3, 0xBCF3, 0xBCF3, 0xBCF3, 0xBCF3, 0xBCF3, 0xBCF3,
  0xBCF3, 0xBCF3, 0xBCF3, 0xBCF3, 0xBCD3, 0xBCD3, 0xBCD3, 0xBCD3, 0xBCD3, 0xBCD3, 0xBCF3, 0xBCF3, 0xBCF3, 0xBCF3, 0xBCF3, 0xBCF3,
  0xBCF3, 0xBCF3, 0xBCD3, 0xC4D3, 0xBCD3, 0xBCD3, 0xC534, 0xD5D6, 0x9C8F, 0x946E, 0x9C8E, 0x9C8D, 0x946D, 0x946D, 0x946D, 0x946D,
  0x944C, 0x944C, 0x944C, 0x8C2C, 0x8C2C, 0x8C2C, 0x8C2B, 0x8C0B, 0x8C0B, 0x8BEB, 0x8BEB, 0x8BEB, 0x8BEB, 0x8BEB, 0x83EB, 0x83CA,
  0x83EA, 0x83EA, 0x83CA, 0x83CA, 0x83CA, 0x83CA, 0x83CA, 0x83CA, 0x83AA, 0x83AA, 0x7BAA, 0x7BAA, 0x7B89, 0x7B89, 0x7B89, 0x7B89,
  0x7B69, 0x7B69, 0x7369, 0x7349, 0x7349, 0x7348, 0x7328, 0x6B28, 0x6B28, 0x6B08, 0x6B08, 0x6AE8, 0x62E7, 0x62E7, 0x62C7, 0x62C7,
  0x62C7, 0x62C7, 0x5AA7, 0x5A86, 0x5A86, 0x5A66, 0x62C7, 0x6B28, 0x6B28, 0x6B28, 0x7328, 0x7328, 0x7328, 0x7328, 0x7328, 0x7328,
  0x7349, 0x7349, 0x7349, 0x7349, 0x7349, 0x7349, 0x7329, 0x7328, 0x7349, 0x7349, 0x7328, 0x7328, 0x7328, 0x7328, 0x6B28, 0x6B08,
  0x6B28, 0x6B08, 0x6B08, 0x6B08, 0x6B08, 0x62C8, 0x62C8, 0x5AA8, 0x5287, 0x4A47, 0x4206, 0x4A48, 0x4208, 0x3186, 0x39C7, 0x4A69,
  0x62CB, 0x62EC, 0x630C, 0x6B0C, 0x5ACB, 0x39A6, 0x39A6, 0x41C7, 0x62CB, 0x6B0C, 0x4A29, 0x3166, 0x3966, 0x4166, 0x4146, 0x5146,
  0x6187, 0x71A9, 0x81CA, 0x89CA, 0x89C9, 0x79A8, 0x8269, 0xCD13, 0x8BCE, 0x20C3, 0x20E4, 0x2125, 0x2126, 0x2105, 0x2925, 0x4A29,
  0x4A29, 0x3186, 0x3186, 0x3186, 0x3986, 0x3986, 0x3986, 0x3986, 0x3986, 0x3986, 0x3986, 0x3986, 0x3986, 0x3986, 0x3986, 0x3986,
  0x3986, 0x3987, 0x3987, 0x3987, 0x3986, 0x3966, 0x3145, 0x3146, 0x3166, 0x3166, 0x3966, 0x3986, 0x39A7, 0x41E8, 0x41E8, 0x39A7,
  0x3987, 0x3987, 0x3987, 0x3987, 0x3987, 0x3987, 0x3986, 0x3986, 0x3986, 0x3165, 0x3125, 0x2904, 0x2904, 0x3165, 0x3986, 0x3986,
  0xE75D, 0xF7BE, 0xF7DF, 0xF7BF, 0xF7BF, 0xF7DF, 0xF7DF, 0xF7DF, 0xF7DF, 0xF7DF, 0xF7DF, 0xF7DF, 0xF7DF, 0xF7DF, 0xF7DF, 0xF7DF,
  0xF7DF, 0xF7DF, 0xF7DE, 0xF7DF, 0xE75D, 0xC69B, 0xA5D9, 0x84D5, 0xB618, 0xEFDE, 0xEFBE, 0xF7DE, 0xF79D, 0xDEFB, 0xD69A, 0xE71C,
  0xEF3D, 0xEF3D, 0xEF1C, 0xEF1C, 0xEF1C, 0xEF1C, 0xEF1C, 0xEEDC, 0xDE9A, 0xD639, 0xCDF7, 0xC5D7, 0xC5B7, 0xC5B7, 0xC5B6, 0xC5D7,
  0xCE18, 0xC5D7, 0xCDF8, 0xBD76, 0xC5B7, 0xB535, 0xDE9A, 0xEEFC, 0xEEFB, 0xE6FB, 0xCDF8, 0xBD76, 0xBD76, 0xBD56, 0xC575, 0xBD55,
  0xBD55, 0xBD55, 0xBD55, 0xBD35, 0xBD55, 0xA472, 0xB4F4, 0xBD35, 0xBD35, 0xBD35, 0xBD34, 0xBD34, 0xBD34, 0xBD34, 0xBD14, 0xBD14,
  0xBD14, 0xBD14, 0xBD14, 0xBD14, 0xBD14, 0xBD14, 0xBD14, 0xBD14, 0xBCF4, 0xBCF4, 0xBCF4, 0xBCF4, 0xBCF4, 0xBCF4, 0xBCF4, 0xBCF4,
  0xBCF4, 0xBCF4, 0xBCF4, 0xBCF4, 0xBCF4, 0xBCF3, 0xBCF3, 0xBCF3, 0xBCD3, 0xB4B3, 0xB4B2, 0xBCF3, 0xBCF3, 0xBCF3, 0xBCF3, 0xBCF3,
  0xBCF3, 0xBCF3, 0xBCF3, 0xBCF3, 0xBCD3, 0xBCD3, 0xBCD3, 0xBCD3, 0xBCD3, 0xBCD3, 0xBCF3, 0xBCF3, 0xBCF3, 0xBCF3, 0xBCF3, 0xBCF3,
  0xBCF3, 0xBCF3, 0xBCF3, 0xC4D3, 0xC4D4, 0xBCD4, 0xBCD3, 0xC535, 0xCDF6, 0x9C6F, 0x944E, 0x9C8E, 0x9C8D, 0x9C8D, 0x946D, 0x946D,
  0x944C, 0x944C, 0x944C, 0x944C, 0x8C2C, 0x8C2C, 0x8C2B, 0x8C2B, 0x8C0B, 0x8C0B, 0x8C0B, 0x8C0B, 0x8BEB, 0x8BEB, 0x8BEB, 0x83EB,
  0x83EA, 0x83EA, 0x83CA, 0x83CA, 0x83CA, 0x83CA, 0x83CA, 0x83CA, 0x83CA, 0x83AA, 0x83AA, 0x7BAA, 0x7BAA, 0x7B89, 0x7B89, 0x7B89,
  0x7B89, 0x7B69, 0x7369, 0x7349, 0x7369, 0x7348, 0x7348, 0x7328, 0x7328, 0x6B28, 0x6B08, 0x6AE8, 0x62E7, 0x6AE7, 0x6AE7, 0x62C7,
  0x62C7, 0x62C7, 0x5AA7, 0x5A86, 0x5A86, 0x5A86, 0x62C7, 0x7328, 0x7328, 0x7328, 0x7328, 0x7328, 0x7328, 0x7328, 0x7348, 0x7349,
  0x7349, 0x7349, 0x7349, 0x7349, 0x7349, 0x7349, 0x7349, 0x7349, 0x7349, 0x7349, 0x7349, 0x7328, 0x7328, 0x7328, 0x7328, 0x7348,
  0x6B28, 0x6B08, 0x62E8, 0x5A87, 0x5267, 0x4A26, 0x4A26, 0x4206, 0x4207, 0x4207, 0x4207, 0x4208, 0x41E8, 0x4208, 0x39E7, 0x4208,
  0x4208, 0x4A28, 0x4A49, 0x5ACB, 0x5249, 0x3986, 0x3186, 0x39A7, 0x62CB, 0x62EC, 0x41E8, 0x3186, 0x2985, 0x31A6, 0x39C6, 0x39A6,
  0x4906, 0x69A9, 0x820A, 0x79A9, 0x79A8, 0x9B0C, 0xAC0F, 0xAC4F, 0xCDB6, 0x5A48, 0x28E4, 0x2926, 0x2926, 0x2925, 0x4A69, 0x4228,
  0x3166, 0x39A7, 0x3986, 0x3986, 0x3987, 0x3986, 0x3986, 0x3986, 0x3986, 0x3986, 0x3986, 0x3986, 0x3986, 0x3986, 0x3986, 0x3986,
  0x3986, 0x3986, 0x3166, 0x3125, 0x3125, 0x3145, 0x3966, 0x3986, 0x3987, 0x3986, 0x3987, 0x39A7, 0x3986, 0x3986, 0x3986, 0x39A7,
  0x3987, 0x3987, 0x3986, 0x3986, 0x3986, 0x3987, 0x3987, 0x3987, 0x3986, 0x3986, 0x3986, 0x3986, 0x3145, 0x2924, 0x3145, 0x3966,
  0xEF9E, 0xF7BE, 0xF7BF, 0xF7BF, 0xF7BF, 0xF7DF, 0xF7DF, 0xF7DF, 0xF7DF, 0xF7DF, 0xF7DF, 0xF7DF, 0xF7BF, 0xF7BF, 0xF7BF, 0xF7BF,
  0xF7DF, 0xF7DE, 0xF7DE, 0xF7DE, 0xE75D, 0xC67B, 0xA5B9, 0x84D5, 0xB618, 0xEFBF, 0xF7BF, 0xEF5D, 0xD69A, 0xD679, 0xEF3C, 0xEF3C,
  0xEF1C, 0xEF1C, 0xEF1C, 0xEF1C, 0xEEFC, 0xE6BB, 0xDE5A, 0xCDF8, 0xC5B7, 0xC5B7, 0xC5B7, 0xC5B7, 0xC5B7, 0xC597, 0xC597, 0xCDB7,
  0xCDF8, 0xC5B7, 0xC597, 0xC597, 0xBD55, 0xBD76, 0xEEFC, 0xEEDB, 0xEEFC, 0xDE59, 0xBD76, 0xBD76, 0xBD55, 0xBD55, 0xBD55, 0xBD55,
  0xBD55, 0xBD55, 0xBD55, 0xBD55, 0xBD35, 0xB4F3, 0xBD14, 0xBD34, 0xBD34, 0xBD34, 0xBD14, 0xBD14, 0xBD14, 0xBD14, 0xBD14, 0xBD14,
  0xBD14, 0xBD14, 0xBD14, 0xBD14, 0xBD14, 0xBD14, 0xBD14, 0xBD14, 0xBCF3, 0xBCF3, 0xBCF3, 0xBCF3, 0xBCF3, 0xBCF3, 0xBCF3, 0xBCF3,
  0xBCF3, 0xBCF3, 0xBCF3, 0xBCF3, 0xBCF3, 0xBCF3, 0xBCF3, 0xBCD3, 0xBCF3, 0xB4B2, 0xA410, 0xB4B2, 0xBCD3, 0xBCF3, 0xBCF3, 0xBCF3,
  0xBCF3, 0xBCF3, 0xBCD3, 0xBCD3, 0xBCF3, 0xBCF3, 0xBCF3, 0xBCF3, 0xBCD3, 0xBCD3, 0xBCD3, 0xBCD3, 0xBCF3, 0xBCF3, 0xBCD3, 0xBCD3,
  0xBCF3, 0xBCF3, 0xBCF3, 0xBCF3, 0xBCF3, 0xBCF3, 0xBCF3, 0xBCD3, 0xC534, 0xD5D6, 0xA490, 0x944E, 0x9CAE, 0x946D, 0x9C6D, 0x9C6D,
  0x946C, 0x944C, 0x944C, 0x944C, 0x942C, 0x8C2C, 0x8C2C, 0x8C0B, 0x8C0B, 0x8C0B, 0x8C2B, 0x8C0B, 0x8C0B, 0x8C0B, 0x83EA, 0x83EA,
  0x83EA, 0x83EA, 0x83EA, 0x83CA, 0x83CA, 0x83CA, 0x83CA, 0x83CA, 0x83AA, 0x83AA, 0x83AA, 0x83AA, 0x83AA, 0x83AA, 0x8389, 0x7B89,
  0x7B89, 0x7B89, 0x7B69, 0x7369, 0x7369, 0x7348, 0x7348, 0x7328, 0x7328, 0x6B28, 0x6B08, 0x6B08, 0x62C7, 0x62E7, 0x62E7, 0x62C7,
  0x62C7, 0x62C7, 0x62A7, 0x5A86, 0x5AA6, 0x5A66, 0x62A7, 0x7328, 0x7328, 0x7328, 0x7328, 0x7328, 0x7328, 0x7348, 0x7348, 0x7348,
  0x7349, 0x7349, 0x7369, 0x7369, 0x7369, 0x7349, 0x7349, 0x7349, 0x7349, 0x7349, 0x7328, 0x7349, 0x7349, 0x7369, 0x6B48, 0x5AC7,
  0x5288, 0x4A48, 0x4207, 0x4207, 0x4208, 0x4228, 0x4229, 0x4228, 0x4229, 0x4229, 0x4229, 0x4229, 0x4229, 0x4229, 0x4A49, 0x4A49,
  0x4249, 0x4229, 0x4208, 0x4208, 0x39C7, 0x3166, 0x3186, 0x39A7, 0x5AAB, 0x62EC, 0x41C7, 0x3986, 0x3166, 0x39A6, 0x39A6, 0x3986,
  0x5947, 0x71E9, 0x71E9, 0x82AB, 0xBC91, 0xBCB1, 0xA3CE, 0x938C, 0xD5F5, 0x9C6F, 0x3144, 0x2105, 0x2946, 0x4A4A, 0x4A29, 0x3186,
  0x3986, 0x3986, 0x3986, 0x3986, 0x3986, 0x3986, 0x3986, 0x3986, 0x3986, 0x3986, 0x3986, 0x3986, 0x3986, 0x3986, 0x3986, 0x3186,
  0x3145, 0x2924, 0x2904, 0x3165, 0x3966, 0x3986, 0x3986, 0x3986, 0x3986, 0x3986, 0x3986, 0x3986, 0x3986, 0x3986, 0x3986, 0x3986,
  0x3987, 0x39A7, 0x41A7, 0x3987, 0x3987, 0x3987, 0x3986, 0x3987, 0x3986, 0x3986, 0x3986, 0x3986, 0x3986, 0x3166, 0x3145, 0x3966,
  0xF7DF, 0xF7DF, 0xF7BF, 0xF7BF, 0xF7BF, 0xF7DF, 0xF7DF, 0xF7DF, 0xF7DF, 0xF7DF, 0xF7DF, 0xF7DF, 0xF7BF, 0xF7BF, 0xF7BF, 0xF7BF,
  0xF7DF, 0xF7DE, 0xF7DE, 0xF7DE, 0xE75D, 0xC69A, 0xA5B8, 0x84B5, 0xB5F8, 0xEFBF, 0xDEFC, 0xD69A, 0xCE79, 0xDEBB, 0xEF3C, 0xEF1C,
  0xEF1C, 0xEF1C, 0xEF1C, 0xE6BB, 0xD639, 0xCDD8, 0xC5B7, 0xC5B7, 0xC5B7, 0xC5B7, 0xC597, 0xC597, 0xC597, 0xC597, 0xC597, 0xC5B7,
  0xCDF8, 0xBD76, 0xB535, 0xC596, 0xB535, 0xD639, 0xEEFC, 0xEEDB, 0xE69A, 0xC576, 0xBD76, 0xC576, 0xBD55, 0xBD55, 0xBD55, 0xBD55,
  0xBD35, 0xBD35, 0xBD35, 0xBD35, 0xBD35, 0xBD35, 0xBD35, 0xBD14, 0xBD14, 0xBD34, 0xBD14, 0xBD14, 0xBD14, 0xBD14, 0xBD14, 0xBD14,
  0xBD14, 0xBD14, 0xBD14, 0xBD14, 0xBCF4, 0xBCF4, 0xBCF4, 0xBCF4, 0xBCF3, 0xBCF3, 0xBCF3, 0xBCF3, 0xBCF3, 0xBCF3, 0xBCF3, 0xBCF3,
  0xBCF3, 0xBCF3, 0xBCF3, 0xBCF3, 0xBCF3, 0xBCF3, 0xBCF3, 0xBCF3, 0xBCF3, 0xBCD3, 0xA3F0, 0xA430, 0xBCD3, 0xBCF3, 0xBCF3, 0xBCF3,
  0xBCF3, 0xBCF3, 0xBCD3, 0xBCD3, 0xBCF3, 0xBCF3, 0xBCF3, 0xBCF3, 0xBCD3, 0xBCD3, 0xBCD3, 0xBCD3, 0xBCF3, 0xBCF3, 0xBCD3, 0xBCD3,
  0xBCF3, 0xBCF3, 0xBCF3, 0xBCF3, 0xBCF3, 0xBCF3, 0xBCF3, 0xBCF3, 0xBCF3, 0xC534, 0xD5D6, 0x9C6F, 0x944E, 0x9C8E, 0x9C8D, 0x9C8D,
  0x946C, 0x944C, 0x944C, 0x944C, 0x944C, 0x942C, 0x8C2C, 0x8C2C, 0x8C2B, 0x8C2B, 0x8C2B, 0x8C0B, 0x8C0B, 0x8C0B, 0x8BEB, 0x83EA,
  0x83EA, 0x83EA, 0x83EA, 0x83EA, 0x83CA, 0x83EA, 0x83CA, 0x83CA, 0x83CA, 0x83AA, 0x83AA, 0x83AA, 0x83AA, 0x83AA, 0x838A, 0x7B89,
  0x7B89, 0x7B89, 0x7B69, 0x7B69, 0x7369, 0x7348, 0x7348, 0x7348, 0x7328, 0x7328, 0x6B28, 0x6B08, 0x62E7, 0x6AE7, 0x6AE7, 0x62E7,
  0x62C7, 0x62C7, 0x62A7, 0x5A86, 0x5AA6, 0x5A86, 0x62A6, 0x7328, 0x7328, 0x7328, 0x7328, 0x7348, 0x7348, 0x7348, 0x7348, 0x7349,
  0x7349, 0x7349, 0x7368, 0x7368, 0x7368, 0x7B48, 0x7349, 0x7349, 0x7348, 0x7348, 0x7369, 0x734A, 0x6B09, 0x5288, 0x4A26, 0x4206,
  0x4228, 0x4228, 0x4229, 0x4229, 0x4229, 0x4229, 0x4229, 0x4229, 0x4209, 0x4229, 0x4229, 0x4229, 0x4209, 0x39E8, 0x39C8, 0x39C8,
  0x31C7, 0x31C7, 0x39E8, 0x39E8, 0x4208, 0x39C8, 0x3166, 0x3186, 0x5A6A, 0x62AB, 0x39A7, 0x3966, 0x3165, 0x3986, 0x3986, 0x41A6,
  0x5166, 0x69E8, 0x9BAE, 0xD575, 0xE5D6, 0xD554, 0xC4F2, 0xA3EE, 0xCDB4, 0xBD94, 0x41C6, 0x2925, 0x4A4A, 0x4A4A, 0x3987, 0x3986,
  0x3986, 0x3986, 0x3986, 0x3986, 0x3986, 0x3986, 0x3986, 0x3986, 0x3986, 0x3986, 0x3986, 0x3986, 0x3986, 0x3966, 0x2925, 0x20E4,
  0x2904, 0x3145, 0x3986, 0x3986, 0x3986, 0x3986, 0x3986, 0x3986, 0x3986, 0x3986, 0x3986, 0x3986, 0x3986, 0x3986, 0x3986, 0x3986,
  0x3986, 0x4A08, 0x5249, 0x3987, 0x3966, 0x3986, 0x3986, 0x3986, 0x3986, 0x3986, 0x3986, 0x3986, 0x3986, 0x3986, 0x3986, 0x3986,
  0xEFDF, 0xF7DF, 0xF7DF, 0xF7DF, 0xF7BF, 0xF7DF, 0xF7DF, 0xF7DF, 0xF7DF, 0xF7BF, 0xF7BF, 0xF7BF, 0xF7DF, 0xF7BF, 0xF7BF, 0xF7BF,
  0xF7DF, 0xF7DE, 0xF7DE, 0xF7DE, 0xE75D, 0xC69A, 0xA5B8, 0x84B4, 0xAD76, 0xD6DB, 0xD6BB, 0xCE7A, 0xDEDB, 0xEF3D, 0xEF1C, 0xEF1C,
  0xEF1C, 0xE6DB, 0xD639, 0xC5D7, 0xC5B7, 0xC597, 0xC5B7, 0xC5B7, 0xC597, 0xC597, 0xC597, 0xC576, 0xC597, 0xC576, 0xC596, 0xC597,
  0xC597, 0xB535, 0xACD4, 0xBD76, 0xB535, 0xE6BB, 0xEEDB, 0xEEFB, 0xCDF8, 0xBD56, 0xBD76, 0xBD56, 0xBD55, 0xBD55, 0xBD55, 0xBD35,
  0xBD35, 0xBD35, 0xBD35, 0xBD35, 0xBD35, 0xBD34, 0xBD14, 0xBD14, 0xBD14, 0xBD14, 0xBD14, 0xBD14, 0xBD14, 0xBD14, 0xBD14, 0xBD14,
  0xBD14, 0xBD14, 0xBD14, 0xBD14, 0xBCF4, 0xBCF4, 0xBCF4, 0xBCF4, 0xBCF3, 0xBCF3, 0xBCF3, 0xBCF3, 0xBCF3, 0xBCF3, 0xBCF3, 0xBCF3,
  0xBCF3, 0xBCF3, 0xBCF3, 0xBCF3, 0xBCF3, 0xBCF3, 0xBCF3, 0xBCF3, 0xBCD3, 0xBCF3, 0xAC31, 0x9BCF, 0xB4B2, 0xBCF3, 0xBCD3, 0xBCF3,
  0xBCF3, 0xBCF3, 0xBCD3, 0xBCD3, 0xBCF3, 0xBCF3, 0xBCF3, 0xBCF3, 0xBCF3, 0xBCF3, 0xBCF3, 0xBCF3, 0xBCF3, 0xBCF3, 0xBCD3, 0xBCD3,
  0xBCF3, 0xBCF3, 0xBCF3, 0xBCF3, 0xBCF3, 0xBCF3, 0xBCF3, 0xBCF3, 0xBCF3, 0xBCD3, 0xC534, 0xCDD6, 0x9C6F, 0x9C6E, 0x9C8D, 0x948D,
  0x9C6D, 0x944C, 0x944C, 0x944C, 0x944C, 0x944C, 0x942C, 0x8C2C, 0x8C2B, 0x8C2B, 0x8C2B, 0x8C2B, 0x8C0B, 0x8C0B, 0x8C0B, 0x8C0B,
  0x8BEB, 0x8C0B, 0x8BEB, 0x83EA, 0x83EA, 0x83EA, 0x83CA, 0x83CA, 0x83CA, 0x83CA, 0x83AA, 0x83AA, 0x83AA, 0x83AA, 0x83AA, 0x7B8A,
  0x7B89, 0x7B89, 0x7B89, 0x7B69, 0x7B69, 0x7369, 0x7348, 0x7348, 0x7348, 0x7328, 0x7328, 0x6B08, 0x6B08, 0x6B08, 0x6B08, 0x6AE7,
  0x62E7, 0x62C7, 0x62A7, 0x62A6, 0x5AA6, 0x5A86, 0x5AA6, 0x6B28, 0x7349, 0x7348, 0x7348, 0x7348, 0x7348, 0x7349, 0x7B49, 0x7B49,
  0x7B68, 0x7B68, 0x7B68, 0x7B68, 0x7B68, 0x7B68, 0x7349, 0x7349, 0x7369, 0x7369, 0x6308, 0x5267, 0x4207, 0x4208, 0x4229, 0x4A29,
  0x4229, 0x4229, 0x4229, 0x4249, 0x4229, 0x4229, 0x4229, 0x422A, 0x4229, 0x4208, 0x39A7, 0x3186, 0x2966, 0x2946, 0x2945, 0x2945,
  0x2125, 0x2125, 0x2945, 0x2946, 0x3166, 0x39C7, 0x39E8, 0x3166, 0x4A08, 0x5AAB, 0x3986, 0x3986, 0x3165, 0x39A6, 0x3986, 0x3124,
  0x59E7, 0xBCD2, 0xDDD6, 0xDDB6, 0xDDD5, 0xC513, 0xB450, 0x938D, 0xC553, 0xC594, 0x3985, 0x4A08, 0x526A, 0x3987, 0x3986, 0x3986,
  0x3986, 0x3986, 0x3986, 0x3986, 0x3986, 0x3986, 0x3986, 0x3986, 0x3986, 0x3986, 0x3966, 0x3986, 0x3125, 0x20E3, 0x20E3, 0x2945,
  0x3186, 0x3986, 0x3986, 0x3986, 0x3986, 0x3986, 0x3986, 0x3986, 0x3986, 0x3986, 0x3986, 0x3986, 0x3986, 0x3986, 0x3986, 0x39A7,
  0x39A7, 0x39A7, 0x39A7, 0x3986, 0x3987, 0x3986, 0x3987, 0x3986, 0x3986, 0x3986, 0x3986, 0x3986, 0x3986, 0x3986, 0x3986, 0x3966,
  0xEFDF, 0xEFBE, 0xEFBE, 0xF7BF, 0xF7BF, 0xF7BF, 0xF7DF, 0xEFDF, 0xF7DF, 0xF7BF, 0xF7BF, 0xF7BF, 0xF7DF, 0xF7DF, 0xF7BF, 0xF7BF,
  0xF7DF, 0xF7DE, 0xF7DE, 0xF7FF, 0xDF5D, 0xC69A, 0xA597, 0x8CB4, 0xC619, 0xDEDB, 0xCE5A, 0xE6FC, 0xEF3D, 0xEF1C, 0xEEFC, 0xEEFC,
  0xDE7A, 0xCDF8, 0xC5B7, 0xC5B7, 0xC5B7, 0xC596, 0xC597, 0xC596, 0xC596, 0xC596, 0xC576, 0xC576, 0xC576, 0xC576, 0xC576, 0xC576,
  0xC576, 0xACD4, 0xB535, 0xB535, 0xC5B7, 0xEEFB, 0xEEDB, 0xDE59, 0xBD56, 0xBD56, 0xBD56, 0xBD55, 0xBD55, 0xBD55, 0xBD35, 0xBD35,
  0xBD35, 0xBD35, 0xBD35, 0xBD35, 0xBD34, 0xBD35, 0xBD34, 0xBD34, 0xBD14, 0xBD14, 0xBD14, 0xBD14, 0xBD14, 0xBD14, 0xBD14, 0xBD14,
  0xBD14, 0xBD14, 0xBD14, 0xBD14, 0xBCF4, 0xBCF4, 0xBCF4, 0xBCF4, 0xBCF3, 0xBCF3, 0xBCF3, 0xBCF3, 0xBCF3, 0xBCF3, 0xBCF3, 0xBCF3,
  0xBCF3, 0xBCF3, 0xBCF3, 0xBCF3, 0xBCF3, 0xBCF3, 0xBCF3, 0xBCF3, 0xBCF3, 0xBCF3, 0xB492, 0x9BEF, 0xAC51, 0xBCD3, 0xBCD3, 0xBCD3,
  0xBCD3, 0xBCF3, 0xBCD3, 0xBCD3, 0xBCF3, 0xBCF3, 0xBCF3, 0xBCF3, 0xBCF3, 0xBCF3, 0xBCF3, 0xBCF3, 0xBCF3, 0xBCF3, 0xBCD3, 0xBCD3,
  0xBCF3, 0xBCF3, 0xBCF3, 0xBCF3, 0xBCF3, 0xBCF3, 0xBCF3, 0xBCF3, 0xBCF2, 0xBCF3, 0xBCF3, 0xC555, 0xCDB6, 0x942E, 0x9C8E, 0x9C8D,
  0x9C6D, 0x946D, 0x944C, 0x944C, 0x944C, 0x944C, 0x944C, 0x942C, 0x8C2B, 0x8C2B, 0x942C, 0x8C2B, 0x8C0B, 0x8C0B, 0x8C0B, 0x8C0B,
  0x8C0B, 0x8C0B, 0x8C0B, 0x8BEB, 0x83EA, 0x83EA, 0x83EA, 0x83EA, 0x83CA, 0x83CA, 0x83CA, 0x83AA, 0x83AA, 0x83AA, 0x83AA, 0x838A,
  0x7BAA, 0x7B89, 0x7B89, 0x7B89, 0x7B69, 0x7B69, 0x7369, 0x7348, 0x7349, 0x7328, 0x7328, 0x7328, 0x6B08, 0x6B08, 0x6B08, 0x6AE8,
  0x6AE7, 0x62E7, 0x62C7, 0x62A7, 0x62A6, 0x5A86, 0x5A86, 0x6B28, 0x7349, 0x7348, 0x7349, 0x7349, 0x7B49, 0x7B49, 0x7B49, 0x7B69,
  0x7B48, 0x7B68, 0x7B68, 0x7B68, 0x7B68, 0x7B49, 0x7B69, 0x736A, 0x6309, 0x4A67, 0x4207, 0x4207, 0x4A29, 0x4209, 0x422A, 0x422A,
  0x4229, 0x4229, 0x422A, 0x4229, 0x4229, 0x4229, 0x4209, 0x39E8, 0x3187, 0x2946, 0x2125, 0x2125, 0x2945, 0x2945, 0x2945, 0x2945,
  0x2925, 0x2945, 0x2945, 0x2125, 0x2925, 0x2125, 0x2966, 0x31A7, 0x39C7, 0x4A49, 0x39A7, 0x3986, 0x3165, 0x3986, 0x3165, 0x2904,
  0xB533, 0xF6FA, 0xD5D5, 0xC533, 0xB490, 0xB490, 0xC513, 0x9BEF, 0xC594, 0xBD53, 0x5248, 0x5A8A, 0x39A7, 0x3986, 0x3986, 0x3986,
  0x3986, 0x3986, 0x3986, 0x3986, 0x3986, 0x3986, 0x3986, 0x3986, 0x3986, 0x3986, 0x3145, 0x2904, 0x20E3, 0x2904, 0x3145, 0x3986,
  0x3986, 0x39A6, 0x39A6, 0x3986, 0x3986, 0x3986, 0x3986, 0x3986, 0x3986, 0x3986, 0x3986, 0x3986, 0x3986, 0x3986, 0x3986, 0x39A7,
  0x3987, 0x39A7, 0x3986, 0x41C8, 0x41C7, 0x3966, 0x3987, 0x3987, 0x3986, 0x3986, 0x3986, 0x3986, 0x3986, 0x3986, 0x3986, 0x3966,
  0xE79E, 0xDF7D, 0xE75D, 0xEF9E, 0xF7DF, 0xF7BF, 0xEF9E, 0xE77E, 0xE77E, 0xEFBF, 0xF7DF, 0xF7DF, 0xF7DF, 0xF7DF, 0xF7BF, 0xF7DF,
  0xF7DF, 0xF7DE, 0xF7DE, 0xF7DF, 0xE75D, 0xC67A, 0xA576, 0xC67A, 0xDEFB, 0xCE59, 0xE71C, 0xEF1C, 0xEEFC, 0xEEFC, 0xE6BB, 0xD619,
  0xC5B7, 0xC5B7, 0xC5B7, 0xC596, 0xC596, 0xC596, 0xC576, 0xBD76, 0xC576, 0xC576, 0xC576, 0xC576, 0xC576, 0xC576, 0xC576, 0xC576,
  0xBD55, 0xA493, 0xBD55, 0xB514, 0xDE59, 0xEEDB, 0xEEDB, 0xC5B6, 0xBD55, 0xBD55, 0xBD55, 0xBD55, 0xBD35, 0xBD35, 0xBD35, 0xBD34,
  0xBD35, 0xC535, 0xBD35, 0xBD34, 0xBD14, 0xBD14, 0xBD14, 0xBD14, 0xBD14, 0xBD14, 0xBD14, 0xBD14, 0xBD14, 0xBD14, 0xBD14, 0xBD14,
  0xBCF4, 0xBCF4, 0xBCF4, 0xBCF4, 0xBCF4, 0xBCF4, 0xBCF4, 0xBCF4, 0xBCF3, 0xBCF3, 0xBCF3, 0xBCF3, 0xBCF3, 0xBCF3, 0xBCF3, 0xBCF3,
  0xBCF3, 0xBCF3, 0xBCF3, 0xBCF3, 0xBCF3, 0xBCF3, 0xBCF3, 0xBCF3, 0xBCF3, 0xC4F3, 0xBCD3, 0xA410, 0xA410, 0xBCD3, 0xBCF3, 0xBCF3,
  0xBCD3, 0xBCF3, 0xBCF3, 0xBCF3, 0xBCF3, 0xBCF3, 0xBCF3, 0xBCF3, 0xBCF3, 0xBCF3, 0xBCF3, 0xBCF3, 0xBCF3, 0xBCF3, 0xBCD3, 0xBCD3,
  0xBCF3, 0xBCF3, 0xBCF3, 0xBCF3, 0xBCF3, 0xBCF3, 0xBCF3, 0xBCF3, 0xBCF2, 0xBCF3, 0xBCF4, 0xB4D3, 0xC575, 0xC595, 0x942D, 0x9C8E,
  0x9C6D, 0x946D, 0x946D, 0x944C, 0x944C, 0x944C, 0x944C, 0x942B, 0x942C, 0x8C2B, 0x8C2B, 0x8C2B, 0x8C2B, 0x8C2B, 0x8C0B, 0x8C0B,
  0x8C0B, 0x8C0B, 0x8BEB, 0x83EA, 0x8BEB, 0x8BEB, 0x83EA, 0x83EA, 0x83CA, 0x83CA, 0x83CA, 0x83CA, 0x83AA, 0x83AA, 0x83AA, 0x83AA,
  0x7BAA, 0x7B89, 0x7B89, 0x7B89, 0x7B89, 0x7B69, 0x7369, 0x7369, 0x7349, 0x7349, 0x7328, 0x7328, 0x6B08, 0x6B08, 0x6B08, 0x6B08,
  0x6AE8, 0x62E7, 0x62C7, 0x62C7, 0x62A7, 0x5A86, 0x5A86, 0x6B28, 0x7349, 0x7349, 0x7349, 0x7B49, 0x7B69, 0x7B49, 0x7B69, 0x7B69,
  0x7B68, 0x7B48, 0x7B69, 0x7B69, 0x7369, 0x7B8A, 0x6B2A, 0x5A68, 0x4208, 0x4208, 0x4229, 0x4229, 0x39E9, 0x39E9, 0x422A, 0x422A,
  0x422A, 0x422A, 0x4209, 0x4229, 0x422A, 0x4209, 0x31A7, 0x2946, 0x2125, 0x2125, 0x2925, 0x2945, 0x2945, 0x2925, 0x2925, 0x2925,
  0x2125, 0x2125, 0x2925, 0x2125, 0x2925, 0x2945, 0x2925, 0x2925, 0x3186, 0x39C7, 0x39A7, 0x3986, 0x3165, 0x3986, 0x2904, 0x4A08,
  0xE6D9, 0xE6B8, 0xCDB4, 0xBCF1, 0xBCD1, 0xAC70, 0x9BEE, 0xA42F, 0xCDB5, 0x8BEE, 0x628A, 0x41C7, 0x3966, 0x3986, 0x3986, 0x3986,
  0x3986, 0x3986, 0x3986, 0x3986, 0x3986, 0x3986, 0x3986, 0x3986, 0x3166, 0x2904, 0x20E3, 0x20C3, 0x20E3, 0x2104, 0x2925, 0x3145,
  0x3165, 0x3186, 0x3986, 0x3966, 0x3966, 0x3966, 0x3966, 0x3986, 0x3986, 0x3986, 0x3986, 0x3986, 0x3986, 0x3986, 0x3986, 0x3986,
  0x3986, 0x3987, 0x3987, 0x41A7, 0x39A7, 0x3987, 0x3986, 0x3987, 0x3986, 0x3986, 0x3986, 0x3986, 0x3986, 0x3986, 0x3986, 0x3986,
  0xDF5D, 0xDF5D, 0xE77E, 0xE79E, 0xEFBE, 0xF7BF, 0xEFBE, 0xE77D, 0xE79E, 0xF7DF, 0xEFBF, 0xF7DF, 0xF7BF, 0xF7DF, 0xF7DF, 0xF7BF,
  0xF7BF, 0xF7DF, 0xEFBE, 0xF7DF, 0xE75D, 0xBDF8, 0xD6DB, 0xDEDC, 0xCE39, 0xEF1C, 0xEF1C, 0xEEFC, 0xEEFC, 0xDE7A, 0xCDD7, 0xC597,
  0xC5B7, 0xC5B7, 0xC597, 0xC596, 0xC576, 0xBD76, 0xC576, 0xC576, 0xC576, 0xC576, 0xBD76, 0xBD76, 0xC576, 0xC576, 0xBD56, 0xC576,
  0xB535, 0xA492, 0xBD55, 0xB514, 0xEEBA, 0xEEFB, 0xDE59, 0xBD55, 0xBD55, 0xBD55, 0xBD55, 0xBD35, 0xBD35, 0xBD35, 0xBD34, 0xBD34,
  0xBD34, 0xBD35, 0xBD14, 0xBD14, 0xBD14, 0xBD14, 0xBD14, 0xBD14, 0xBD14, 0xBD14, 0xBD14, 0xBD14, 0xBD14, 0xBD14, 0xBD14, 0xBD14,
  0xBCF4, 0xBCF4, 0xBCF4, 0xBCF4, 0xBCF4, 0xBCF4, 0xBCF4, 0xBCF3, 0xBCF3, 0xBCF3, 0xBCF3, 0xBCF3, 0xBCF3, 0xBCF3, 0xBCF3, 0xBCF3,
  0xBCF3, 0xBCF3, 0xBCF3, 0xBCF3, 0xBCF3, 0xBCF3, 0xBCF3, 0xBCF3, 0xBCF3, 0xBCD3, 0xBCF3, 0xB472, 0xA3F0, 0xBCD3, 0xBCF3, 0xBCF3,
  0xBCF3, 0xBCF3, 0xBCF3, 0xBCF3, 0xBCF3, 0xBCF3, 0xBCF3, 0xBCF3, 0xBCF3, 0xBCF3, 0xBCF3, 0xBCF3, 0xBCF3, 0xBCF3, 0xBCD3, 0xBCD3,
  0xBCF3, 0xBCF3, 0xBCF3, 0xBCF3, 0xBCF3, 0xBCF3, 0xBCF3, 0xBCF3, 0xBCD3, 0xAC71, 0xBCD3, 0xBCD4, 0xB4D3, 0xCD95, 0xBD53, 0x942D,
  0x9C8E, 0x9C6D, 0x946D, 0x946D, 0x946C, 0x944C, 0x944C, 0x944B, 0x942C, 0x944C, 0x8C2B, 0x8C2B, 0x8C2B, 0x8C2B, 0x8C2B, 0x8C0B,
  0x8C0B, 0x8C0B, 0x8C0B, 0x8BEB, 0x8BEB, 0x8BEB, 0x8BEB, 0x83EA, 0x8BCB, 0x83CA, 0x83CA, 0x83CA, 0x83CA, 0x83CA, 0x83AA, 0x83AA,
  0x7BAA, 0x7BAA, 0x7B89, 0x7B89, 0x7B89, 0x7B89, 0x7B69, 0x7369, 0x7349, 0x7349, 0x7349, 0x7328, 0x6B28, 0x6B08, 0x6B08, 0x6B08,
  0x6AE8, 0x6AE7, 0x62E7, 0x62C7, 0x62A7, 0x5AA6, 0x5A86, 0x6B08, 0x7B49, 0x7349, 0x7B49, 0x7B49, 0x7B49, 0x7B69, 0x7B69, 0x7B69,
  0x7B69, 0x7B69, 0x7B6A, 0x7B8A, 0x734A, 0x5A88, 0x4207, 0x4A08, 0x422A, 0x4A2A, 0x420A, 0x39C8, 0x39C8, 0x4229, 0x4229, 0x4229,
  0x4209, 0x422A, 0x422A, 0x4209, 0x39C8, 0x2966, 0x2125, 0x2125, 0x2925, 0x2925, 0x2925, 0x2925, 0x2925, 0x2925, 0x2925, 0x2925,
  0x2925, 0x2925, 0x2925, 0x2925, 0x2945, 0x2945, 0x2945, 0x2945, 0x2125, 0x3166, 0x3186, 0x39A6, 0x3166, 0x3165, 0x20E3, 0x5A89,
  0xE6B9, 0xD616, 0xC573, 0xBD12, 0xBCD1, 0xA44F, 0xA44F, 0xBD13, 0xA491, 0x62AA, 0x5208, 0x3986, 0x3986, 0x3986, 0x3986, 0x3986,
  0x3986, 0x3986, 0x3986, 0x3966, 0x3986, 0x3986, 0x3986, 0x3145, 0x2104, 0x20E3, 0x20E4, 0x2104, 0x2104, 0x2904, 0x2904, 0x2904,
  0x2925, 0x3145, 0x3165, 0x3166, 0x3166, 0x3966, 0x3986, 0x41A7, 0x39A6, 0x39A6, 0x3986, 0x3986, 0x3986, 0x3966, 0x3166, 0x3966,
  0x3987, 0x3987, 0x3987, 0x3987, 0x3986, 0x3986, 0x3987, 0x3987, 0x3986, 0x3986, 0x3986, 0x3986, 0x3986, 0x3986, 0x3986, 0x3986,
  0xD77D, 0xDF9D, 0xE77D, 0xE77E, 0xEFBE, 0xF7DF, 0xEFBF, 0xE77D, 0xEF9E, 0xEFBE, 0xEF9E, 0xEF9E, 0xEFBF, 0xF7DF, 0xF7DF, 0xF7DF,
  0xF7BF, 0xF7BE, 0xF7DF, 0xF7DF, 0xD69A, 0xDEDB, 0xE6FC, 0xCE39, 0xEF1C, 0xEF1C, 0xEEFC, 0xEEFC, 0xDE59, 0xC5B7, 0xC597, 0xC597,
  0xC597, 0xC597, 0xBD97, 0xC576, 0xBD76, 0xC576, 0xC576, 0xC575, 0xC556, 0xC556, 0xBD56, 0xBD55, 0xBD55, 0xBD55, 0xBD55, 0xC576,
  0xACB3, 0xACF4, 0xB514, 0xBD55, 0xEEFB, 0xEEDB, 0xC5B6, 0xBD55, 0xBD55, 0xBD35, 0xBD35, 0xBD35, 0xBD34, 0xBD34, 0xBD14, 0xBD34,
  0xBD34, 0xBD14, 0xBD35, 0xBD34, 0xBD14, 0xBD14, 0xBD14, 0xBD14, 0xBD14, 0xBD14, 0xBD14, 0xBD14, 0xBD14, 0xBD14, 0xBD14, 0xBD14,
  0xBCF4, 0xBCF4, 0xBCF4, 0xBCF4, 0xBCF4, 0xBCF4, 0xBCF4, 0xBCF3, 0xBCF3, 0xBCF3, 0xBCF3, 0xBCF3, 0xBCF3, 0xBCF3, 0xBCF3, 0xBCF3,
  0xBCF3, 0xBCF3, 0xBCF3, 0xBCF3, 0xBCF3, 0xBCF3, 0xBCF3, 0xBCF3, 0xBCF3, 0xBCD3, 0xBCF3, 0xBCD3, 0xA410, 0xB492, 0xBCD3, 0xBCF3,
  0xBCF3, 0xBCF3, 0xBCF3, 0xBCF3, 0xBCF3, 0xBCF3, 0xBCF3, 0xBCF3, 0xBCF3, 0xBCF3, 0xBCF3, 0xBCF3, 0xBCD3, 0xBCD3, 0xBCF3, 0xBCF3,
  0xBCF3, 0xBCF3, 0xBCF3, 0xBCF3, 0xBCF3, 0xBCF3, 0xBCF3, 0xBCF3, 0xB4D3, 0x830C, 0x9BCF, 0xBCD3, 0xBCF3, 0xB4D3, 0xCD95, 0xB4F2,
  0x944D, 0x9C8E, 0x9C6D, 0x9C6D, 0x946C, 0x946C, 0x944C, 0x944B, 0x944C, 0x944C, 0x942C, 0x942C, 0x942C, 0x8C2B, 0x8C2B, 0x8C2B,
  0x8C0B, 0x8C0B, 0x8C0B, 0x8C0B, 0x8C0B, 0x8BEB, 0x8BEB, 0x8BEB, 0x8BEB, 0x8BCB, 0x8BCB, 0x8BCB, 0x83CA, 0x83CA, 0x83AA, 0x83AA,
  0x83AA, 0x7BAA, 0x7BAA, 0x7BAA, 0x7B89, 0x7B89, 0x7B89, 0x7B69, 0x7349, 0x7349, 0x7349, 0x7349, 0x7328, 0x7328, 0x6B28, 0x6B08,
  0x6B08, 0x6AE8, 0x6AE8, 0x62C7, 0x62C7, 0x62A6, 0x5A86, 0x6B08, 0x7B49, 0x7B49, 0x7B49, 0x7B69, 0x7B49, 0x7B69, 0x7B69, 0x7B89,
  0x7B8A, 0x7B8B, 0x734A, 0x62C9, 0x4A27, 0x41E7, 0x4A29, 0x4A2A, 0x4229, 0x422A, 0x39C8, 0x39E8, 0x4229, 0x4A29, 0x4229, 0x4229,
  0x4229, 0x422A, 0x4209, 0x3187, 0x2946, 0x2145, 0x2145, 0x2945, 0x2925, 0x2925, 0x2925, 0x2925, 0x2925, 0x2925, 0x2925, 0x2925,
  0x2925, 0x2925, 0x2925, 0x2925, 0x2945, 0x2945, 0x2945, 0x2145, 0x2945, 0x2945, 0x2945, 0x39A6, 0x3186, 0x3145, 0x20C3, 0x5249,
  0xE6B9, 0xBD33, 0xACB1, 0xC553, 0xA42F, 0xC553, 0xDE37, 0xC574, 0x6B0B, 0x5269, 0x3986, 0x3986, 0x3986, 0x3986, 0x3986, 0x39A6,
  0x3986, 0x3986, 0x3165, 0x3166, 0x3986, 0x3986, 0x3145, 0x20C3, 0x18C3, 0x2104, 0x2945, 0x3186, 0x3986, 0x39A6, 0x39A6, 0x39A7,
  0x39A7, 0x39A7, 0x39A7, 0x39A7, 0x41A7, 0x39A7, 0x3986, 0x3986, 0x3966, 0x3966, 0x3986, 0x3166, 0x3145, 0x3145, 0x3966, 0x3986,
  0x3987, 0x3987, 0x3987, 0x3987, 0x3987, 0x3987, 0x3986, 0x3146, 0x3966, 0x3986, 0x3986, 0x3986, 0x3986, 0x3986, 0x3986, 0x3986,
  0xCF3C, 0xD75C, 0xDF5D, 0xE77D, 0xEF9E, 0xEFBF, 0xEFBE, 0xE77E, 0xE79E, 0xE79E, 0xDF5D, 0xDF5D, 0xE77E, 0xF7BF, 0xF7BF, 0xF7BF,
  0xF7BF, 0xF7BE, 0xF7DF, 0xD6DB, 0xDEFC, 0xE6FC, 0xCE39, 0xEEFC, 0xEF1C, 0xEF1C, 0xEEFC, 0xD639, 0xC597, 0xC597, 0xC596, 0xC596,
  0xBD76, 0xBD76, 0xBD76, 0xBD76, 0xBD76, 0xBD76, 0xBD75, 0xBD55, 0xC555, 0xC555, 0xBD55, 0xBD55, 0xBD55, 0xBD55, 0xBD55, 0xBD55,
  0xA492, 0xB514, 0xB4F4, 0xCDD7, 0xF6FC, 0xDE59, 0xBD55, 0xBD55, 0xBD35, 0xBD35, 0xBD35, 0xBD35, 0xBD34, 0xBD34, 0xBD14, 0xBD14,
  0xBD14, 0xBD14, 0xB4D3, 0xBCF4, 0xBD14, 0xBD14, 0xBD14, 0xBD14, 0xBD14, 0xBD14, 0xBD14, 0xBD14, 0xBD14, 0xBD14, 0xBD14, 0xBD14,
  0xBCF4, 0xBCF4, 0xBCF4, 0xBCF4, 0xBCF4, 0xBCF3, 0xBCF3, 0xBCF3, 0xBCF3, 0xBCF3, 0xBCF3, 0xBCF3, 0xBCF3, 0xBCF3, 0xBCF3, 0xBCF3,
  0xBCF3, 0xBCF3, 0xBCF3, 0xBCF3, 0xBCF3, 0xBCF3, 0xBCF3, 0xBCF3, 0xBCF3, 0xBCF3, 0xBCD3, 0xBCF3, 0xB471, 0xAC51, 0xBCD3, 0xBCF3,
  0xBCF3, 0xBCF3, 0xBCF3, 0xBCF3, 0xBCF3, 0xBCF3, 0xBCF3, 0xBCF3, 0xBCF3, 0xBCF3, 0xBCF3, 0xBCF3, 0xBCD3, 0xBCD3, 0xBCF3, 0xBCF3,
  0xBCF3, 0xBCF3, 0xBCF3, 0xBCF3, 0xBCF3, 0xBCF3, 0xBCF3, 0xBCD3, 0xBD14, 0x93AF, 0x830C, 0xA40F, 0xBCF3, 0xBCF3, 0xBCF4, 0xCD96,
  0xA4AF, 0x944D, 0x9C8E, 0x946C, 0x9C6D, 0x946C, 0x944C, 0x944C, 0x944C, 0x944C, 0x944C, 0x944C, 0x944C, 0x942C, 0x8C2B, 0x8C2B,
  0x8C2B, 0x8C0B, 0x8C0B, 0x8C0B, 0x8C0B, 0x8C0B, 0x8C0B, 0x8BEB, 0x8BEB, 0x8BEB, 0x8BEB, 0x8BEB, 0x8BCB, 0x83CA, 0x83CA, 0x83CA,
  0x83AA, 0x83AA, 0x7BAA, 0x7BAA, 0x7BA9, 0x7B89, 0x7B89, 0x7B69, 0x7369, 0x7349, 0x7349, 0x7349, 0x7328, 0x7328, 0x6B28, 0x6B28,
  0x6B08, 0x6AE8, 0x6AE8, 0x62E7, 0x62C7, 0x62A7, 0x5A86, 0x6AE7, 0x7B69, 0x7B69, 0x7B69, 0x7B69, 0x7B69, 0x7B69, 0x7328, 0x62C7,
  0x5A88, 0x5268, 0x5247, 0x4207, 0x4228, 0x4A29, 0x4A2A, 0x4A2B, 0x4229, 0x39C7, 0x39E8, 0x4229, 0x4229, 0x4209, 0x422A, 0x422A,
  0x422A, 0x39E8, 0x2966, 0x2145, 0x2945, 0x2945, 0x2945, 0x2145, 0x2945, 0x2945, 0x2945, 0x2945, 0x2945, 0x2945, 0x2945, 0x2925,
  0x2925, 0x2925, 0x2925, 0x2945, 0x2945, 0x2945, 0x2145, 0x2145, 0x2945, 0x2945, 0x2925, 0x3166, 0x3986, 0x2924, 0x20E3, 0x5228,
  0xE6BA, 0xCDD6, 0xA470, 0xBD12, 0xB4B1, 0xCD94, 0xD5F6, 0x83AD, 0x5A8A, 0x41C7, 0x3987, 0x3987, 0x3987, 0x3987, 0x3986, 0x3186,
  0x39A6, 0x3166, 0x3145, 0x3986, 0x3986, 0x3145, 0x20C3, 0x18A2, 0x18A3, 0x10A2, 0x18C3, 0x20E4, 0x2904, 0x2925, 0x3145, 0x3165,
  0x3166, 0x3165, 0x39A6, 0x41C7, 0x3986, 0x39A6, 0x41C7, 0x4A08, 0x5269, 0x5A8A, 0x4A08, 0x3145, 0x3166, 0x3986, 0x39A7, 0x3986,
  0x41A7, 0x41A7, 0x3986, 0x3986, 0x3986, 0x3146, 0x3145, 0x3966, 0x3966, 0x3986, 0x3986, 0x3986, 0x3986, 0x3986, 0x3986, 0x3986,
  0xD75D, 0xD73C, 0xDF5D, 0xE77E, 0xEF9F, 0xE77E, 0xE79E, 0xDF5D, 0xDF7E, 0xE7BE, 0xE77D, 0xE77D, 0xE77E, 0xEF9E, 0xF7BF, 0xF7BF,
  0xF7BE, 0xF7BE, 0xDEFB, 0xDEDB, 0xEF1C, 0xCE39, 0xE6DB, 0xEF1C, 0xEF1C, 0xEEDB, 0xD639, 0xC596, 0xC597, 0xC596, 0xC576, 0xC576,
  0xC576, 0xBD76, 0xBD76, 0xBD76, 0xC576, 0xC576, 0xBD76, 0xBD75, 0xBD55, 0xBD55, 0xBD55, 0xBD55, 0xBD55, 0xBD55, 0xBD55, 0xB514,
  0xA472, 0xBD55, 0xACD3, 0xDE59, 0xEEDB, 0xCDD7, 0xBD35, 0xC535, 0xBD35, 0xBD35, 0xBD34, 0xBD34, 0xBD34, 0xBD34, 0xBD34, 0xBD34,
  0xBD14, 0xBD14, 0xA451, 0xB4D3, 0xBD14, 0xBD14, 0xBD14, 0xBD13, 0xBCF3, 0xBCF3, 0xBCF3, 0xBCF3, 0xBD14, 0xBD14, 0xBD14, 0xBD14,
  0xBCF3, 0xBCF3, 0xBCF3, 0xBCF3, 0xBCF3, 0xBCF3, 0xBCF3, 0xBCF3, 0xBCD3, 0xBCD3, 0xBCD3, 0xBCD3, 0xBCF3, 0xBCF3, 0xBCF3, 0xBCF3,
  0xBCF3, 0xBCF3, 0xBCF3, 0xBCF3, 0xBCF3, 0xBCF3, 0xBCF3, 0xBCF3, 0xBCF3, 0xBCF3, 0xBCF3, 0xBCF3, 0xBCD3, 0xAC51, 0xB4B3, 0xBCF3,
  0xBCF3, 0xBCF3, 0xBCF3, 0xBCF3, 0xBCF3, 0xBCF3, 0xBCF3, 0xBCF3, 0xBCF3, 0xBCF3, 0xBCF3, 0xBCF3, 0xBCF3, 0xBCF3, 0xBCF3, 0xBCF3,
  0xBCF3, 0xBCF3, 0xBCF3, 0xBCF3, 0xBCF3, 0xBCF3, 0xBCF3, 0xBCF3, 0xBD14, 0xAC51, 0x8B6E, 0x8B4D, 0xA410, 0xBCF3, 0xBCD3, 0xC514,
  0xC595, 0x942E, 0x9C8E, 0x9C8D, 0x9C8C, 0x946C, 0x9C4C, 0x9C4C, 0x944C, 0x944C, 0x944C, 0x944C, 0x942C, 0x8C2B, 0x8C2B, 0x8C2B,
  0x8C2B, 0x8C2B, 0x8C0B, 0x8C0B, 0x8C0B, 0x8C0B, 0x8C0B, 0x8C0B, 0x8BEB, 0x8BEB, 0x8BEB, 0x8BEA, 0x8BEA, 0x8BEA, 0x83CA, 0x83CA,
  0x83CA, 0x83AA, 0x83AA, 0x83A9, 0x83A9, 0x7B89, 0x7B89, 0x7B89, 0x7B69, 0x7369, 0x7369, 0x7349, 0x7348, 0x7328, 0x7328, 0x6B28,
  0x6B08, 0x6B08, 0x6B08, 0x62E8, 0x62C7, 0x62C7, 0x5AA6, 0x62E7, 0x7368, 0x7368, 0x7369, 0x734A, 0x62C9, 0x5248, 0x4207, 0x4228,
  0x4228, 0x4229, 0x4229, 0x4A49, 0x4A4A, 0x4209, 0x39E8, 0x39E9, 0x39C8, 0x39E8, 0x4229, 0x4229, 0x4229, 0x4229, 0x4229, 0x4229,
  0x39C8, 0x2946, 0x2925, 0x2945, 0x2925, 0x2125, 0x2945, 0x2925, 0x2925, 0x2925, 0x2925, 0x2925, 0x2925, 0x2925, 0x2925, 0x2925,
  0x2925, 0x2925, 0x2925, 0x2925, 0x2925, 0x2925, 0x2925, 0x2925, 0x2145, 0x2925, 0x2925, 0x2945, 0x3186, 0x2904, 0x20C3, 0x5229,
  0xE699, 0xDE57, 0xCDB5, 0xAC90, 0xB4D1, 0xCD95, 0xA492, 0x62AA, 0x5249, 0x3986, 0x3986, 0x3986, 0x3986, 0x3986, 0x3145, 0x3166,
  0x3986, 0x3145, 0x3166, 0x3987, 0x3166, 0x20C4, 0x1883, 0x20C4, 0x18C4, 0x18C3, 0x10A3, 0x10A3, 0x10A3, 0x10A3, 0x18A3, 0x18A3,
  0x10C3, 0x18C3, 0x2103, 0x83CE, 0xA4B1, 0x940F, 0xA490, 0x942F, 0x732C, 0x5228, 0x41A7, 0x41C7, 0x39A7, 0x39A7, 0x4187, 0x4186,
  0x4165, 0x4165, 0x4186, 0x41C7, 0x3965, 0x3124, 0x3966, 0x3986, 0x3986, 0x3986, 0x3986, 0x3986, 0x3987, 0x3987, 0x3987, 0x3987,
  0xD75D, 0xD73C, 0xDF5D, 0xEF9E, 0xEF7E, 0xE77E, 0xDF7E, 0xD73C, 0xD75D, 0xDF5D, 0xE77E, 0xEFBE, 0xEFBF, 0xF7BF, 0xF7DF, 0xF7BE,
  0xF7DF, 0xDEFB, 0xD6BA, 0xEF5D, 0xCE59, 0xDE9A, 0xEF1C, 0xEEFC, 0xE6DB, 0xCDF8, 0xC596, 0xC597, 0xC596, 0xC576, 0xC576, 0xC576,
  0xC576, 0xBD76, 0xBD55, 0xBD55, 0xBD76, 0xBD76, 0xBD55, 0xBD55, 0xBD55, 0xBD55, 0xBD55, 0xBD55, 0xBD55, 0xBD55, 0xBD55, 0xACD3,
  0xA472, 0xBD35, 0xB514, 0xE69A, 0xE69A, 0xC576, 0xBD35, 0xBD35, 0xBD35, 0xBD34, 0xBD34, 0xBD14, 0xBD14, 0xBD14, 0xBD14, 0xBD14,
  0xBD14, 0xB4F3, 0xA431, 0xBD14, 0xBD14, 0xBD14, 0xBD14, 0xBD13, 0xBCF3, 0xBCF3, 0xBCF3, 0xBCF3, 0xBCF3, 0xBCF3, 0xBCF3, 0xBCF3,
  0xBCF3, 0xBCF3, 0xBCF3, 0xBCF3, 0xBCF3, 0xBCF3, 0xBCF3, 0xBCF3, 0xBCD3, 0xBCD3, 0xBCD3, 0xBCD3, 0xBCF3, 0xBCF3, 0xBCF3, 0xBCF3,
  0xBCF3, 0xBCF3, 0xBCF3, 0xBCF3, 0xBCF3, 0xBCF3, 0xBCF3, 0xBCF3, 0xBCF3, 0xBCF3, 0xBCF3, 0xBCF3, 0xBCF3, 0xB492, 0xB492, 0xBCF3,
  0xBCF3, 0xBCF3, 0xBCF3, 0xBCF3, 0xBCF3, 0xBCF3, 0xBCF3, 0xBCF3, 0xBCF3, 0xBCF3, 0xBCF3, 0xBCF3, 0xBCF3, 0xBCF3, 0xBCF3, 0xBCF3,
  0xBCF3, 0xBCF3, 0xBCF3, 0xBCF3, 0xBCF3, 0xBCF3, 0xBCF3, 0xBCF3, 0xBCF3, 0xBCF3, 0x8B6E, 0x9BAF, 0x8B4D, 0xB472, 0xBCD3, 0xBCD3,
  0xC555, 0xB512, 0x942D, 0x9C8D, 0x9C8C, 0x9C8C, 0x9C6C, 0x9C4C, 0x944C, 0x944C, 0x944C, 0x944C, 0x944C, 0x942C, 0x942C, 0x942C,
  0x8C2B, 0x8C2B, 0x8C2B, 0x8C0B, 0x8C0B, 0x8C0B, 0x8C0B, 0x8C0B, 0x8BEB, 0x8BEB, 0x8BEB, 0x8BEB, 0x8BEA, 0x8BEA, 0x83CA, 0x83CA,
  0x83CA, 0x83AA, 0x83AA, 0x83AA, 0x83A9, 0x83A9, 0x7B89, 0x7B89, 0x7B69, 0x7B69, 0x7369, 0x7349, 0x7348, 0x7348, 0x7328, 0x7328,
  0x6B28, 0x6B08, 0x6B08, 0x6AE8, 0x62E7, 0x62C7, 0x62A7, 0x62E7, 0x7B8A, 0x736A, 0x62C8, 0x5248, 0x4207, 0x4228, 0x4A29, 0x4A29,
  0x4A4A, 0x4229, 0x4229, 0x4229, 0x31A7, 0x2966, 0x2125, 0x2966, 0x39E8, 0x4229, 0x4229, 0x4229, 0x4229, 0x4229, 0x4229, 0x39C8,
  0x2946, 0x2125, 0x2945, 0x2945, 0x2945, 0x2125, 0x2945, 0x2925, 0x2925, 0x2925, 0x2925, 0x2925, 0x2925, 0x2925, 0x2925, 0x2925,
  0x2925, 0x2925, 0x2925, 0x2925, 0x2925, 0x2925, 0x2925, 0x2925, 0x2945, 0x2945, 0x2945, 0x2925, 0x3186, 0x2924, 0x20E3, 0x5269,
  0xE699, 0xD617, 0xD616, 0xC573, 0xB4B1, 0xC595, 0x732C, 0x5A8A, 0x41A7, 0x3986, 0x3986, 0x3986, 0x3986, 0x3166, 0x3145, 0x3986,
  0x3146, 0x3146, 0x3986, 0x3987, 0x2905, 0x1083, 0x18C4, 0x2925, 0x2125, 0x2125, 0x2104, 0x20E4, 0x18E4, 0x18E4, 0x18E4, 0x18E4,
  0x18E4, 0x18E4, 0x20E3, 0x5248, 0xB533, 0x7B8C, 0x5247, 0x41A5, 0x3944, 0x3965, 0x3965, 0x3965, 0x3966, 0x41A6, 0x41A6, 0x51E7,
  0x6249, 0x730B, 0x83AE, 0x6B0B, 0x3986, 0x3966, 0x3987, 0x3966, 0x3986, 0x3986, 0x3986, 0x3986, 0x3987, 0x3987, 0x3987, 0x3987,
  0xCF1C, 0xD75D, 0xE79E, 0xEFBF, 0xE77E, 0xDF5D, 0xDF9E, 0xDF5D, 0xDF7E, 0xDF5D, 0xE79E, 0xEFBF, 0xEFBE, 0xF7DF, 0xEFBE, 0xFFFF,
  0xE71C, 0xD6BA, 0xEF5D, 0xD69A, 0xD679, 0xEF1C, 0xEEFC, 0xEEDB, 0xCDF8, 0xC597, 0xC597, 0xC596, 0xBD76, 0xC576, 0xC576, 0xBD56,
  0xC556, 0xBD55, 0xBD55, 0xBD55, 0xBD55, 0xBD55, 0xBD55, 0xBD55, 0xBD55, 0xBD55, 0xBD55, 0xBD55, 0xBD55, 0xBD55, 0xBD55, 0xA471,
  0xB4F4, 0xB514, 0xB514, 0xEEDB, 0xD638, 0xBD35, 0xBD35, 0xC535, 0xBD34, 0xBD14, 0xBD14, 0xBD14, 0xBD14, 0xBD14, 0xBD14, 0xBD14,
  0xBD34, 0xAC92, 0xA451, 0xBD14, 0xBCF3, 0xBCF3, 0xBCF3, 0xBCF3, 0xBCF3, 0xBCF3, 0xBCF3, 0xBCF3, 0xBCF3, 0xBCF3, 0xBCF3, 0xBCF3,
  0xBCF3, 0xBCF3, 0xBCF3, 0xBCF3, 0xBCF3, 0xBCF3, 0xBCF3, 0xBCF3, 0xBCF3, 0xBCF3, 0xBCF3, 0xBCF3, 0xBCF3, 0xBCF3, 0xBCF3, 0xBCF3,
  0xBCF3, 0xBCF3, 0xBCF3, 0xBCF3, 0xBCF3, 0xBCF3, 0xBCF3, 0xBCF3, 0xBCF3, 0xBCF3, 0xBCF3, 0xBCD3, 0xBCF3, 0xBCD3, 0xB4B2, 0xBCF3,
  0xBCF3, 0xBCF3, 0xBCF3, 0xBCF3, 0xBCF3, 0xBCF3, 0xBCF3, 0xBCF3, 0xBCF3, 0xBCF3, 0xBCF3, 0xBCF3, 0xBCF3, 0xBCF3, 0xBCF3, 0xBCF3,
  0xBCF3, 0xBCF3, 0xBCF3, 0xBCF3, 0xBCF3, 0xBCF3, 0xBCF3, 0xBCF3, 0xBD14, 0xBCF4, 0xA431, 0x938E, 0x9BAF, 0x936E, 0xBCB3, 0xBCD3,
  0xBCD3, 0xCD95, 0xA490, 0x9C6E, 0x9C8D, 0x9C8D, 0x9C8C, 0x946C, 0x946C, 0x946C, 0x944C, 0x944C, 0x944C, 0x944C, 0x944C, 0x944C,
  0x942C, 0x8C2B, 0x8C2B, 0x8C2B, 0x8C0B, 0x8C0B, 0x8C0B, 0x8C0B, 0x8C0B, 0x8BEB, 0x8BEB, 0x8BEB, 0x8BEB, 0x8BEA, 0x8BEA, 0x83CA,
  0x83CA, 0x83CA, 0x83AA, 0x83AA, 0x83AA, 0x83A9, 0x83A9, 0x7B89, 0x7B89, 0x7B69, 0x7369, 0x7369, 0x7349, 0x7348, 0x7348, 0x7328,
  0x6B28, 0x6B28, 0x6B28, 0x6B08, 0x6AE8, 0x62E7, 0x62C7, 0x62E8, 0x62E9, 0x5248, 0x4A07, 0x4A28, 0x4A29, 0x4A2A, 0x422A, 0x422A,
  0x4A4A, 0x4209, 0x39C8, 0x3187, 0x2125, 0x2125, 0x2125, 0x39C8, 0x4229, 0x4209, 0x4A4A, 0x4229, 0x4229, 0x4A4A, 0x31A7, 0x2946,
  0x2945, 0x2945, 0x2945, 0x2945, 0x2945, 0x2125, 0x2125, 0x2945, 0x2925, 0x2925, 0x2925, 0x2925, 0x2925, 0x2925, 0x2925, 0x2925,
  0x2925, 0x2925, 0x2925, 0x2925, 0x2925, 0x2925, 0x2925, 0x2925, 0x2945, 0x2945, 0x2945, 0x2125, 0x3166, 0x3145, 0x2904, 0x5229,
  0xDE98, 0xD637, 0xD5F5, 0xCDD5, 0xC574, 0x940F, 0x62AA, 0x4A28, 0x3986, 0x39A7, 0x39A7, 0x3986, 0x3986, 0x3145, 0x3166, 0x3966,
  0x3145, 0x3166, 0x3986, 0x2925, 0x18A3, 0x18C4, 0x2125, 0x2945, 0x2945, 0x2945, 0x2945, 0x2945, 0x2945, 0x2945, 0x2945, 0x2945,
  0x2146, 0x2125, 0x20E4, 0x20C2, 0x3124, 0x49E7, 0x41A6, 0x4A07, 0x6269, 0x6AAA, 0x72EB, 0x7B4C, 0x838D, 0x93EF, 0x9C50, 0xACD1,
  0xB4F3, 0xBD14, 0x7B4D, 0x3986, 0x3986, 0x39A7, 0x3987, 0x3987, 0x3986, 0x3986, 0x3986, 0x3986, 0x3987, 0x3987, 0x3987, 0x3987,
  0xCF3C, 0xD73C, 0xE77E, 0xE77E, 0xDF5D, 0xE79E, 0xDF5D, 0xD73D, 0xE75E, 0xE77E, 0xE79E, 0xEFBE, 0xE77D, 0xE79E, 0xF7FF, 0xE73C,
  0xD69A, 0xEF3D, 0xDEDB, 0xCE38, 0xE6FC, 0xEEFC, 0xE6DB, 0xCDF8, 0xC5B7, 0xC596, 0xC596, 0xBD76, 0xC576, 0xC576, 0xBD56, 0xBD56,
  0xBD55, 0xBD55, 0xBD55, 0xBD55, 0xBD55, 0xBD55, 0xBD55, 0xBD55, 0xBD35, 0xBD35, 0xBD35, 0xBD35, 0xBD55, 0xBD35, 0xBD14, 0xA471,
  0xBD14, 0xB4F4, 0xBD55, 0xEEDB, 0xCDB6, 0xBD34, 0xBD34, 0xBD14, 0xBD14, 0xBD14, 0xBD14, 0xBD14, 0xBD14, 0xBD14, 0xBD14, 0xBD14,
  0xBD35, 0xA451, 0xAC92, 0xBCF4, 0xBD13, 0xBCF3, 0xBCF3, 0xBCF3, 0xBCF3, 0xBCF3, 0xBCF3, 0xBCF3, 0xBCF3, 0xBCF3, 0xBCF3, 0xBCF3,
  0xBCF3, 0xBCF3, 0xBCF3, 0xBCF3, 0xBCF3, 0xBCF3, 0xBCF3, 0xBCF3, 0xBCF3, 0xBCF3, 0xBCF3, 0xBCF3, 0xBCF3, 0xBCF3, 0xBCF3, 0xBCF3,
  0xBCF3, 0xBCF3, 0xBCF3, 0xBCF3, 0xBCF3, 0xBCF3, 0xBCF3, 0xBCF3, 0xBCF3, 0xBCF3, 0xBCF3, 0xBCF3, 0xBCF3, 0xBCF3, 0xBCD3, 0xBCF3,
  0xBCF3, 0xBCF3, 0xBCF3, 0xBCF3, 0xBCF3, 0xBCF3, 0xBCF3, 0xBCF3, 0xBCF3, 0xBCF3, 0xBCF3, 0xBCF3, 0xBCF3, 0xBCF3, 0xBCF3, 0xBCF3,
  0xBCF3, 0xBCF3, 0xBCF3, 0xBCF3, 0xBCF3, 0xBCF3, 0xBCF3, 0xBCF3, 0xBD14, 0xBCF4, 0xBCD3, 0x938E, 0x9BCF, 0x936E, 0xA3F0, 0xC4F4,
  0xBCB3, 0xC514, 0xC574, 0x93ED, 0x9C8E, 0x9C8E, 0x948D, 0x948C, 0x946C, 0x946C, 0x946C, 0x944C, 0x944C, 0x944C, 0x944C, 0x944C,
  0x942C, 0x942C, 0x8C2B, 0x8C2B, 0x8C2B, 0x8C2B, 0x8C0B, 0x8C0B, 0x8C0B, 0x8C0B, 0x8BEB, 0x8BEB, 0x8BEB, 0x8BEA, 0x8BEA, 0x83CA,
  0x83CA, 0x83CA, 0x83AA, 0x83AA, 0x83AA, 0x83AA, 0x83A9, 0x7B89, 0x7B89, 0x7B69, 0x7369, 0x7369, 0x7369, 0x7349, 0x7348, 0x7348,
  0x7348, 0x7328, 0x6B28, 0x6B08, 0x6B08, 0x6AE8, 0x5A87, 0x62C8, 0x6B0B, 0x41E7, 0x4208, 0x4A29, 0x422A, 0x422A, 0x424A, 0x424A,
  0x4229, 0x31A7, 0x2946, 0x2125, 0x2946, 0x2125, 0x31A7, 0x4229, 0x4229, 0x4229, 0x4229, 0x4229, 0x4209, 0x3187, 0x2125, 0x2946,
  0x2925, 0x2925, 0x2125, 0x2945, 0x2966, 0x3186, 0x31A7, 0x3186, 0x2925, 0x2925, 0x2925, 0x2925, 0x2925, 0x2925, 0x2925, 0x2925,
  0x2925, 0x2925, 0x2925, 0x2925, 0x2925, 0x2925, 0x2925, 0x2925, 0x2145, 0x2925, 0x2945, 0x2925, 0x3166, 0x3165, 0x3145, 0x3145,
  0x8BEE, 0xD616, 0xD5F6, 0xD616, 0xC574, 0x6AEB, 0x5A8A, 0x3986, 0x39A6, 0x3986, 0x3986, 0x3986, 0x3145, 0x3165, 0x3986, 0x3165,
  0x3145, 0x3986, 0x3166, 0x18C3, 0x18C3, 0x2125, 0x2145, 0x2146, 0x2945, 0x2945, 0x2945, 0x2945, 0x2945, 0x2945, 0x2945, 0x2945,
  0x2126, 0x2125, 0x2125, 0x2104, 0x20E3, 0x5A8A, 0xA4D3, 0x9430, 0xC575, 0xCD95, 0xD5D6, 0xD5D5, 0xD5F6, 0xD5F5, 0xD5F5, 0xCDB5,
  0xCD95, 0x7B4C, 0x3965, 0x41A6, 0x39A6, 0x3987, 0x3166, 0x3987, 0x3987, 0x3986, 0x3986, 0x3986, 0x3987, 0x3987, 0x3987, 0x3987,
  0xD73D, 0xD71C, 0xD73C, 0xD73D, 0xD73C, 0xDF7D, 0xD73C, 0xD75D, 0xDF5D, 0xDF5D, 0xE77E, 0xDF7D, 0xD71C, 0xE77E, 0xEF7E, 0xD69A,
  0xE71C, 0xEF1C, 0xCE38, 0xDEBA, 0xEF1C, 0xEEFC, 0xD639, 0xC596, 0xC597, 0xBD56, 0xBD76, 0xBD76, 0xC576, 0xC556, 0xBD56, 0xBD56,
  0xC555, 0xBD55, 0xBD55, 0xBD55, 0xBD55, 0xBD55, 0xBD35, 0xBD35, 0xBD35, 0xBD35, 0xBD35, 0xBD35, 0xBD35, 0xC535, 0xB4D3, 0xA451,
  0xC555, 0xB4F3, 0xC596, 0xEEBA, 0xC575, 0xBD34, 0xBD14, 0xBD14, 0xBD14, 0xBD14, 0xBD14, 0xBD14, 0xBD14, 0xBD14, 0xBD14, 0xBD14,
  0xBD14, 0x9C30, 0xB4D3, 0xBCF4, 0xBCF3, 0xBCF3, 0xBCF3, 0xBCF3, 0xBCF3, 0xBCF3, 0xBCF3, 0xBCF3, 0xBCF3, 0xBCF3, 0xBCF3, 0xBCF3,
  0xBCF3, 0xBCF3, 0xBCF3, 0xBCF3, 0xBCF3, 0xBCF3, 0xBCF3, 0xBCF3, 0xBCF3, 0xBCF3, 0xBCF3, 0xBCF3, 0xBCF3, 0xBCF3, 0xBCF3, 0xBCF3,
  0xBCF3, 0xBCF3, 0xBCF3, 0xBCF3, 0xBCF3, 0xBCF3, 0xBCF3, 0xBCF3, 0xBCF3, 0xBCF3, 0xBCF3, 0xBCF3, 0xBCF3, 0xBCF3, 0xBCF3, 0xBCF3,
  0xBCF3, 0xBCF3, 0xBCF3, 0xBCF3, 0xBCF3, 0xBCF3, 0xBCF3, 0xBCF3, 0xBCD3, 0xBCD3, 0xBCD3, 0xBCD3, 0xBCF3, 0xBCF3, 0xBCF3, 0xBCF3,
  0xBCF3, 0xBCF3, 0xBCF3, 0xBCF3, 0xBCF3, 0xBCF3, 0xBCF3, 0xBCD3, 0xB4B2, 0xBCF4, 0xBCF4, 0xA430, 0x936E, 0x9BF0, 0x936E, 0xB492,
  0xBCD4, 0xBCD3, 0xCD75, 0xAC70, 0x8BCD, 0x9C6E, 0x9C8D, 0x948D, 0x9C8D, 0x9C6C, 0x946C, 0x946C, 0x944C, 0x944C, 0x944C, 0x944C,
  0x944C, 0x944C, 0x8C2B, 0x8C2B, 0x8C2B, 0x8C2B, 0x8C2B, 0x8C2B, 0x8C0B, 0x8C0B, 0x8BEB, 0x8BEB, 0x8C0B, 0x8BEB, 0x8BEA, 0x8BEA,
  0x83CA, 0x83CA, 0x83CA, 0x83CA, 0x83AA, 0x83AA, 0x83A9, 0x83A9, 0x7B89, 0x7B89, 0x7B89, 0x7B69, 0x7369, 0x7349, 0x7348, 0x7348,
  0x7348, 0x7348, 0x7328, 0x7328, 0x62C8, 0x6AE9, 0x8C0D, 0xCE16, 0xDE99, 0x62CA, 0x39C7, 0x4229, 0x4229, 0x3A09, 0x39E8, 0x31A7,
  0x31A7, 0x2966, 0x2946, 0x2946, 0x2125, 0x2966, 0x4229, 0x4209, 0x4229, 0x4A4A, 0x4229, 0x39E8, 0x31A7, 0x3187, 0x3187, 0x31A7,
  0x31A7, 0x39C7, 0x39E8, 0x4208, 0x39E8, 0x39A7, 0x2966, 0x2125, 0x2925, 0x2925, 0x2925, 0x2925, 0x2925, 0x2925, 0x2925, 0x2925,
  0x2925, 0x2925, 0x2925, 0x2925, 0x2925, 0x2925, 0x2925, 0x2925, 0x2945, 0x2945, 0x2945, 0x2925, 0x3166, 0x3165, 0x3125, 0x3145,
  0x28E2, 0x6AA9, 0xB513, 0xD617, 0x8BEE, 0x5AAA, 0x4A08, 0x3186, 0x39A7, 0x3986, 0x3986, 0x3986, 0x3145, 0x3986, 0x3986, 0x3145,
  0x3966, 0x3986, 0x2904, 0x18C3, 0x2104, 0x2125, 0x2146, 0x2146, 0x2945, 0x2945, 0x2925, 0x2945, 0x2945, 0x2945, 0x2945, 0x2945,
  0x2126, 0x2926, 0x2925, 0x2925, 0x2925, 0x2904, 0x7B8E, 0xA4D3, 0xAC91, 0xDDF6, 0xD5B5, 0xD5D5, 0xDDF5, 0xD5F5, 0xD5F5, 0xD5F5,
  0x93CF, 0x4165, 0x4186, 0x39A6, 0x3986, 0x3146, 0x3146, 0x3987, 0x3987, 0x3987, 0x3987, 0x3987, 0x3987, 0x3987, 0x3987, 0x3986,
  0xD73D, 0xDF9E, 0xD75D, 0xD75D, 0xD73C, 0xCF1C, 0xCF1C, 0xD75D, 0xE77E, 0xE79E, 0xDF7D, 0xD71C, 0xD71C, 0xDF3D, 0xCE59, 0xE6FC,
  0xEF3D, 0xDE7A, 0xD659, 0xEF1C, 0xEEFC, 0xD659, 0xC597, 0xC596, 0xC596, 0xB4F4, 0xBD35, 0xC576, 0xBD56, 0xC556, 0xBD56, 0xBD55,
  0xBD55, 0xBD55, 0xBD55, 0xBD55, 0xBD55, 0xBD35, 0xBD35, 0xBD35, 0xBD35, 0xBD35, 0xBD35, 0xBD35, 0xBD35, 0xC535, 0xAC92, 0xAC92,
  0xC555, 0xACB3, 0xCDD7, 0xE679, 0xBD34, 0xBD14, 0xBD14, 0xC514, 0xBD14, 0xBD14, 0xBD14, 0xBD14, 0xBD14, 0xBD14, 0xBD14, 0xBD14,
  0xB4D3, 0x9C30, 0xBCF4, 0xBCF4, 0xBCF3, 0xBCF3, 0xBCF3, 0xBCF3, 0xBCF3, 0xBCF3, 0xBCF3, 0xBCF3, 0xBCF3, 0xBCF3, 0xBCF3, 0xBCF3,
  0xBCF3, 0xBCF3, 0xBCF3, 0xBCF3, 0xBCF3, 0xBCF3, 0xBCF3, 0xBCF3, 0xBCF3, 0xBCF3, 0xBCF3, 0xBCF3, 0xBCF3, 0xBCF3, 0xBCF3, 0xBCF3,
  0xBCF3, 0xBCF3, 0xBCF3, 0xBCF3, 0xBCF3, 0xBCF3, 0xBCF3, 0xBCF3, 0xBCF3, 0xBCF3, 0xBCF3, 0xBCF3, 0xBCF3, 0xBCF3, 0xBCF3, 0xBCF3,
  0xBCF3, 0xBCD3, 0xBCF3, 0xBCF3, 0xBCF3, 0xBCF3, 0xBCF3, 0xBCF3, 0xBCF3, 0xBCD3, 0xBCD3, 0xBCD3, 0xBCF3, 0xBCF3, 0xBCF3, 0xBCF3,
  0xBCF3, 0xBCF3, 0xBCF3, 0xBCF3, 0xBCF3, 0xBCF3, 0xBCF3, 0xBCF3, 0xA430, 0xA431, 0xBCF4, 0xBCD3, 0x9BAF, 0xA3F0, 0x938E, 0x9BAF,
  0xBCD3, 0xBCD3, 0xC4F4, 0xCD75, 0xB4D2, 0x9C6F, 0x946E, 0x9C8D, 0x9C8D, 0x9C8D, 0x946C, 0x946C, 0x946C, 0x946C, 0x944C, 0x944C,
  0x944C, 0x944C, 0x944C, 0x942C, 0x942C, 0x942B, 0x8C2B, 0x8C2B, 0x8C0B, 0x8C0B, 0x8C0B, 0x8C0B, 0x8C0B, 0x8BEB, 0x8BEB, 0x8BEA,
  0x8BEA, 0x83CA, 0x83CA, 0x83CA, 0x83CA, 0x83CA, 0x83AA, 0x83A9, 0x7B89, 0x7B89, 0x7B89, 0x7B69, 0x7369, 0x7369, 0x7349, 0x7349,
  0x7349, 0x7349, 0x7308, 0x6AE8, 0x942E, 0xD616, 0xF73A, 0xF73B, 0xEEFA, 0x7BAE, 0x31A6, 0x39E8, 0x29A7, 0x2966, 0x2145, 0x2945,
  0x2125, 0x2966, 0x2125, 0x2125, 0x2946, 0x39E8, 0x39C8, 0x4209, 0x4A4A, 0x4A4A, 0x4229, 0x4229, 0x4A4A, 0x4229, 0x4A4A, 0x4A4A,
  0x4A29, 0x4A29, 0x4208, 0x31A7, 0x2946, 0x2925, 0x2925, 0x2945, 0x2925, 0x2925, 0x2925, 0x2925, 0x2925, 0x2925, 0x2925, 0x2925,
  0x2925, 0x2925, 0x2925, 0x2925, 0x2925, 0x2925, 0x2925, 0x2925, 0x2945, 0x2945, 0x2945, 0x2925, 0x3165, 0x3986, 0x2925, 0x3145,
  0x28A1, 0x5A47, 0x940F, 0x940F, 0x6AEB, 0x5A6A, 0x39A7, 0x3987, 0x3986, 0x3986, 0x3986, 0x3145, 0x3166, 0x3986, 0x3145, 0x3125,
  0x41A6, 0x3986, 0x3125, 0x20E4, 0x2125, 0x2105, 0x2126, 0x2146, 0x2946, 0x2945, 0x2125, 0x2945, 0x2945, 0x2945, 0x2945, 0x2945,
  0x2925, 0x2925, 0x2126, 0x2126, 0x2945, 0x2925, 0x3145, 0x9C71, 0x9C2F, 0xB4F2, 0xDDF6, 0xD5D5, 0xD5D5, 0xD5F5, 0xD616, 0xA470,
  0x41A6, 0x4186, 0x41A6, 0x3966, 0x3145, 0x3186, 0x3987, 0x3987, 0x3987, 0x3987, 0x3987, 0x3987, 0x3987, 0x3987, 0x3987, 0x3987,
  0xDF7E, 0xE7BE, 0xE7BE, 0xDF9E, 0xD75D, 0xD73C, 0xD73D, 0xD75D, 0xDF7E, 0xDF7D, 0xD75D, 0xD75D, 0xDF5D, 0xC659, 0xDEBB, 0xEF1C,
  0xEEFC, 0xCDF8, 0xE6DB, 0xEEFC, 0xDE9A, 0xC597, 0xC596, 0xBD76, 0xC576, 0xACD3, 0xBD35, 0xC576, 0xBD56, 0xBD56, 0xBD56, 0xBD55,
  0xC555, 0xC535, 0xBD35, 0xBD35, 0xBD35, 0xBD35, 0xBD35, 0xBD35, 0xBD35, 0xBD35, 0xBD35, 0xBD35, 0xBD34, 0xBD34, 0xA451, 0xB4F3,
  0xC535, 0xACB2, 0xD5F8, 0xD5F8, 0xB514, 0xBD14, 0xC514, 0xC514, 0xBD14, 0xBD14, 0xBD14, 0xBD14, 0xBD14, 0xBD14, 0xBD14, 0xC514,
  0xAC92, 0xA451, 0xBD14, 0xBCF4, 0xBCF3, 0xBCF3, 0xBCF3, 0xBCF3, 0xBCF3, 0xBCF3, 0xBCF3, 0xBCF3, 0xBCF3, 0xBCF3, 0xBCF3, 0xBCF3,
  0xBCF3, 0xBCF3, 0xBCF3, 0xBCF3, 0xBCF3, 0xBCF3, 0xBCF3, 0xBCF3, 0xBCF3, 0xBCF3, 0xBCF3, 0xBCF3, 0xBCF3, 0xBCF3, 0xBCF3, 0xBCF3,
  0xBCF3, 0xBCF3, 0xBCF3, 0xBCF3, 0xBCF3, 0xBCF3, 0xBCF3, 0xBCF3, 0xBCF3, 0xBCF3, 0xBCF3, 0xBCF3, 0xBCF3, 0xBCF3, 0xBCF3, 0xBCF3,
  0xBCF3, 0xBCF3, 0xBCF3, 0xBCF3, 0xBCF3, 0xBCF3, 0xBCF3, 0xBCF3, 0xBCF3, 0xBCF3, 0xBCF3, 0xBCD3, 0xBCF3, 0xBCF3, 0xBCF3, 0xBCF3,
  0xBCF3, 0xBCF3, 0xBCF3, 0xBCF3, 0xBCF3, 0xBCF3, 0xBCF3, 0xBCF3, 0xBCF4, 0xA431, 0xA410, 0xBCF4, 0xBCB3, 0xA3F0, 0x9BCF, 0x8B6D,
  0xAC71, 0xBCF4, 0xBCD3, 0xC535, 0xC555, 0xCD95, 0x9C6F, 0x9C8E, 0x9CAD, 0x9C8D, 0x9C6D, 0x946C, 0x946C, 0x946C, 0x946C, 0x946C,
  0x944C, 0x944C, 0x944C, 0x944C, 0x942C, 0x942C, 0x942C, 0x8C2B, 0x942B, 0x942B, 0x8C0B, 0x8C0B, 0x8C0B, 0x8C0B, 0x8BEB, 0x8BEB,
  0x8BEA, 0x8BEA, 0x83CA, 0x83CA, 0x83CA, 0x83CA, 0x83AA, 0x83AA, 0x7B8A, 0x7B89, 0x7B89, 0x7B89, 0x7B69, 0x7B69, 0x7B69, 0x7B69,
  0x7329, 0x7309, 0x8BED, 0xCDF5, 0xF73A, 0xF71A, 0xDE78, 0xD637, 0xC595, 0x5228, 0x2924, 0x2945, 0x2145, 0x2146, 0x2946, 0x2925,
  0x2946, 0x2966, 0x2125, 0x2105, 0x3187, 0x39C8, 0x39E8, 0x4229, 0x4A4A, 0x4229, 0x4A4A, 0x4A4A, 0x4229, 0x4229, 0x4229, 0x39E8,
  0x31A7, 0x2966, 0x2945, 0x2125, 0x2125, 0x2925, 0x2945, 0x2945, 0x2925, 0x2925, 0x2925, 0x2925, 0x2925, 0x2925, 0x2925, 0x2925,
  0x2925, 0x2925, 0x2925, 0x2925, 0x2925, 0x2925, 0x2925, 0x2925, 0x2945, 0x2945, 0x2945, 0x2925, 0x3145, 0x3986, 0x2925, 0x2904,
  0x72CA, 0xB4F2, 0x9C50, 0x6289, 0x6AEB, 0x4A08, 0x3966, 0x39A7, 0x3986, 0x3986, 0x3966, 0x3145, 0x3986, 0x3986, 0x3145, 0x39A6,
  0x3945, 0x62AA, 0x6AEB, 0x20C4, 0x2925, 0x2105, 0x2105, 0x1905, 0x2105, 0x2945, 0x2925, 0x2925, 0x2945, 0x2945, 0x2945, 0x2945,
  0x2925, 0x2925, 0x2125, 0x2146, 0x2945, 0x2925, 0x2904, 0x4A08, 0xACF2, 0x7B4B, 0xC553, 0xD5F6, 0xD5D5, 0xDE16, 0xB513, 0x49E7,
  0x3966, 0x3987, 0x3165, 0x3145, 0x3186, 0x3986, 0x3986, 0x3986, 0x3987, 0x3987, 0x3987, 0x3987, 0x41A7, 0x3987, 0x3986, 0x3986,
  0xE77E, 0xDF7E, 0xD75D, 0xD73D, 0xCF1C, 0xD75D, 0xD75D, 0xD73D, 0xDF7D, 0xD75D, 0xD75D, 0xDF9E, 0xCEDB, 0xCE7A, 0xEF3D, 0xEF1C,
  0xD659, 0xD659, 0xEEFC, 0xE6BB, 0xCDD7, 0xBD96, 0xBD96, 0xBD76, 0xBD55, 0xACB3, 0xBD55, 0xBD55, 0xBD56, 0xBD56, 0xBD56, 0xBD35,
  0xC535, 0xC535, 0xBD35, 0xBD35, 0xBD35, 0xBD35, 0xBD35, 0xBD34, 0xBD34, 0xBD34, 0xBD34, 0xBD34, 0xBD14, 0xBD14, 0xA451, 0xBCF4,
  0xBD14, 0xACB3, 0xDE18, 0xCDB6, 0xB514, 0xBD14, 0xBD14, 0xBD14, 0xBD14, 0xBD14, 0xBD14, 0xBD14, 0xBD14, 0xBD14, 0xBD14, 0xC535,
  0xA451, 0xAC92, 0xBD14, 0xBCF4, 0xBCF3, 0xBCF3, 0xBCF3, 0xBCF3, 0xBCF3, 0xBCF3, 0xBCF3, 0xBCF3, 0xBCF3, 0xBCF3, 0xBCF3, 0xBCF3,
  0xBCF3, 0xBCF3, 0xBCF3, 0xBCF3, 0xBCF3, 0xBCF3, 0xBCF3, 0xBCF3, 0xBCF3, 0xBCF3, 0xBCF3, 0xBCF3, 0xBCF3, 0xBCF3, 0xBCF3, 0xBCF3,
  0xBCF3, 0xBCF3, 0xBCF3, 0xBCF3, 0xBCF3, 0xBCF3, 0xBCF3, 0xBCF3, 0xBCF3, 0xBCF3, 0xBCF3, 0xBCF3, 0xBCF3, 0xBCF3, 0xBCF3, 0xBCD3,
  0xAC51, 0xBCF3, 0xBCF3, 0xBCF3, 0xBCF3, 0xBCF3, 0xBCF3, 0xBCF3, 0xBCF3, 0xBCF3, 0xBCF3, 0xBCF3, 0xBCF3, 0xBCF3, 0xBCF3, 0xBCF3,
  0xBCF3, 0xBCF3, 0xBCF3, 0xBCF3, 0xBCF3, 0xBCF3, 0xBCF3, 0xBCF3, 0xBCF3, 0xBCF4, 0xA431, 0x9BCF, 0xBCD3, 0xB492, 0xA3F0, 0x9BAF,
  0x93AE, 0xBCD3, 0xBCF4, 0xC4F4, 0xC514, 0xC575, 0xDE37, 0x9C4E, 0x9C8D, 0x9C8D, 0x9C8D, 0x9C6C, 0x946C, 0x946C, 0x946C, 0x946C,
  0x946C, 0x944C, 0x944C, 0x944C, 0x944C, 0x944C, 0x942C, 0x942C, 0x942B, 0x942B, 0x8C0B, 0x8C0B, 0x8C0B, 0x8C0B, 0x8C0B, 0x8BEB,
  0x8BEB, 0x8BEA, 0x8BEA, 0x83CA, 0x83CA, 0x83CA, 0x83CA, 0x83CA, 0x7BAA, 0x7B8A, 0x7B89, 0x7B89, 0x7B89, 0x7B69, 0x7B69, 0x7329,
  0x838C, 0xBD73, 0xF71A, 0xF71A, 0xDE78, 0xD616, 0xCDF6, 0xD617, 0x8BAE, 0x28E4, 0x2925, 0x2946, 0x2126, 0x2126, 0x2946, 0x2926,
  0x2966, 0x2946, 0x2125, 0x3187, 0x39E8, 0x4229, 0x4229, 0x4229, 0x4229, 0x4A4A, 0x4A4A, 0x4A4A, 0x4209, 0x31A7, 0x2966, 0x2946,
  0x2925, 0x2125, 0x2125, 0x2945, 0x2925, 0x2945, 0x2125, 0x2125, 0x2925, 0x2925, 0x2925, 0x2925, 0x2925, 0x2925, 0x2925, 0x2925,
  0x2925, 0x2925, 0x2925, 0x2925, 0x2925, 0x2925, 0x2925, 0x2925, 0x2945, 0x2945, 0x2945, 0x2925, 0x2945, 0x39A7, 0x2904, 0x49E7,
  0xB4B1, 0xBD13, 0x8B8D, 0x5A49, 0x628A, 0x3987, 0x3987, 0x3987, 0x3986, 0x3986, 0x3145, 0x3966, 0x3986, 0x39A6, 0x5A8A, 0x41A6,
  0x4165, 0x9C30, 0x9410, 0x28E4, 0x2946, 0x2946, 0x2126, 0x20E5, 0x18C3, 0x2125, 0x2945, 0x2925, 0x2945, 0x2945, 0x2945, 0x2945,
  0x2925, 0x2925, 0x2125, 0x2146, 0x2145, 0x2925, 0x2925, 0x2904, 0x7B6C, 0x9C70, 0x730A, 0xCDD5, 0xD5F6, 0xCDB6, 0x62AA, 0x3986,
  0x3986, 0x3166, 0x3145, 0x3165, 0x39A7, 0x3986, 0x3986, 0x4186, 0x3987, 0x3987, 0x3987, 0x3987, 0x41A7, 0x3987, 0x3986, 0x3987,
  0xD75E, 0xCF1C, 0xCEFC, 0xCF3D, 0xCF1C, 0xCF1C, 0xCF3D, 0xCF1C, 0xCF3D, 0xD75D, 0xE79E, 0xDF3C, 0xCE59, 0xE6FC, 0xEEFC, 0xEEDB,
  0xCDF8, 0xEEDB, 0xEEFC, 0xD618, 0xBD76, 0xC596, 0xBD76, 0xBD76, 0xBD35, 0xA4B3, 0xBD55, 0xBD55, 0xBD55, 0xC555, 0xB4F4, 0xBD14,
  0xC535, 0xC535, 0xBD35, 0xBD35, 0xBD35, 0xBD35, 0xBD15, 0xBD15, 0xBD34, 0xBD34, 0xBD34, 0xBD34, 0xBD14, 0xB4D3, 0xA451, 0xBD14,
  0xBD35, 0xACB3, 0xD618, 0xC576, 0xBD14, 0xBD14, 0xBD14, 0xBD14, 0xBD14, 0xBD14, 0xBD14, 0xBD14, 0xBCF4, 0xC514, 0xBD14, 0xBD14,
  0xAC51, 0xB4D3, 0xBD14, 0xBCF3, 0xBCF3, 0xBCF3, 0xBCF3, 0xBCF3, 0xBCF3, 0xBCF3, 0xBCF3, 0xBCF3, 0xBCD3, 0xBCD3, 0xBCF3, 0xBCF3,
  0xBCF3, 0xBCF3, 0xBCF3, 0xBCF3, 0xBCF3, 0xBCF3, 0xBCF3, 0xBCF3, 0xBCF3, 0xBCF3, 0xBCF3, 0xBCF3, 0xBCF3, 0xBCF3, 0xBCF3, 0xBCF3,
  0xBCF3, 0xBCF3, 0xBCF3, 0xBCF3, 0xBCF3, 0xBCF3, 0xBCF3, 0xBCF3, 0xBCF3, 0xBCF3, 0xBCF3, 0xBCF3, 0xBCF3, 0xBCF3, 0xBCF3, 0xBCF3,
  0x9BEF, 0xB492, 0xBCF3, 0xBCF3, 0xBCF3, 0xBCF3, 0xBCF3, 0xBCF3, 0xBCF3, 0xBCF3, 0xBCF3, 0xBCF3, 0xBCF3, 0xBCF3, 0xBCF3, 0xBCF3,
  0xBCF3, 0xBCF3, 0xBCF3, 0xBCF3, 0xBCF3, 0xBCF3, 0xBCF3, 0xBCF3, 0xBCF3, 0xBCD3, 0xBCF3, 0xA430, 0x9BAE, 0xB492, 0xB471, 0x9BCF,
  0x8B6D, 0xAC71, 0xBCF3, 0xBCD3, 0xC514, 0xB492, 0xDDF7, 0xD5F7, 0x942E, 0x9C8E, 0x9C8D, 0x9C8D, 0x946C, 0x9C6C, 0x946D, 0x944D,
  0x944C, 0x944C, 0x944C, 0x944C, 0x944C, 0x944C, 0x942B, 0x942B, 0x942B, 0x942B, 0x8C0B, 0x942B, 0x8C0B, 0x8C0B, 0x8C0B, 0x8C0B,
  0x8BEB, 0x8BEB, 0x8BEB, 0x8BCB, 0x83CB, 0x83CA, 0x83CA, 0x83CA, 0x83A9, 0x83A9, 0x8389, 0x83A9, 0x7BAA, 0x7B6A, 0x734A, 0xA4D1,
  0xE6B9, 0xF73B, 0xDE78, 0xD5F6, 0xD5F6, 0xD5F6, 0xD617, 0xBD54, 0x41C8, 0x2105, 0x2946, 0x2126, 0x2125, 0x2125, 0x2126, 0x2125,
  0x2946, 0x31A7, 0x39E9, 0x422A, 0x4229, 0x422A, 0x422A, 0x4A4A, 0x4A4A, 0x4A29, 0x4A29, 0x4A4A, 0x41E8, 0x2125, 0x2925, 0x2946,
  0x2945, 0x2945, 0x2945, 0x2925, 0x2925, 0x2925, 0x2925, 0x2925, 0x2925, 0x2925, 0x2925, 0x2925, 0x2925, 0x2925, 0x2925, 0x2925,
  0x2945, 0x2945, 0x2925, 0x2925, 0x2925, 0x2925, 0x2925, 0x2925, 0x2925, 0x2925, 0x2945, 0x2125, 0x2966, 0x41C7, 0x3104, 0x7B4C,
  0xBCF2, 0xB4F2, 0x7B2C, 0x62AA, 0x5249, 0x3186, 0x39A7, 0x3986, 0x39A7, 0x3166, 0x2965, 0x3987, 0x3945, 0x6ACB, 0x732C, 0x3944,
  0x5A07, 0xBCF3, 0xA471, 0x3945, 0x2946, 0x2946, 0x2926, 0x2925, 0x18E4, 0x10C3, 0x2104, 0x2945, 0x2945, 0x2945, 0x2946, 0x2946,
  0x2945, 0x2945, 0x2945, 0x2925, 0x2945, 0x2945, 0x2945, 0x2945, 0x3986, 0xACD2, 0x7B0B, 0x8B6C, 0xD617, 0x83CF, 0x3966, 0x4186,
  0x41A6, 0x5249, 0x3986, 0x3986, 0x3987, 0x3987, 0x3987, 0x3987, 0x3986, 0x3986, 0x3986, 0x3986, 0x41C8, 0x49E8, 0x3987, 0x3987,
  0xCF1C, 0xC6FB, 0xCF1C, 0xCF3D, 0xCF1C, 0xC6DB, 0xC6DB, 0xC6DB, 0xC71C, 0xD75D, 0xDF3D, 0xC659, 0xDEDB, 0xEF1C, 0xEF1C, 0xD659,
  0xDE59, 0xEEFC, 0xDE7A, 0xC596, 0xC596, 0xBD76, 0xBD76, 0xBD76, 0xBD35, 0xA4B3, 0xBD55, 0xBD35, 0xBD35, 0xBD35, 0xA472, 0xBD15,
  0xBD35, 0xBD35, 0xBD15, 0xBD15, 0xBD35, 0xBD15, 0xBD15, 0xBD14, 0xBD14, 0xBD14, 0xBD14, 0xBD14, 0xC535, 0xA472, 0xAC92, 0xBD14,
  0xBD14, 0xACB2, 0xD5F7, 0xC555, 0xBD14, 0xBD14, 0xBD14, 0xBD14, 0xBD14, 0xBD14, 0xBD14, 0xBD14, 0xBCF4, 0xBCF3, 0xBCF4, 0xB4D3,
  0xAC71, 0xBD14, 0xBCF3, 0xBCF3, 0xBCF3, 0xBCF3, 0xBCF3, 0xBCF3, 0xBCF3, 0xBCF3, 0xBCF3, 0xBCF3, 0xBCD3, 0xBCD3, 0xBCF3, 0xBCF3,
  0xBCF3, 0xBCF3, 0xBCF3, 0xBCF3, 0xBCF3, 0xBCF3, 0xBCF3, 0xBCF3, 0xBCF3, 0xBCF3, 0xBCF3, 0xBCF3, 0xBCF3, 0xBCF3, 0xBCF3, 0xBCF3,
  0xBCF3, 0xBCF3, 0xBCF3, 0xBCF3, 0xBCF3, 0xBCF3, 0xBCF3, 0xBCF3, 0xBCF3, 0xBCF3, 0xBCF3, 0xBCF3, 0xBCF3, 0xBCF3, 0xBCD3, 0xBCF4,
  0xA430, 0xA410, 0xBCF3, 0xBCD3, 0xBCF3, 0xBCF3, 0xBCF3, 0xBCF3, 0xBCF3, 0xBCF3, 0xBCF3, 0xBCF3, 0xBCF3, 0xBCF3, 0xBCF3, 0xBCF3,
  0xBCF3, 0xBCF3, 0xBCF3, 0xBCF3, 0xBCF3, 0xBCF3, 0xBCF3, 0xBCF3, 0xBCF3, 0xBCF3, 0xBCD3, 0xC514, 0xA430, 0x938E, 0xAC51, 0xA410,
  0x938E, 0x9BAF, 0xBCD3, 0xBCD3, 0xBCF4, 0xAC71, 0xAC72, 0xE659, 0xCDB5, 0x942E, 0xA48E, 0x9C6D, 0x9C8C, 0x9C6C, 0x946D, 0x946D,
  0x946C, 0x946C, 0x944C, 0x944C, 0x944C, 0x944C, 0x944B, 0x944B, 0x942B, 0x942B, 0x942B, 0x942B, 0x942B, 0x942B, 0x8C0B, 0x8C0B,
  0x8BEB, 0x8BEB, 0x8BEB, 0x8BEB, 0x83CA, 0x83CA, 0x83CA, 0x83CA, 0x83AA, 0x83AA, 0x83A9, 0x83AA, 0x7349, 0x8C0D, 0xD636, 0xF75B,
  0xEED9, 0xD616, 0xD5F6, 0xDE16, 0xD5F6, 0xD5F6, 0xD617, 0x7B6D, 0x20E4, 0x2946, 0x2125, 0x2946, 0x2125, 0x18C4, 0x2125, 0x3187,
  0x39E9, 0x4229, 0x4A4A, 0x4229, 0x422A, 0x4209, 0x4209, 0x4209, 0x4229, 0x4A4A, 0x4229, 0x4A4A, 0x4229, 0x2966, 0x2925, 0x2945,
  0x2925, 0x2925, 0x2925, 0x2925, 0x2925, 0x2925, 0x2925, 0x2925, 0x2925, 0x2925, 0x2925, 0x2925, 0x2925, 0x2925, 0x2925, 0x2925,
  0x2945, 0x2945, 0x2945, 0x2925, 0x2925, 0x2925, 0x2925, 0x2925, 0x2925, 0x2925, 0x2945, 0x2125, 0x3186, 0x39A6, 0x49C7, 0xA471,
  0xC513, 0xACB1, 0x6ACA, 0x62AB, 0x41E8, 0x3987, 0x3986, 0x3986, 0x3986, 0x3145, 0x3186, 0x3145, 0x4166, 0xA431, 0x6AAA, 0x3944,
  0x830B, 0xCD54, 0xBD13, 0x5208, 0x2905, 0x2946, 0x2946, 0x2945, 0x2925, 0x18C3, 0x10A3, 0x20E4, 0x2925, 0x2946, 0x2946, 0x2946,
  0x2945, 0x2945, 0x2945, 0x2925, 0x2945, 0x2945, 0x2945, 0x2946, 0x2105, 0x6AEB, 0xC533, 0x59E6, 0x7B4D, 0x4A08, 0x3965, 0x49C6,
  0x734C, 0x41E7, 0x39A6, 0x3986, 0x3986, 0x3987, 0x3987, 0x3987, 0x3986, 0x3986, 0x3986, 0x3987, 0x41E8, 0x49E8, 0x41A7, 0x3987,
  0xBEDB, 0xC6FB, 0xCF1C, 0xCEFC, 0xCEFC, 0xD73D, 0xCF1C, 0xCEFC, 0xCF1C, 0xC6DB, 0xBE59, 0xCE59, 0xE71C, 0xEF1C, 0xE6DB, 0xCDF8,
  0xEEDB, 0xE6DB, 0xC5D7, 0xBD76, 0xBD76, 0xBD76, 0xBD55, 0xBD76, 0xB514, 0xAC93, 0xBD55, 0xBD35, 0xBD35, 0xACB3, 0xA472, 0xC535,
  0xBD15, 0xBD34, 0xBD14, 0xBD14, 0xBD34, 0xBD14, 0xBD14, 0xBD14, 0xBD14, 0xBD14, 0xBD14, 0xBD14, 0xBD35, 0xA451, 0xB4D3, 0xBD14,
  0xBD14, 0xACB2, 0xCDB7, 0xBD35, 0xBD14, 0xBD14, 0xBD14, 0xBD13, 0xBCF4, 0xBCF4, 0xBCF4, 0xBCF4, 0xBD14, 0xBCF3, 0xBD14, 0xB4B3,
  0xAC92, 0xBD14, 0xBCF3, 0xBCF3, 0xBCF3, 0xBCF3, 0xBCF3, 0xBCF3, 0xBCD3, 0xBCD3, 0xBCD3, 0xBCD3, 0xBCD3, 0xBCD3, 0xBCF3, 0xBCF3,
  0xBCF3, 0xBCF3, 0xBCF3, 0xBCF3, 0xBCF3, 0xBCF3, 0xBCF3, 0xBCF3, 0xBCF3, 0xBCF3, 0xBCF3, 0xBCF3, 0xBCF3, 0xBCF3, 0xBCF3, 0xBCF3,
  0xBCF3, 0xBCF3, 0xBCF3, 0xBCF3, 0xBCF3, 0xBCF3, 0xBCF3, 0xBCF3, 0xBCF3, 0xBCF3, 0xBCF3, 0xBCF3, 0xBCF3, 0xBCF3, 0xBCD3, 0xBCF4,
  0xB492, 0x8B6D, 0xB4B3, 0xBCF3, 0xBCF3, 0xBCF3, 0xBCF3, 0xBCF3, 0xBCF3, 0xBCF3, 0xBCF3, 0xBCF3, 0xBCF3, 0xBCF3, 0xBCF3, 0xBCF3,
  0xBCF3, 0xBCF3, 0xBCF3, 0xBCF3, 0xBCF3, 0xBCF3, 0xBCF3, 0xBCF3, 0xBCF3, 0xBCF3, 0xBCF3, 0xBCD3, 0xC514, 0xAC30, 0x8B4D, 0x9BCF,
  0x9BEF, 0x936D, 0xB492, 0xBCF3, 0xBCD3, 0xB4D3, 0x9C10, 0xBCF3, 0xE678, 0xBD53, 0x940D, 0x9C8E, 0x9C8D, 0x9C8D, 0x9C8D, 0x9C6C,
  0x9C6C, 0x946C, 0x946C, 0x944C, 0x946C, 0x944C, 0x944C, 0x944C, 0x944C, 0x942B, 0x942B, 0x942B, 0x942B, 0x942B, 0x8C0B, 0x8C0B,
  0x8C0B, 0x8BEB, 0x8BEB, 0x8BEA, 0x8BEA, 0x8BCA, 0x8BC9, 0x83C9, 0x83CA, 0x83CA, 0x7B8A, 0x7B69, 0xACF0, 0xEF19, 0xFF5B, 0xE678,
  0xD616, 0xDE16, 0xDDF5, 0xDDF5, 0xD5F6, 0xD616, 0xBD33, 0x4185, 0x2105, 0x2125, 0x2946, 0x2125, 0x2125, 0x2946, 0x39E8, 0x4229,
  0x4229, 0x4229, 0x4229, 0x4229, 0x4229, 0x3187, 0x2946, 0x2946, 0x2966, 0x31A7, 0x4A29, 0x4A49, 0x4A49, 0x31A7, 0x2125, 0x2945,
  0x2925, 0x2925, 0x2925, 0x2925, 0x2925, 0x2925, 0x2925, 0x2925, 0x2925, 0x2925, 0x2925, 0x2925, 0x2925, 0x2925, 0x2925, 0x2925,
  0x2104, 0x2125, 0x2945, 0x2925, 0x2925, 0x2925, 0x2925, 0x2925, 0x2925, 0x2945, 0x2925, 0x2125, 0x3186, 0x39A6, 0x49C7, 0xB513,
  0xE637, 0xACB1, 0x62AA, 0x5269, 0x3986, 0x39A7, 0x3986, 0x39A6, 0x3145, 0x3165, 0x3986, 0x3104, 0x72CB, 0xBCF4, 0x5A49, 0x4165,
  0xA40F, 0xD554, 0xCD34, 0x7B2C, 0x2904, 0x2946, 0x2946, 0x2945, 0x2945, 0x2125, 0x18A3, 0x1083, 0x2125, 0x2946, 0x2946, 0x2946,
  0x2945, 0x2945, 0x2945, 0x2925, 0x2945, 0x2945, 0x2945, 0x2945, 0x2125, 0x3125, 0xACB2, 0x9C2F, 0x3103, 0x3145, 0x4A07, 0x940F,
  0x5A89, 0x3965, 0x39A6, 0x3986, 0x3966, 0x3986, 0x3987, 0x3987, 0x3986, 0x3986, 0x3986, 0x3986, 0x39A7, 0x5A8B, 0x62AB, 0x524A,
  0xBEFB, 0xC71C, 0xCF1C, 0xCF1C, 0xD73D, 0xE79E, 0xDF5D, 0xD71C, 0xD75D, 0xCEDB, 0xBE38, 0xE71C, 0xEF1C, 0xEF1C, 0xDE79, 0xDE59,
  0xEEFC, 0xD639, 0xBD76, 0xBD76, 0xBD55, 0xBD55, 0xBD55, 0xBD56, 0xB4F4, 0xAC93, 0xBD55, 0xBD35, 0xBD15, 0x9C31, 0xAC92, 0xBD35,
  0xBD14, 0xBD34, 0xBD14, 0xBD14, 0xBD14, 0xBD14, 0xBD14, 0xBD14, 0xBD14, 0xBD14, 0xBD14, 0xBD14, 0xBCF4, 0xA451, 0xB4D3, 0xBD14,
  0xBD14, 0xA472, 0xCD76, 0xBD34, 0xBD14, 0xBD14, 0xBD13, 0xBD13, 0xBCF4, 0xBCF4, 0xBCF4, 0xBCF4, 0xBD14, 0xBCF4, 0xBD14, 0xB492,
  0xB4D3, 0xBD14, 0xBCF3, 0xBCF3, 0xBCF3, 0xBCF3, 0xBCF3, 0xBCF3, 0xBCD3, 0xBCD3, 0xBCD3, 0xBCD3, 0xBCD3, 0xBCD3, 0xBCF3, 0xBCF3,
  0xBCF3, 0xBCF3, 0xBCF3, 0xBCF3, 0xBCF3, 0xBCF3, 0xBCF3, 0xBCF3, 0xBCF3, 0xBCF3, 0xBCF3, 0xBCF3, 0xBCF3, 0xBCF3, 0xBCF3, 0xBCF3,
  0xBCF3, 0xBCF3, 0xBCF3, 0xBCF3, 0xBCF3, 0xBCF3, 0xBCF3, 0xBCF3, 0xBCF3, 0xBCF3, 0xBCF3, 0xBCF3, 0xBCF3, 0xBCF3, 0xBCF3, 0xBCD3,
  0xBCF3, 0x938E, 0xA410, 0xBCF3, 0xBCF3, 0xBCF3, 0xBCF3, 0xBCF3, 0xBCF3, 0xBCF3, 0xBCF3, 0xBCF3, 0xBCF3, 0xBCF3, 0xBCF3, 0xBCF3,
  0xBCF3, 0xBCF3, 0xBCF3, 0xBCF3, 0xBCF3, 0xBCF3, 0xBCF3, 0xBCF3, 0xBCF3, 0xBCF3, 0xBCF3, 0xBCF3, 0xBCD3, 0xC4F3, 0xAC31, 0x8B4D,
  0x9BEF, 0x938E, 0xA3F0, 0xBCF3, 0xBCD3, 0xBCF3, 0xA410, 0xAC92, 0xC554, 0xE658, 0xACD1, 0x9C2E, 0xA48E, 0x9C8D, 0x9C8C, 0x9C8C,
  0x9C8C, 0x9C6C, 0x946C, 0x946C, 0x946C, 0x946C, 0x944C, 0x944C, 0x944C, 0x944C, 0x942B, 0x942B, 0x942B, 0x942B, 0x942B, 0x8C0B,
  0x8C0B, 0x8C0B, 0x8BEB, 0x8BEA, 0x8BEA, 0x8BCA, 0x8BC9, 0x8BCA, 0x83EB, 0x7BCB, 0x8C0C, 0xCDF5, 0xFF7B, 0xF71A, 0xDE57, 0xD5F6,
  0xD5F5, 0xDDF5, 0xD5F5, 0xD5D5, 0xD5D5, 0xD637, 0x7B6D, 0x20C3, 0x2125, 0x2125, 0x2125, 0x2946, 0x39C8, 0x4229, 0x4229, 0x4A4A,
  0x4229, 0x4A4A, 0x4A4A, 0x4A4A, 0x4A4A, 0x39C8, 0x2966, 0x2145, 0x2125, 0x2125, 0x3186, 0x4208, 0x4A49, 0x39E8, 0x2945, 0x2945,
  0x2925, 0x2925, 0x2925, 0x2925, 0x2925, 0x2925, 0x2925, 0x2925, 0x2925, 0x2925, 0x2925, 0x2925, 0x2925, 0x2925, 0x2925, 0x2125,
  0x18E4, 0x2104, 0x2925, 0x2925, 0x2925, 0x2925, 0x2925, 0x2925, 0x2925, 0x2945, 0x2125, 0x2945, 0x39A7, 0x41A6, 0x41A6, 0xACF2,
  0xF71B, 0x940F, 0x5A89, 0x49E8, 0x3987, 0x3987, 0x3986, 0x3986, 0x3145, 0x3165, 0x4A28, 0x5228, 0x9C10, 0xBD14, 0x5A08, 0x5207,
  0xBCD2, 0xD534, 0xCD33, 0xA430, 0x3125, 0x2946, 0x2145, 0x2145, 0x2945, 0x2945, 0x2104, 0x1083, 0x18E4, 0x2925, 0x2925, 0x2945,
  0x2945, 0x2945, 0x2945, 0x2925, 0x2945, 0x2945, 0x2945, 0x2946, 0x2126, 0x20E4, 0x6B0C, 0xACD2, 0x4185, 0x3103, 0x6289, 0x732C,
  0x3165, 0x41A6, 0x3986, 0x3966, 0x3966, 0x3986, 0x3987, 0x3987, 0x3986, 0x3986, 0x3986, 0x3986, 0x41E8, 0x62CC, 0x6B0D, 0x62EC,
  0xBEFB, 0xBEDB, 0xCF1C, 0xD73D, 0xD71C, 0xDF5D, 0xDF7E, 0xDF7E, 0xE79E, 0xCE9A, 0xD69A, 0xEF3C, 0xEEFB, 0xEEFB, 0xCE18, 0xE6DB,
  0xE6BB, 0xC5B7, 0xBD55, 0xBD76, 0xBD76, 0xBD55, 0xBD55, 0xC556, 0xB4D3, 0xACB3, 0xBD55, 0xBD35, 0xB4F4, 0x93CF, 0xB4B3, 0xBD35,
  0xBD14, 0xBD14, 0xBD14, 0xBD14, 0xBD14, 0xBD14, 0xBD14, 0xBD14, 0xBD14, 0xBD14, 0xBD14, 0xBD14, 0xB4D3, 0xA451, 0xBD14, 0xBD14,
  0xBD14, 0xA431, 0xC555, 0xBD34, 0xBCF4, 0xBD14, 0xBD14, 0xBD14, 0xBD14, 0xBD14, 0xBD14, 0xBD14, 0xBCF4, 0xBCF4, 0xBCF4, 0xAC72,
  0xBD14, 0xBD13, 0xBCF3, 0xBCF3, 0xBCF3, 0xBCF3, 0xBCF3, 0xBCF3, 0xBCF3, 0xBCF3, 0xBCF3, 0xBCF3, 0xBCF3, 0xBCF3, 0xBCF3, 0xBCF3,
  0xBCF3, 0xBCF3, 0xBCF3, 0xBCF3, 0xBCF3, 0xBCF3, 0xBCF3, 0xBCF3, 0xBCF3, 0xBCF3, 0xBCF3, 0xBCF3, 0xBCF3, 0xBCF3, 0xBCF3, 0xBCF3,
  0xBCF3, 0xBCF3, 0xBCF3, 0xBCF3, 0xBCF3, 0xBCF3, 0xBCF3, 0xBCF3, 0xBCF3, 0xBCF3, 0xBCF3, 0xBCF3, 0xBCF3, 0xBCF3, 0xBCF3, 0xBCF3,
  0xC514, 0x9BEF, 0x938E, 0xB4B2, 0xBCD3, 0xBCF3, 0xBCF3, 0xBCF3, 0xBCF3, 0xBCF3, 0xBCF3, 0xBCF3, 0xBCF3, 0xBCF3, 0xBCF3, 0xBCF3,
  0xBCF3, 0xBCF3, 0xBCF3, 0xBCF3, 0xBCF3, 0xBCF3, 0xBCF3, 0xBCF3, 0xBCF3, 0xBCF3, 0xBCD3, 0xBCF3, 0xBCF3, 0xBCD3, 0xC4F4, 0xAC30,
  0x8B4D, 0x9BAF, 0x938E, 0xBCD3, 0xBCD3, 0xBCF3, 0xAC71, 0xA451, 0xBCF3, 0xC555, 0xDE17, 0x9C4F, 0x9C6F, 0x9C6D, 0x9C6D, 0x9C8C,
  0x9C8C, 0x9C8C, 0x9C6C, 0x946C, 0x946C, 0x946C, 0x944C, 0x944C, 0x944C, 0x944C, 0x942B, 0x942B, 0x942B, 0x942B, 0x942B, 0x942B,
  0x8C2C, 0x8C0B, 0x8C0A, 0x8BEA, 0x8BEA, 0x83CA, 0x8BEB, 0x7B8A, 0x6309, 0x5AA9, 0x9490, 0xDE98, 0xDE99, 0xD637, 0xD617, 0xDE37,
  0xDE37, 0xDE37, 0xDE37, 0xDE37, 0xDE57, 0xC5B5, 0x41C6, 0x2104, 0x2946, 0x2125, 0x2946, 0x39E8, 0x4229, 0x4229, 0x4209, 0x4209,
  0x39E8, 0x39C7, 0x39C7, 0x39C8, 0x39E8, 0x39E8, 0x31A7, 0x2945, 0x2946, 0x2925, 0x2125, 0x2966, 0x4208, 0x4229, 0x2946, 0x2925,
  0x2945, 0x2925, 0x2925, 0x2925, 0x2925, 0x2925, 0x2925, 0x2925, 0x2945, 0x2945, 0x2945, 0x2945, 0x2945, 0x2925, 0x2945, 0x2125,
  0x18C3, 0x2104, 0x2925, 0x2925, 0x2945, 0x2945, 0x2945, 0x2945, 0x2925, 0x2945, 0x2925, 0x3146, 0x39A7, 0x41A7, 0x3985, 0x9450,
  0xE6B9, 0x732C, 0x5A69, 0x41A7, 0x3987, 0x3987, 0x41A7, 0x3965, 0x3945, 0x41A6, 0x83AE, 0x72EA, 0xBCF3, 0xBCF3, 0x51E7, 0x628A,
  0xC534, 0xD534, 0xCD13, 0xC513, 0x5229, 0x2925, 0x2966, 0x2145, 0x2946, 0x2945, 0x2125, 0x18A3, 0x10A3, 0x2125, 0x2105, 0x2945,
  0x2945, 0x2945, 0x2945, 0x2925, 0x2945, 0x2945, 0x2945, 0x2945, 0x2946, 0x2105, 0x39C7, 0x5A49, 0x49A5, 0x940E, 0x6AEA, 0x3124,
  0x39A6, 0x3986, 0x3966, 0x3145, 0x3986, 0x3986, 0x3987, 0x3987, 0x3986, 0x3986, 0x3986, 0x3986, 0x41C7, 0x62AB, 0x6AEC, 0x62EC,
  0xBEDB, 0xC6FB, 0xDF5D, 0xE7BE, 0xDF5D, 0xD73D, 0xDF7D, 0xD73D, 0xD71C, 0xC659, 0xE71C, 0xE6FB, 0xEF1C, 0xDE7A, 0xD618, 0xEEFC,
  0xD638, 0xBD76, 0xC576, 0xBD76, 0xC556, 0xBD55, 0xBD55, 0xC555, 0xACB3, 0xACD3, 0xBD35, 0xBD35, 0xAC92, 0x93CF, 0xBCF4, 0xBD14,
  0xBD34, 0xBD14, 0xBD14, 0xBD14, 0xBD14, 0xBD14, 0xBD14, 0xBD14, 0xBD14, 0xBD14, 0xBD14, 0xBD14, 0xAC92, 0xA451, 0xBD14, 0xBD14,
  0xBCF4, 0x9C10, 0xBCF4, 0xBCF4, 0xBCF4, 0xBCF4, 0xBCF3, 0xBCF3, 0xBCF4, 0xBCF4, 0xBCF4, 0xBCF4, 0xBCF4, 0xBCF4, 0xBCF3, 0xAC72,
  0xC554, 0xBCF3, 0xBCF3, 0xBCF3, 0xBCF3, 0xBCF3, 0xBCF3, 0xBCF3, 0xBCF3, 0xBCF3, 0xBCF3, 0xBCF3, 0xBCF3, 0xBCF3, 0xBCF3, 0xBCF3,
  0xBCF3, 0xBCF3, 0xBCF3, 0xBCF3, 0xBCF3, 0xBCF3, 0xBCF3, 0xBCF3, 0xBCF3, 0xBCF3, 0xBCF3, 0xBCF3, 0xBCF3, 0xBCF3, 0xBCF3, 0xBCF3,
  0xBCF3, 0xBCF3, 0xBCF3, 0xBCF3, 0xBCF3, 0xBCF3, 0xBCF3, 0xBCF3, 0xBCF3, 0xBCF3, 0xBCF3, 0xBCF3, 0xBCF3, 0xBCF3, 0xBCF3, 0xBCF3,
  0xBCF3, 0xAC71, 0x8B4D, 0xAC51, 0xBCD3, 0xBCF3, 0xBCD3, 0xBCF3, 0xBCF3, 0xBCF3, 0xBCF3, 0xBCF3, 0xBCF3, 0xBCF3, 0xBCF3, 0xBCF3,
  0xBCF3, 0xBCF3, 0xBCF3, 0xBCF3, 0xBCF3, 0xBCF3, 0xBCF3, 0xBCF3, 0xBCF3, 0xBCF3, 0xBCF3, 0xBCF3, 0xBCF3, 0xBCF3, 0xBCD3, 0xC4F3,
  0xAC30, 0x936E, 0x8B6D, 0xAC71, 0xBCF3, 0xBCF3, 0xB4B2, 0xA430, 0xBCD3, 0xB4D3, 0xCDB6, 0xCD95, 0x942E, 0xA48F, 0x9C6D, 0x9C8C,
  0x9C8D, 0x9C8C, 0x9C6C, 0x9C6C, 0x946C, 0x946C, 0x946C, 0x944C, 0x944C, 0x944C, 0x944C, 0x942B, 0x942B, 0x942B, 0x942B, 0x942B,
  0x942C, 0x8C2B, 0x8C0B, 0x8C0B, 0x8C0B, 0x8C0C, 0x736B, 0x4A06, 0x39C6, 0x3A07, 0x4208, 0x4A28, 0x526A, 0x5AAA, 0x62CB, 0x734C,
  0x83AE, 0x8BCE, 0x8BEE, 0x8BEF, 0x8BEF, 0x5AAA, 0x2924, 0x2945, 0x2125, 0x2946, 0x39E8, 0x4A4A, 0x4209, 0x31A7, 0x2966, 0x2946,
  0x2945, 0x2125, 0x2125, 0x2145, 0x2145, 0x2945, 0x2945, 0x2945, 0x2925, 0x2945, 0x2925, 0x2125, 0x2966, 0x4229, 0x3186, 0x2125,
  0x2945, 0x2925, 0x2925, 0x2925, 0x2925, 0x2925, 0x2925, 0x2925, 0x2925, 0x2925, 0x2925, 0x2925, 0x2945, 0x2925, 0x2945, 0x2125,
  0x18A3, 0x2104, 0x2945, 0x2925, 0x2945, 0x2945, 0x2945, 0x2945, 0x2945, 0x2945, 0x2125, 0x3186, 0x39A7, 0x41A7, 0x3965, 0x8BEE,
  0xBD95, 0x62CA, 0x5228, 0x3986, 0x3987, 0x39A7, 0x3986, 0x3965, 0x3945, 0x732C, 0x9C70, 0x836C, 0xCD74, 0xC513, 0x5A08, 0x7B0C,
  0xCD74, 0xCD33, 0xCD12, 0xD575, 0x832D, 0x2904, 0x2945, 0x2945, 0x2925, 0x2946, 0x2946, 0x2104, 0x1083, 0x18E4, 0x2104, 0x2104,
  0x2125, 0x2925, 0x2945, 0x2945, 0x2945, 0x2945, 0x2945, 0x2945, 0x2945, 0x2125, 0x18E4, 0x3986, 0x9C50, 0xBD13, 0x5A69, 0x3986,
  0x39A7, 0x3166, 0x3145, 0x3986, 0x3986, 0x3986, 0x3986, 0x3986, 0x3986, 0x3986, 0x3986, 0x39A7, 0x3987, 0x5A8B, 0x6B0D, 0x524A,
  0xCF1C, 0xD75C, 0xDF5D, 0xEF9E, 0xEFBE, 0xDF7D, 0xCF1C, 0xCF1C, 0xBE39, 0xD6BB, 0xE71C, 0xE6FB, 0xEF1C, 0xD618, 0xE69A, 0xE6BB,
  0xC5B7, 0xBD55, 0xC576, 0xBD55, 0xBD55, 0xBD55, 0xBD35, 0xBD55, 0xAC92, 0xACD3, 0xBD35, 0xBD14, 0xA431, 0x9BF0, 0xBD14, 0xBCF4,
  0xBD14, 0xBD14, 0xBD14, 0xBD14, 0xBD14, 0xBD14, 0xBD14, 0xBD14, 0xBD14, 0xBD14, 0xBCF4, 0xC514, 0xA451, 0xAC72, 0xBD14, 0xBCF4,
  0xBCF4, 0x9BF0, 0xB4B3, 0xBCF4, 0xBCF4, 0xBCF4, 0xBCF3, 0xBCF3, 0xBCF4, 0xBCF4, 0xBCF4, 0xBCF4, 0xBCF4, 0xBCF4, 0xBCD3, 0xB4B2,
  0xCD75, 0xBCF3, 0xBCF3, 0xBCF3, 0xBCF3, 0xBCF3, 0xBCF3, 0xBCF3, 0xBCF3, 0xBCF3, 0xBCF3, 0xBCF3, 0xBCF3, 0xBCF3, 0xBCF3, 0xBCF3,
  0xBCF3, 0xBCF3, 0xBCF3, 0xBCF3, 0xBCF3, 0xBCF3, 0xBCF3, 0xBCF3, 0xBCF3, 0xBCF3, 0xBCF3, 0xBCF3, 0xBCF3, 0xBCF3, 0xBCF3, 0xBCF3,
  0xBCF3, 0xBCF3, 0xBCF3, 0xBCF3, 0xBCF3, 0xBCF3, 0xBCF3, 0xBCF3, 0xBCF3, 0xBCF3, 0xBCF3, 0xBCF3, 0xBCF3, 0xBCF3, 0xBCF3, 0xBCF3,
  0xBCF3, 0xBCD3, 0x938E, 0x9BCF, 0xB492, 0xBCF3, 0xBCD3, 0xBCF3, 0xBCF3, 0xBCF3, 0xBCF3, 0xBCF3, 0xBCF3, 0xBCF3, 0xBCF3, 0xBCF3,
  0xBCF3, 0xBCF3, 0xBCF3, 0xBCF3, 0xBCF3, 0xBCF3, 0xBCF3, 0xBCF3, 0xBCF3, 0xBCF3, 0xBCF3, 0xBCF3, 0xBCF3, 0xBCD3, 0xC4F4, 0xBCD3,
  0xC4F3, 0xAC30, 0x832C, 0x9BCF, 0xC514, 0xBCF3, 0xBCF3, 0xA410, 0xB4B2, 0xBCF3, 0xBCF3, 0xD5D7, 0xB4F2, 0x942E, 0xA4AE, 0x9C8D,
  0x9C8D, 0x9C8D, 0x9C8C, 0x9C8C, 0x9C6C, 0x9C6C, 0x946C, 0x946C, 0x944C, 0x944C, 0x944C, 0x944C, 0x944C, 0x942B, 0x942B, 0x942B,
  0x942B, 0x942B, 0x8C0B, 0x8C2C, 0x83EC, 0x62EA, 0x4208, 0x4229, 0x4A49, 0x4209, 0x4209, 0x4209, 0x39C8, 0x3187, 0x20E4, 0x20E3,
  0x20E4, 0x20E4, 0x20E4, 0x20E4, 0x20E4, 0x2104, 0x2146, 0x2145, 0x2125, 0x31A7, 0x4A4A, 0x39E8, 0x2966, 0x2125, 0x2125, 0x2945,
  0x2145, 0x2945, 0x2945, 0x2945, 0x2945, 0x2145, 0x2945, 0x2145, 0x2925, 0x2945, 0x2125, 0x2945, 0x2125, 0x3186, 0x3186, 0x2125,
  0x2945, 0x2945, 0x2945, 0x2945, 0x2945, 0x2945, 0x2945, 0x2945, 0x2945, 0x2945, 0x2945, 0x2945, 0x2945, 0x2925, 0x2945, 0x2104,
  0x10A3, 0x18E4, 0x2945, 0x2945, 0x2945, 0x2945, 0x2945, 0x2945, 0x2945, 0x2925, 0x2925, 0x39A7, 0x3986, 0x41A6, 0x3965, 0x83AD,
  0x9C91, 0x5A89, 0x41E7, 0x3966, 0x3987, 0x4187, 0x3966, 0x3945, 0x49C6, 0xB534, 0x8BEE, 0x940E, 0xD5B5, 0xCD34, 0x6A49, 0x836D,
  0xCD95, 0xD554, 0xD533, 0xCD33, 0xB492, 0x4187, 0x2925, 0x2945, 0x2125, 0x2946, 0x2946, 0x2925, 0x10A3, 0x18C3, 0x18E4, 0x18C3,
  0x2125, 0x2945, 0x2945, 0x2945, 0x2945, 0x2945, 0x2945, 0x2945, 0x2945, 0x2125, 0x10C3, 0x62CB, 0xCDD6, 0x838C, 0x3965, 0x31A7,
  0x3966, 0x3145, 0x3986, 0x3986, 0x3986, 0x3986, 0x3986, 0x3986, 0x3986, 0x3986, 0x3986, 0x3986, 0x3987, 0x5229, 0x5AAB, 0x3987,
  0xCF3C, 0xD73C, 0xD71C, 0xDF3D, 0xDF5D, 0xD73C, 0xCF1C, 0xC6FB, 0xCE59, 0xE71C, 0xE6FB, 0xEEFB, 0xE6BA, 0xD618, 0xEEDB, 0xD639,
  0xBD56, 0xBD76, 0xBD55, 0xBD55, 0xBD55, 0xBD35, 0xBD35, 0xBD55, 0xA492, 0xB4D3, 0xBD35, 0xBD14, 0x9C10, 0xA431, 0xC514, 0xBCF4,
  0xBD14, 0xBD14, 0xBD14, 0xBD14, 0xBD14, 0xBD14, 0xBD14, 0xBD14, 0xBD14, 0xBD14, 0xBCF4, 0xC514, 0xA431, 0xB492, 0xBD14, 0xBCF4,
  0xB4F4, 0x9BF0, 0xAC72, 0xBCF4, 0xBCF4, 0xBCF4, 0xBCF3, 0xBCF3, 0xBCF4, 0xBCF4, 0xBCF4, 0xBCF4, 0xBCF4, 0xBD14, 0xB4B3, 0xBCD3,
  0xCD75, 0xBCF3, 0xBCF3, 0xBCF3, 0xBCF3, 0xBCF3, 0xBCF3, 0xBCF3, 0xBCF3, 0xBCF3, 0xBCF3, 0xBCF3, 0xBCF3, 0xBCF3, 0xBCF3, 0xBCF3,
  0xBCF3, 0xBCF3, 0xBCF3, 0xBCF3, 0xBCF3, 0xBCF3, 0xBCF3, 0xBCF3, 0xBCF3, 0xBCF3, 0xBCF3, 0xBCF3, 0xBCF3, 0xBCF3, 0xBCF3, 0xBCF3,
  0xBCF3, 0xBCF3, 0xBCF3, 0xBCF3, 0xBCF3, 0xBCF3, 0xBCF3, 0xBCF3, 0xBCF3, 0xBCF3, 0xBCF3, 0xBCF3, 0xBCF3, 0xBCF3, 0xBCF3, 0xBCF3,
  0xBCF3, 0xBCF3, 0x9BEF, 0x938E, 0xAC51, 0xBCD3, 0xBCF3, 0xBCF3, 0xBCF3, 0xBCF3, 0xBCF3, 0xBCF3, 0xBCF3, 0xBCF3, 0xBCF3, 0xBCF3,
  0xBCF3, 0xBCF3, 0xBCF3, 0xBCF3, 0xBCF3, 0xBCF3, 0xBCF3, 0xBCF3, 0xBCF3, 0xBCF3, 0xBCF3, 0xBCF3, 0xBCF3, 0xBCD3, 0xC4F3, 0xBCD3,
  0xBCD3, 0xC514, 0x9BF0, 0x8B4D, 0xBCD3, 0xBCF3, 0xBCF3, 0xAC51, 0xAC51, 0xBCF3, 0xBCF4, 0xC514, 0xCDB6, 0x9C6F, 0x9C6E, 0x9C8D,
  0x9C8D, 0x9C8D, 0x9C8C, 0x9C8C, 0x9C8C, 0x9C8C, 0x946C, 0x946C, 0x946C, 0x944C, 0x944C, 0x944C, 0x944C, 0x944C, 0x942B, 0x942B,
  0x8C0B, 0x8C2B, 0x8C2C, 0x736A, 0x4A67, 0x4208, 0x4229, 0x422A, 0x4229, 0x424A, 0x422A, 0x422A, 0x422A, 0x4A2A, 0x31A7, 0x2945,
  0x2946, 0x2946, 0x2945, 0x2925, 0x2945, 0x2946, 0x2146, 0x2146, 0x2946, 0x4209, 0x39E8, 0x2946, 0x2125, 0x2945, 0x2946, 0x2125,
  0x2145, 0x2945, 0x2945, 0x2945, 0x2945, 0x2945, 0x2945, 0x2104, 0x18E4, 0x2945, 0x2945, 0x2945, 0x2945, 0x2925, 0x2945, 0x2925,
  0x2925, 0x2925, 0x2925, 0x2925, 0x2925, 0x2925, 0x2925, 0x2925, 0x2945, 0x2945, 0x2945, 0x2945, 0x2925, 0x2945, 0x2945, 0x2104,
  0x10A3, 0x18E4, 0x2945, 0x2945, 0x2945, 0x2945, 0x2945, 0x2945, 0x2945, 0x2125, 0x3166, 0x39A7, 0x39A7, 0x41A6, 0x3965, 0x734C,
  0x83CE, 0x5248, 0x39A6, 0x3987, 0x3987, 0x3987, 0x3145, 0x3945, 0x8BAE, 0xCDD5, 0x838C, 0xB4D1, 0xD5B5, 0xD595, 0x7ACB, 0x93AE,
  0xD5B5, 0xD554, 0xD533, 0xCCF3, 0xCD34, 0x7B2D, 0x3125, 0x2945, 0x2946, 0x2946, 0x2125, 0x2925, 0x18C3, 0x18C3, 0x2124, 0x18E3,
  0x2925, 0x2945, 0x2945, 0x2925, 0x2945, 0x2945, 0x2945, 0x2945, 0x2945, 0x2105, 0x10C3, 0x39C7, 0xACD2, 0x5207, 0x3986, 0x3186,
  0x3146, 0x3986, 0x3986, 0x3986, 0x3986, 0x3986, 0x3986, 0x3986, 0x3986, 0x3986, 0x3986, 0x39A7, 0x3987, 0x524A, 0x49E8, 0x3966,
  0xCF1C, 0xCEFB, 0xCEDB, 0xC6FC, 0xC6FC, 0xC6DB, 0xD73C, 0xC659, 0xDEBA, 0xEEFB, 0xE6FB, 0xEF1C, 0xD679, 0xD659, 0xEEDB, 0xCDB7,
  0xBD55, 0xC556, 0xBD55, 0xBD55, 0xBD35, 0xC535, 0xBD35, 0xC555, 0xA472, 0xACD3, 0xBD35, 0xBD14, 0x93F0, 0xAC92, 0xBD14, 0xBD14,
  0xBD14, 0xBD14, 0xBD14, 0xBD14, 0xBD14, 0xBD14, 0xBD14, 0xBD14, 0xBD14, 0xBD14, 0xBCF4, 0xBCF4, 0x9C10, 0xB4D3, 0xBCF4, 0xBCF4,
  0xBCF4, 0x9BCF, 0xA431, 0xBD14, 0xBCF3, 0xBCF3, 0xBCF3, 0xBCF3, 0xBCF3, 0xBCF3, 0xBCF3, 0xBCD3, 0xBCF3, 0xBD14, 0xACB2, 0xBD13,
  0xCD75, 0xBCF3, 0xBCF3, 0xBCF3, 0xBCF3, 0xBCF3, 0xBCF3, 0xBCF3, 0xBCF3, 0xBCF3, 0xBCF3, 0xBCF3, 0xBCF3, 0xBCF3, 0xBCF3, 0xBCF3,
  0xBCF3, 0xBCF3, 0xBCF3, 0xBCF3, 0xBCF3, 0xBCF3, 0xBCF3, 0xBCF3, 0xBCF3, 0xBCF3, 0xBCF3, 0xBCF3, 0xBCF3, 0xBCF3, 0xBCF3, 0xBCF3,
  0xBCF3, 0xBCF3, 0xBCF3, 0xBCF3, 0xBCF3, 0xBCF3, 0xBCF3, 0xBCF3, 0xBCF3, 0xBCF3, 0xBCF3, 0xBCF3, 0xBCF3, 0xBCF3, 0xBCF3, 0xBCF3,
  0xBCF3, 0xBCF4, 0xAC51, 0x8B6D, 0xA410, 0xBCB2, 0xC4F4, 0xBCD3, 0xBCF3, 0xBCF3, 0xBCF3, 0xBCF3, 0xBCF3, 0xBCF3, 0xBCF3, 0xBCF3,
  0xBCF3, 0xBCF3, 0xBCF3, 0xBCF3, 0xBCF3, 0xBCF3, 0xBCF3, 0xBCF3, 0xBCF3, 0xBCF3, 0xBCF3, 0xBCF3, 0xBCF3, 0xBCF3, 0xBCF3, 0xB4B2,
  0xB492, 0xBCB2, 0xBCF3, 0xAC51, 0x9BEF, 0xAC72, 0xC514, 0xB492, 0xA430, 0xBCF4, 0xBCD4, 0xBCD4, 0xCD75, 0xC554, 0x942E, 0x9C8E,
  0x9C8D, 0x9C8C, 0x9CAC, 0x9C8C, 0x9C8C, 0x9C8C, 0x9C8D, 0x946C, 0x946C, 0x946C, 0x9C4C, 0x9C4C, 0x944C, 0x944C, 0x944C, 0x942C,
  0x944D, 0x83CC, 0x5AA9, 0x4A08, 0x4209, 0x422A, 0x422A, 0x422A, 0x422A, 0x422A, 0x422A, 0x422A, 0x422A, 0x39C8, 0x3187, 0x2946,
  0x2925, 0x2945, 0x2945, 0x2945, 0x2945, 0x2945, 0x2945, 0x2125, 0x2966, 0x4229, 0x2966, 0x2925, 0x2945, 0x2925, 0x2945, 0x2945,
  0x2945, 0x2925, 0x2125, 0x2925, 0x2945, 0x2945, 0x2925, 0x20E4, 0x18A3, 0x18C4, 0x2945, 0x2945, 0x2925, 0x2925, 0x2945, 0x2925,
  0x2925, 0x2925, 0x2925, 0x2925, 0x2925, 0x2925, 0x2925, 0x2925, 0x2925, 0x2925, 0x2925, 0x2925, 0x2925, 0x2945, 0x2945, 0x2104,
  0x10A3, 0x18E4, 0x2945, 0x2925, 0x2925, 0x2925, 0x2925, 0x2925, 0x2925, 0x2105, 0x3166, 0x3987, 0x39A7, 0x41A7, 0x3985, 0x6AEB,
  0x734C, 0x4A28, 0x3986, 0x3987, 0x3987, 0x3966, 0x3145, 0x5228, 0xC574, 0xC594, 0x8B8C, 0xC553, 0xCDB5, 0xD5D5, 0x8B8C, 0x9C0E,
  0xD5B5, 0xCD54, 0xD553, 0xD533, 0xC4F2, 0xBCF3, 0x51E7, 0x2904, 0x2966, 0x2145, 0x2946, 0x2925, 0x20E4, 0x2105, 0x2125, 0x2125,
  0x2945, 0x2945, 0x2945, 0x2945, 0x2945, 0x2945, 0x2945, 0x2945, 0x2125, 0x1904, 0x10A3, 0x2104, 0x5249, 0x39A6, 0x3166, 0x3145,
  0x3986, 0x3986, 0x3986, 0x3986, 0x3986, 0x3986, 0x3986, 0x3986, 0x3987, 0x39A7, 0x39A7, 0x3987, 0x41C7, 0x41E8, 0x41A7, 0x39A7,
  0xCF3C, 0xD75D, 0xD73D, 0xCF1C, 0xC6FB, 0xC6FB, 0xD6FB, 0xC639, 0xEEFC, 0xEEFB, 0xE6FB, 0xEEFB, 0xCE17, 0xE6BA, 0xE67A, 0xBD55,
  0xC575, 0xBD55, 0xBD55, 0xBD55, 0xBD35, 0xBD35, 0xBD35, 0xC555, 0xA472, 0xACD3, 0xBD35, 0xB4F4, 0x93CF, 0xB4D3, 0xBD14, 0xBD14,
  0xBCF4, 0xBD14, 0xBD14, 0xBD14, 0xBD14, 0xBD14, 0xBD14, 0xBD14, 0xBCF4, 0xBCF4, 0xBD14, 0xB4D3, 0xA410, 0xBCF3, 0xBCF4, 0xBCF4,
  0xBCD4, 0x9BCF, 0x9BEF, 0xBCF4, 0xBCF3, 0xBCF3, 0xBCF3, 0xBCF3, 0xBCF3, 0xBCF3, 0xBCF3, 0xBCF3, 0xBCF3, 0xBD14, 0xAC92, 0xC554,
  0xCD75, 0xBCD3, 0xBCF3, 0xBCF3, 0xBCF3, 0xBCF3, 0xBCF3, 0xBCF3, 0xBCF3, 0xBCF3, 0xBCF3, 0xBCF3, 0xBCF3, 0xBCF3, 0xBCF3, 0xBCF3,
  0xBCF3, 0xBCF3, 0xBCF3, 0xBCF3, 0xBCF3, 0xBCF3, 0xBCF3, 0xBCF3, 0xBCF3, 0xBCF3, 0xBCF3, 0xBCF3, 0xBCF3, 0xBCF3, 0xBCF3, 0xBCF3,
  0xBCF3, 0xBCF3, 0xBCF3, 0xBCF3, 0xBCF3, 0xBCF3, 0xBCF3, 0xBCF3, 0xBCF3, 0xBCF3, 0xBCF3, 0xBCF3, 0xBCF3, 0xBCF3, 0xBCF3, 0xBCF3,
  0xBCF3, 0xBD14, 0xB4B2, 0x938E, 0x9BAF, 0xAC51, 0xC4F3, 0xC4F3, 0xBCF3, 0xBCF3, 0xBCF3, 0xBCF3, 0xBCF3, 0xBCF3, 0xBCF3, 0xBCF3,
  0xBCF3, 0xBCF3, 0xBCF3, 0xBCF3, 0xBCF3, 0xBCF3, 0xBCF3, 0xBCF3, 0xBCF3, 0xBCF3, 0xBCF3, 0xBCF3, 0xBCF3, 0xBCF3, 0xBCF3, 0xBCF3,
  0xB472, 0xA410, 0xB492, 0xBCF3, 0xBCB2, 0xA410, 0xA430, 0xB4B2, 0xA430, 0xBCF3, 0xBCF4, 0xBCF4, 0xBCF4, 0xD5B6, 0xA490, 0x9C6E,
  0xA4AE, 0xA4AD, 0x9C8D, 0x9C8C, 0x9C8C, 0x9C8C, 0x9C8D, 0x9C8D, 0x946C, 0x9C6C, 0x9C4C, 0x9C4C, 0x9C4C, 0x9C4C, 0x9C4D, 0x8C2C,
  0x6B4A, 0x4A27, 0x4A07, 0x4A29, 0x4A2A, 0x422A, 0x4229, 0x4229, 0x4209, 0x4229, 0x4229, 0x4209, 0x31A7, 0x2946, 0x2926, 0x2946,
  0x2945, 0x2945, 0x2945, 0x2945, 0x2945, 0x2945, 0x2945, 0x2125, 0x3187, 0x39E8, 0x2945, 0x2945, 0x2125, 0x2125, 0x2125, 0x2125,
  0x2945, 0x2925, 0x2925, 0x2945, 0x2925, 0x2945, 0x2945, 0x2105, 0x18C4, 0x18C3, 0x18C4, 0x2125, 0x2945, 0x2925, 0x2925, 0x2945,
  0x2925, 0x2925, 0x2925, 0x2925, 0x2925, 0x2925, 0x2925, 0x2925, 0x2925, 0x2925, 0x2925, 0x2925, 0x2925, 0x2945, 0x2945, 0x2104,
  0x10A3, 0x18E4, 0x2945, 0x2925, 0x2925, 0x2925, 0x2925, 0x2925, 0x2904, 0x2945, 0x3166, 0x39A7, 0x3987, 0x41A7, 0x3985, 0x62CB,
  0x62CB, 0x41C7, 0x39A7, 0x3987, 0x39A7, 0x3965, 0x3965, 0x9C30, 0xD5F6, 0xC553, 0x93CD, 0xCDB5, 0xCDB5, 0xD5F6, 0xA470, 0x9C2F,
  0xD5B5, 0xCD74, 0xD574, 0xD533, 0xCCF2, 0xCD54, 0x9C10, 0x3125, 0x2945, 0x2965, 0x2925, 0x2946, 0x2126, 0x2125, 0x2125, 0x2925,
  0x2945, 0x2945, 0x2945, 0x2945, 0x2946, 0x2945, 0x2945, 0x2946, 0x1904, 0x18C3, 0x10A3, 0x10A3, 0x2925, 0x3166, 0x3145, 0x3986,
  0x3986, 0x3986, 0x3986, 0x3986, 0x3986, 0x3986, 0x3986, 0x3986, 0x39A7, 0x3987, 0x3987, 0x39A7, 0x3986, 0x3166, 0x41C7, 0x3986,
  0xD75D, 0xD75D, 0xD71D, 0xCF1C, 0xC6DB, 0xD75D, 0xC679, 0xDEBA, 0xEEFB, 0xEEDB, 0xEEFB, 0xE6BA, 0xCDF7, 0xEEDB, 0xD5F8, 0xBD55,
  0xBD55, 0xBD55, 0xBD35, 0xBD35, 0xBD35, 0xBD35, 0xBD14, 0xC535, 0xA472, 0xACD3, 0xBD35, 0xB4D3, 0x93EF, 0xB4F3, 0xBD14, 0xBD14,
  0xBCF4, 0xBCF4, 0xBCF4, 0xBCF4, 0xBCF4, 0xBCF4, 0xBCF4, 0xBCF4, 0xBCF4, 0xBCF3, 0xBD14, 0xB4B2, 0xA410, 0xBD14, 0xBCF4, 0xBCF4,
  0xBCD4, 0x9BCF, 0x93AE, 0xBCD3, 0xBCF3, 0xBCF3, 0xBCF3, 0xBCF3, 0xBCF3, 0xBCF3, 0xBCF3, 0xBCF3, 0xBCF3, 0xBD13, 0xAC91, 0xCDB6,
  0xC555, 0xBCF3, 0xBCF3, 0xBCF3, 0xBCF3, 0xBCF3, 0xBCF3, 0xBCF3, 0xBCF3, 0xBCF3, 0xBCF3, 0xBCF3, 0xBCF3, 0xBCF3, 0xBCF3, 0xBCF3,
  0xBCF3, 0xBCF3, 0xBCF3, 0xBCF3, 0xBCF3, 0xBCF3, 0xBCF3, 0xBCF3, 0xBCF3, 0xBCF3, 0xBCF3, 0xBCF3, 0xBCF3, 0xBCF3, 0xBCF3, 0xBCF3,
  0xBCF3, 0xBCF3, 0xBCF3, 0xBCF3, 0xBCF3, 0xBCF3, 0xBCF3, 0xBCF3, 0xBCF3, 0xBCF3, 0xBCF3, 0xBCF3, 0xBCF3, 0xBCF3, 0xBCF3, 0xBCF3,
  0xBCF3, 0xBCF3, 0xBCD3, 0x93AE, 0x93AE, 0xA430, 0xBCB3, 0xC4F3, 0xBCF3, 0xBCF3, 0xBCF3, 0xBCF3, 0xBCF3, 0xBCF3, 0xBCF3, 0xBCF3,
  0xBCF3, 0xBCF3, 0xBCF3, 0xBCF3, 0xBCF3, 0xBCF3, 0xBCF3, 0xBCF3, 0xBCF3, 0xBCF3, 0xBCF3, 0xBCF3, 0xBCF3, 0xBCF3, 0xBCF4, 0xBCF3,
  0xBCF3, 0xAC71, 0xA3F0, 0xAC51, 0xBCB2, 0xBCF3, 0xAC51, 0x9BCF, 0x93AE, 0xB4B2, 0xBCF4, 0xBCF4, 0xBCF4, 0xC534, 0xCD95, 0x838C,
  0x838B, 0x940D, 0x9C4D, 0xA48E, 0x9C8D, 0x9C8D, 0x9C6D, 0x9C6D, 0x9C8E, 0x9C8D, 0x9C6C, 0x9C4C, 0x9C4C, 0x9C4D, 0x83AB, 0x5A87,
  0x4206, 0x4A48, 0x4A28, 0x4229, 0x422A, 0x422A, 0x4229, 0x4229, 0x4229, 0x4A4A, 0x39E8, 0x2966, 0x2925, 0x2946, 0x2925, 0x2925,
  0x2945, 0x2945, 0x2945, 0x2945, 0x2945, 0x2945, 0x2945, 0x2125, 0x31A7, 0x39A7, 0x2125, 0x2925, 0x2105, 0x18C3, 0x18A3, 0x18C4,
  0x2104, 0x2125, 0x2945, 0x2925, 0x2925, 0x2925, 0x2945, 0x2125, 0x18E4, 0x18C3, 0x18A3, 0x18E4, 0x2125, 0x2925, 0x2125, 0x2945,
  0x2925, 0x2925, 0x2925, 0x2925, 0x2925, 0x2925, 0x2925, 0x2925, 0x2925, 0x2925, 0x2925, 0x2925, 0x2925, 0x2945, 0x2945, 0x2104,
  0x10A3, 0x18E4, 0x2945, 0x2925, 0x2925, 0x2925, 0x2925, 0x2925, 0x2925, 0x3166, 0x3166, 0x39A7, 0x3987, 0x41A6, 0x4186, 0x6AEB,
  0x5A8A, 0x39A7, 0x39A7, 0x39A7, 0x3986, 0x3145, 0x6289, 0xCDB6, 0xD5F6, 0xBD12, 0x9C0E, 0xD5D5, 0xD5D5, 0xD5F6, 0xBD33, 0xAC90,
  0xD5B6, 0xD595, 0xD574, 0xD533, 0xCD33, 0xC513, 0xCD75, 0x834D, 0x2904, 0x3145, 0x2925, 0x2166, 0x2166, 0x2146, 0x2925, 0x2945,
  0x2945, 0x2945, 0x2945, 0x2945, 0x2946, 0x2945, 0x2946, 0x2925, 0x18C3, 0x18A3, 0x18C3, 0x18C3, 0x2925, 0x3145, 0x3986, 0x3986,
  0x3986, 0x3986, 0x3986, 0x3986, 0x3986, 0x3986, 0x3986, 0x3986, 0x39A7, 0x39A7, 0x3987, 0x3986, 0x3145, 0x3986, 0x39A7, 0x3987,
  0xCF3C, 0xCEFC, 0xC6BB, 0xC69B, 0xCEFC, 0xD73C, 0xC659, 0xE6FB, 0xEEDB, 0xEEFB, 0xEEFB, 0xDE79, 0xD638, 0xE6DB, 0xC576, 0xBD55,
  0xBD55, 0xBD35, 0xBD35, 0xBD35, 0xBD35, 0xBD14, 0xBD14, 0xC535, 0xA451, 0xB4D3, 0xBD34, 0xACB3, 0x9C10, 0xBCF3, 0xBCF4, 0xBD14,
  0xBD14, 0xBCF4, 0xBCF4, 0xBCF4, 0xBCF4, 0xBCF4, 0xBCF4, 0xBCF4, 0xBCF4, 0xBCF3, 0xBD14, 0xAC92, 0xA430, 0xBCF4, 0xBCF3, 0xBD14,
  0xB4D3, 0x93AF, 0x8B6E, 0xB4B2, 0xBCF3, 0xBCF3, 0xBCF3, 0xBCF3, 0xBCF3, 0xBCF3, 0xBCF3, 0xBCF3, 0xBCF3, 0xBD13, 0xAC71, 0xD5F7,
  0xC555, 0xBCD3, 0xBCF3, 0xBCF3, 0xBCF3, 0xBCF3, 0xBCF3, 0xBCF3, 0xBCF3, 0xBCF3, 0xBCF3, 0xBCF3, 0xBCF3, 0xBCF3, 0xBCF3, 0xBCF3,
  0xBCF3, 0xBCF3, 0xBCF3, 0xBCF3, 0xBCF3, 0xBCF3, 0xBCF3, 0xBCF3, 0xBCF3, 0xBCF3, 0xBCF3, 0xBCF3, 0xBCF3, 0xBCF3, 0xBCF3, 0xBCF3,
  0xBCF3, 0xBCF3, 0xBCF3, 0xBCF3, 0xBCF3, 0xBCF3, 0xBCF3, 0xBCF3, 0xBCF3, 0xBCF3, 0xBCF3, 0xBCF3, 0xBCF3, 0xBCF3, 0xBCF3, 0xBCF3,
  0xBCF3, 0xBCF3, 0xBCF4, 0xA410, 0x938E, 0xA3F0, 0xB472, 0xC4F3, 0xBCF3, 0xBCF3, 0xBCF3, 0xBCF3, 0xBCF3, 0xBCF3, 0xBCF3, 0xBCF3,
  0xBCF3, 0xBCF3, 0xBCF3, 0xBCF3, 0xBCF3, 0xBCF3, 0xBCF3, 0xBCF3, 0xBCF3, 0xBCF3, 0xBCF3, 0xBCF3, 0xBCF3, 0xBCF3, 0xBCF3, 0xBCF3,
  0xBCF3, 0xBCF3, 0xAC71, 0x9BCF, 0xA410, 0xB471, 0xBCF3, 0xB4B2, 0x93AE, 0xA410, 0xBCF3, 0xBCF3, 0xBD14, 0xBCF3, 0xCD95, 0xA430,
  0x6268, 0x72E9, 0x7B2A, 0x838B, 0x940C, 0x9C8E, 0x9C8E, 0x9C8E, 0x8C0D, 0x734A, 0x83EC, 0x946D, 0x8C2C, 0x6B09, 0x4A07, 0x4208,
  0x4A49, 0x4229, 0x4229, 0x422A, 0x422A, 0x4229, 0x4229, 0x4229, 0x4209, 0x31A7, 0x2946, 0x2925, 0x2946, 0x2945, 0x2925, 0x2946,
  0x2945, 0x2925, 0x2945, 0x2945, 0x2945, 0x2945, 0x2945, 0x2125, 0x31A7, 0x3187, 0x2125, 0x2125, 0x18E4, 0x18C3, 0x18C3, 0x18C3,
  0x10A3, 0x18C3, 0x20E4, 0x2125, 0x2925, 0x2125, 0x2945, 0x2945, 0x2125, 0x18C3, 0x18C3, 0x18C3, 0x18E4, 0x2925, 0x2125, 0x2925,
  0x2925, 0x2925, 0x2925, 0x2925, 0x2925, 0x2925, 0x2925, 0x2925, 0x2925, 0x2925, 0x2925, 0x2925, 0x2925, 0x2945, 0x2945, 0x2104,
  0x10A3, 0x18E4, 0x2945, 0x2925, 0x2925, 0x2925, 0x2925, 0x2125, 0x3165, 0x3186, 0x3166, 0x3987, 0x39A7, 0x3986, 0x41C6, 0x6B0B,
  0x5249, 0x39A7, 0x39A7, 0x39A7, 0x3986, 0x3965, 0x9C50, 0xD616, 0xD5F6, 0xBD12, 0xA470, 0xD5F6, 0xD5D5, 0xD5D5, 0xCDB5, 0xBD33,
  0xCDB5, 0xD5B5, 0xD595, 0xD574, 0xD554, 0xCD33, 0xCD33, 0xC514, 0x72CC, 0x28E4, 0x2946, 0x2146, 0x2146, 0x2146, 0x2946, 0x2926,
  0x2945, 0x2945, 0x2945, 0x2945, 0x2945, 0x2945, 0x2945, 0x2104, 0x10A3, 0x18C3, 0x10A3, 0x20E4, 0x3145, 0x3986, 0x3966, 0x3986,
  0x3986, 0x3986, 0x3986, 0x3986, 0x3986, 0x3986, 0x3986, 0x3986, 0x3987, 0x39A7, 0x3986, 0x3145, 0x3166, 0x3986, 0x3986, 0x41E8,
  0xCEFB, 0xCF1C, 0xDF5D, 0xCEDC, 0xCEFB, 0xC69A, 0xD699, 0xEEFC, 0xEEFB, 0xEEFB, 0xEEFB, 0xD638, 0xDE9A, 0xDE79, 0xC575, 0xBD55,
  0xBD35, 0xBD35, 0xBD34, 0xBD34, 0xBD14, 0xBD14, 0xBD14, 0xC535, 0xA451, 0xACB3, 0xBD14, 0xACB2, 0x9C10, 0xBD14, 0xBCF3, 0xBCF3,
  0xBCF3, 0xBCF3, 0xBCF3, 0xBCF3, 0xBD14, 0xBD14, 0xBD14, 0xBD14, 0xBD14, 0xBD14, 0xBD14, 0xAC71, 0xA451, 0xBCF4, 0xBCF4, 0xBCF4,
  0xB4D3, 0x93AF, 0x8B4D, 0xAC92, 0xBCF3, 0xBCF3, 0xBCF3, 0xBCF3, 0xBCF3, 0xBCF3, 0xBCF3, 0xBCF3, 0xBCF3, 0xBCF3, 0xAC91, 0xDE17,
  0xC534, 0xBCD3, 0xBCF3, 0xBCF3, 0xBCF3, 0xBCF3, 0xBCF3, 0xBCF3, 0xBCF3, 0xBCF3, 0xBCD3, 0xBCF3, 0xBCF3, 0xBCF3, 0xBCF3, 0xBCF3,
  0xBCF3, 0xBCF3, 0xBCF3, 0xBCF3, 0xBCF3, 0xBCF3, 0xBCF3, 0xBCF3, 0xBCF3, 0xBCF3, 0xBCF3, 0xBCF3, 0xBCF3, 0xBCF3, 0xBCF3, 0xBCF3,
  0xBCF3, 0xBCF3, 0xBCF3, 0xBCF3, 0xBCF3, 0xBCF3, 0xBCF3, 0xBCF3, 0xBCF3, 0xBCF3, 0xBCF3, 0xBCF3, 0xBCF3, 0xBCF3, 0xBCF3, 0xBCF3,
  0xBCF3, 0xBCF3, 0xBCF4, 0xAC71, 0x936D, 0x9BEF, 0xAC51, 0xBCF3, 0xBCD3, 0xBCF3, 0xBCF3, 0xBCF3, 0xBCF3, 0xBCF3, 0xBCF3, 0xBCF3,
  0xBCF3, 0xBCF3, 0xBCF3, 0xBCF3, 0xBCF3, 0xBCF3, 0xBCF3, 0xBCF3, 0xBCF3, 0xBCF3, 0xBCF3, 0xBCF3, 0xBCF3, 0xBCF3, 0xBCF3, 0xBCF3,
  0xBCF3, 0xBCF3, 0xBCD3, 0xAC51, 0x9BEF, 0xA3EF, 0xAC31, 0xBCD3, 0xBCF3, 0xA410, 0xA430, 0xBCF4, 0xBCF4, 0xBCF3, 0xBD14, 0xCD75,
  0x9C10, 0x7B2C, 0x6A89, 0x7B2A, 0x7309, 0x7B4A, 0x8BEC, 0x732A, 0x4A28, 0x4227, 0x4A47, 0x52C9, 0x4A68, 0x3A07, 0x4229, 0x422A,
  0x422A, 0x424A, 0x422A, 0x422A, 0x422A, 0x422A, 0x4229, 0x39E8, 0x2966, 0x2925, 0x2125, 0x2945, 0x2945, 0x2945, 0x2945, 0x2925,
  0x2125, 0x2105, 0x2925, 0x2945, 0x2925, 0x2125, 0x2105, 0x2104, 0x3187, 0x3166, 0x2125, 0x2125, 0x18C3, 0x18C3, 0x18C3, 0x18C3,
  0x18C3, 0x18A3, 0x18C4, 0x18E4, 0x2105, 0x2925, 0x2945, 0x2945, 0x2925, 0x20E4, 0x18C3, 0x18C3, 0x18C3, 0x2105, 0x2945, 0x2925,
  0x2945, 0x2945, 0x2945, 0x2945, 0x2945, 0x2945, 0x2945, 0x2945, 0x2945, 0x2945, 0x2945, 0x2945, 0x2945, 0x2945, 0x2945, 0x2104,
  0x10A3, 0x18E4, 0x2925, 0x2925, 0x2945, 0x2945, 0x2945, 0x2125, 0x39A6, 0x3166, 0x3986, 0x39A7, 0x41A7, 0x4186, 0x5208, 0x7B4C,
  0x4A28, 0x3987, 0x39A7, 0x39A7, 0x3124, 0x5A69, 0xCDB5, 0xD5F5, 0xD5F6, 0xBD12, 0xACB1, 0xD5F6, 0xD5D5, 0xD5D5, 0xD5D5, 0xD5D5,
  0xD5D6, 0xD5D6, 0xD5B5, 0xD595, 0xD574, 0xD554, 0xCD13, 0xCCF3, 0xC4F4, 0x6AAB, 0x2904, 0x2945, 0x2146, 0x2146, 0x2946, 0x2926,
  0x2945, 0x2945, 0x2945, 0x2945, 0x2945, 0x2945, 0x2945, 0x18E4, 0x10A3, 0x10A3, 0x18C3, 0x2925, 0x3186, 0x3145, 0x3145, 0x3986,
  0x3986, 0x3986, 0x3986, 0x3986, 0x3986, 0x3986, 0x39A7, 0x3966, 0x3966, 0x3986, 0x3145, 0x3146, 0x3987, 0x3986, 0x39A7, 0x5229,
  0xCF1C, 0xDF5D, 0xE79F, 0xDF5D, 0xC6BA, 0xBE18, 0xE6DB, 0xF6FB, 0xEEFB, 0xEEDB, 0xEEFB, 0xCDF7, 0xE69A, 0xD618, 0xBD35, 0xBD55,
  0xBD35, 0xBD35, 0xBD34, 0xBD34, 0xBD14, 0xBD14, 0xBD14, 0xC535, 0xA451, 0xB4B3, 0xBD14, 0xAC71, 0xA451, 0xBD14, 0xBCF3, 0xBCF3,
  0xBCF3, 0xBCF3, 0xBCF3, 0xBCF3, 0xBCF3, 0xBCF3, 0xBCF3, 0xBCF3, 0xBCF4, 0xBCF4, 0xBD14, 0xA430, 0xAC72, 0xBD14, 0xBCF3, 0xBCF4,
  0xBCD4, 0x93AF, 0x8B6E, 0xA431, 0xBD14, 0xBCF3, 0xBCF3, 0xBCF3, 0xBCF3, 0xBCF3, 0xBCF3, 0xBCF3, 0xBCF3, 0xB4D3, 0xACB2, 0xDE38,
  0xC534, 0xBCD3, 0xBCF3, 0xBCF3, 0xBCF3, 0xBCF3, 0xBCF3, 0xBCF3, 0xBCF3, 0xB4B2, 0xAC51, 0xBCF3, 0xBCD3, 0xBCF3, 0xBCF3, 0xBCF3,
  0xBCF3, 0xBCF3, 0xBCF3, 0xBCF3, 0xBCF3, 0xBCF3, 0xBCF3, 0xBCF3, 0xBCF3, 0xBCF3, 0xBCF3, 0xBCF3, 0xBCF3, 0xBCF3, 0xBCF3, 0xBCF3,
  0xBCF3, 0xBCF3, 0xBCF3, 0xBCF3, 0xBCF3, 0xBCF3, 0xBCF3, 0xBCF3, 0xBCF3, 0xBCF3, 0xBCF3, 0xBCF3, 0xBCF3, 0xBCF3, 0xBCF3, 0xBCF3,
  0xBCF3, 0xBCF3, 0xBCF4, 0xB4B3, 0x938E, 0x9BCF, 0xA3F0, 0xBCB3, 0xBCF3, 0xBCF3, 0xBCF3, 0xBCF3, 0xBCF3, 0xBCF3, 0xBCF3, 0xBCF3,
  0xBCF3, 0xBCF3, 0xBCF3, 0xBCF3, 0xBCF3, 0xBCF3, 0xBCF3, 0xBCF3, 0xBCF3, 0xBCF3, 0xBCF3, 0xBCF3, 0xBCF3, 0xBCF3, 0xBCF3, 0xBCF3,
  0xBCF3, 0xBCF3, 0xBCF3, 0xBCD3, 0xA430, 0x9BAF, 0xA3CF, 0xA410, 0xBCB2, 0xBCF3, 0xA410, 0xAC92, 0xBCF4, 0xBD14, 0xBCD3, 0xCD55,
  0xBCD3, 0xA430, 0x6A69, 0x6A89, 0x834B, 0x7B2A, 0x72E9, 0x51E6, 0x41E8, 0x4228, 0x4228, 0x3A08, 0x31E7, 0x31C8, 0x422A, 0x422A,
  0x422A, 0x422A, 0x422A, 0x422A, 0x422A, 0x4209, 0x31C7, 0x2945, 0x2125, 0x2925, 0x2945, 0x2945, 0x2125, 0x2925, 0x2925, 0x2945,
  0x2945, 0x2125, 0x2105, 0x2105, 0x2105, 0x2105, 0x2125, 0x2105, 0x3186, 0x2966, 0x2125, 0x2105, 0x18C3, 0x18C3, 0x18C3, 0x18C3,
  0x18C3, 0x18C3, 0x18C3, 0x18C3, 0x18C3, 0x2104, 0x2945, 0x2945, 0x2945, 0x2125, 0x18C4, 0x18C3, 0x18C3, 0x18C4, 0x2125, 0x2945,
  0x2945, 0x2945, 0x2945, 0x2945, 0x2945, 0x2945, 0x2945, 0x2945, 0x2945, 0x2945, 0x2945, 0x2945, 0x2945, 0x2945, 0x2945, 0x2105,
  0x10A3, 0x18E4, 0x2925, 0x2945, 0x2945, 0x2945, 0x2125, 0x2945, 0x39A6, 0x3165, 0x3986, 0x41A7, 0x41A7, 0x4186, 0x6AEB, 0x7B6C,
  0x41E7, 0x39A7, 0x39A7, 0x3986, 0x3144, 0x9C4F, 0xD616, 0xCDD5, 0xD616, 0xBD12, 0xB4F2, 0xD5F6, 0xD5D5, 0xD5F6, 0xD5F6, 0xD5F6,
  0xD5F6, 0xD5D5, 0xD5B5, 0xD5B5, 0xD595, 0xD574, 0xCD33, 0xCCF3, 0xC4F3, 0xC534, 0x7B0C, 0x3125, 0x2946, 0x2946, 0x2945, 0x2925,
  0x2945, 0x2945, 0x2945, 0x2945, 0x2945, 0x2946, 0x2925, 0x18C3, 0x10A3, 0x20E4, 0x2946, 0x3166, 0x3145, 0x3145, 0x3966, 0x3986,
  0x3986, 0x3986, 0x3986, 0x3986, 0x3986, 0x3986, 0x3166, 0x3145, 0x3986, 0x3125, 0x3145, 0x3166, 0x3986, 0x3986, 0x41C7, 0x4A08,
  0xCEFC, 0xCEFC, 0xDF5E, 0xEF9E, 0xCEDB, 0xC659, 0xEF1C, 0xEEBB, 0xEEDB, 0xEEFB, 0xE6BB, 0xD638, 0xE69A, 0xC596, 0xBD35, 0xBD35,
  0xBD35, 0xBD34, 0xBD14, 0xBD14, 0xBD14, 0xBD14, 0xBCF4, 0xC514, 0xA431, 0xACB2, 0xBD14, 0xA431, 0xAC92, 0xBD14, 0xBCF3, 0xBCF3,
  0xBCF3, 0xBCF3, 0xBCF3, 0xBCF3, 0xBCF3, 0xBCF3, 0xBCF3, 0xBCF3, 0xBCF4, 0xBCF3, 0xBD14, 0x9C10, 0xB492, 0xBD14, 0xBCF3, 0xBCF4,
  0xBCF4, 0x93CF, 0x8B6E, 0x9BEF, 0xBCF3, 0xBCF3, 0xBCF3, 0xBCF3, 0xBCF3, 0xBCF3, 0xBCF3, 0xBCF3, 0xBCF3, 0xB4D2, 0xB4B2, 0xE658,
  0xC534, 0xBCD3, 0xBCF3, 0xBCF3, 0xBCF3, 0xBCF3, 0xBCF3, 0xBCF3, 0xBCF4, 0xAC72, 0xA431, 0xBCF3, 0xBCD3, 0xBCF3, 0xBCF3, 0xBCF3,
  0xBCF3, 0xBCF3, 0xBCF3, 0xBCF3, 0xBCF3, 0xBCF3, 0xBCF3, 0xBCF3, 0xBCF3, 0xBCF3, 0xBCF3, 0xBCF3, 0xBCF3, 0xBCF3, 0xBCF3, 0xBCF3,
  0xBCF3, 0xBCF3, 0xBCF3, 0xBCF3, 0xBCF3, 0xBCF3, 0xBCF3, 0xBCF3, 0xBCF3, 0xBCF3, 0xBCF3, 0xBCF3, 0xBCF3, 0xBCF3, 0xBCF3, 0xBCF3,
  0xBCF3, 0xBCF3, 0xBCD3, 0xBCF3, 0x9BAF, 0x93AE, 0x9BCF, 0xB472, 0xBCF3, 0xBCF3, 0xBCF3, 0xBCF3, 0xBCF3, 0xBCF3, 0xBCF3, 0xBCF3,
  0xBCF3, 0xBCF3, 0xBCF3, 0xBCF3, 0xBCF3, 0xBCF3, 0xBCF3, 0xBCF3, 0xBCF3, 0xBCF3, 0xBCF3, 0xBCF3, 0xBCF3, 0xBCF3, 0xBCF3, 0xBCF3,
  0xBCF3, 0xBCF3, 0xBCF3, 0xBCF3, 0xB492, 0x936D, 0x9BCF, 0xA3CF, 0xA411, 0xBCD3, 0xB4B2, 0x9C10, 0xBD14, 0xBCD3, 0xBCD3, 0xC4D4,
  0xCD55, 0xB4D3, 0x93CE, 0x59E6, 0x72CA, 0x832B, 0x7B2B, 0x7B0B, 0x41C7, 0x2905, 0x2946, 0x39C8, 0x420A, 0x4209, 0x39C8, 0x4209,
  0x4A2A, 0x4A4A, 0x4229, 0x4229, 0x39E8, 0x2966, 0x2145, 0x2145, 0x2945, 0x2945, 0x2925, 0x2125, 0x2945, 0x2945, 0x2925, 0x2925,
  0x2125, 0x2104, 0x2125, 0x2104, 0x2125, 0x2925, 0x2945, 0x2125, 0x2966, 0x2946, 0x2925, 0x20E4, 0x18C3, 0x18C3, 0x18C3, 0x18C3,
  0x18C3, 0x18A3, 0x10A3, 0x18A3, 0x18A3, 0x18A3, 0x20E4, 0x2945, 0x2945, 0x2945, 0x2104, 0x18C3, 0x18C3, 0x18A3, 0x20E4, 0x2945,
  0x2945, 0x2945, 0x2945, 0x2945, 0x2945, 0x2945, 0x2945, 0x2945, 0x2945, 0x2945, 0x2945, 0x2945, 0x2925, 0x2925, 0x2945, 0x2125,
  0x18C3, 0x20E4, 0x2945, 0x2945, 0x2945, 0x2925, 0x2104, 0x3166, 0x39A6, 0x3145, 0x39A7, 0x41A7, 0x4186, 0x4186, 0x8C0F, 0x730B,
  0x41A7, 0x39A7, 0x39A7, 0x3145, 0x5248, 0xC5B5, 0xD5F5, 0xD5D5, 0xD5F6, 0xC553, 0xBD12, 0xD5F6, 0xD5F6, 0xD5F6, 0xD5F6, 0xD5F6,
  0xD5F5, 0xD5D5, 0xD5D5, 0xD5D5, 0xD5B5, 0xD595, 0xD554, 0xCD33, 0xCD13, 0xD554, 0xCD55, 0x834D, 0x3125, 0x2945, 0x2945, 0x2125,
  0x2125, 0x2945, 0x2945, 0x2945, 0x2945, 0x2946, 0x2125, 0x18C4, 0x2125, 0x3166, 0x3146, 0x3145, 0x3966, 0x3986, 0x3986, 0x3986,
  0x3986, 0x3986, 0x3986, 0x3986, 0x3986, 0x3145, 0x3125, 0x3966, 0x3145, 0x3145, 0x3166, 0x3146, 0x3986, 0x3987, 0x3986, 0x49E8,
  0xC6FB, 0xD71C, 0xE77E, 0xEFBF, 0xCEBA, 0xD6BA, 0xEEFB, 0xF6DB, 0xEEDB, 0xEEDB, 0xEEDB, 0xEEDB, 0xE69A, 0xBD55, 0xBD55, 0xBD35,
  0xBD34, 0xBD34, 0xBD14, 0xBD14, 0xBD14, 0xBD14, 0xBCF4, 0xC514, 0xA430, 0xAC72, 0xBD14, 0xA430, 0xB4B2, 0xBCF3, 0xBCF3, 0xBD13,
  0xBCF3, 0xBCF3, 0xBCF3, 0xBCF3, 0xBCF3, 0xBCF3, 0xBCF3, 0xBCF3, 0xBCF4, 0xBCF4, 0xBCF3, 0x9C10, 0xB492, 0xBCF4, 0xBCF4, 0xBCF3,
  0xBCF4, 0x9BCF, 0x8B6E, 0x93CF, 0xBCD3, 0xBCF3, 0xBCF3, 0xBCF3, 0xBCF3, 0xBCF3, 0xBCF3, 0xBCF3, 0xBCF3, 0xB4B2, 0xB4D3, 0xE679,
  0xC534, 0xBCD3, 0xBCF3, 0xBCF3, 0xBCF3, 0xBCF3, 0xBCF3, 0xBCF3, 0xBCF3, 0xAC71, 0xB492, 0xBCD3, 0xBCF3, 0xBCF3, 0xBCF3, 0xBCF3,
  0xBCF3, 0xBCF3, 0xBCF3, 0xBCF3, 0xBCF3, 0xBCF3, 0xBCF3, 0xBCF3, 0xBCF3, 0xBCF3, 0xBCF3, 0xBCF3, 0xBCF3, 0xBCF3, 0xBCF3, 0xBCF3,
  0xBCF3, 0xBCF3, 0xBCF3, 0xBCF3, 0xBCF3, 0xBCF3, 0xBCF3, 0xBCF3, 0xBCF3, 0xBCF3, 0xBCF3, 0xBCF3, 0xBCF3, 0xBCF3, 0xBCF3, 0xBCF3,
  0xBCF3, 0xBCF3, 0xBCD3, 0xBCF4, 0xA3F0, 0x938E, 0x9BCF, 0xAC31, 0xBCF3, 0xBCF3, 0xBCF3, 0xBCF3, 0xBCF3, 0xBCF3, 0xBCF3, 0xBCF3,
  0xBCF3, 0xBCF3, 0xBCF3, 0xBCF3, 0xBCF3, 0xBCF3, 0xBCF3, 0xBCF3, 0xBCF3, 0xBCF3, 0xBCF3, 0xBCF3, 0xBCF3, 0xBCF3, 0xBCF3, 0xBCF3,
  0xBCF3, 0xBCF3, 0xBCF3, 0xBCD3, 0xC4F4, 0xAC31, 0x936D, 0xA3CF, 0xA3F0, 0xB492, 0xB4D3, 0x9C10, 0xBD14, 0xAC71, 0xAC51, 0xC4F4,
  0xC514, 0xBD14, 0xB4B2, 0x6A69, 0x5A07, 0x7B2B, 0x7B0B, 0x7B2B, 0x730C, 0x41A7, 0x2905, 0x2906, 0x2947, 0x39A8, 0x41E8, 0x39C7,
  0x39C8, 0x4209, 0x39E8, 0x3166, 0x2945, 0x2925, 0x2945, 0x2145, 0x2925, 0x2945, 0x2945, 0x2945, 0x2125, 0x2125, 0x2104, 0x2104,
  0x2125, 0x2925, 0x2945, 0x2125, 0x2105, 0x2125, 0x2945, 0x2125, 0x2945, 0x2946, 0x2945, 0x18E4, 0x18A3, 0x18A3, 0x18C3, 0x18C3,
  0x18C3, 0x18C3, 0x18C3, 0x18C3, 0x18C3, 0x18A3, 0x18C3, 0x18E4, 0x2125, 0x2945, 0x2945, 0x18C4, 0x18A3, 0x18C3, 0x18C3, 0x2125,
  0x2945, 0x2945, 0x2945, 0x2945, 0x2945, 0x2945, 0x2945, 0x2945, 0x2945, 0x2945, 0x2945, 0x2945, 0x2925, 0x2125, 0x2945, 0x2125,
  0x18C3, 0x2104, 0x2145, 0x2145, 0x2945, 0x2105, 0x18E4, 0x2966, 0x3986, 0x3145, 0x41A7, 0x41A7, 0x3965, 0x6ACA, 0xA4B1, 0x6ACA,
  0x39A7, 0x39A7, 0x39A7, 0x3124, 0x8C0F, 0xD616, 0xD5F5, 0xD5F5, 0xD616, 0xC574, 0xBD12, 0xD5F6, 0xD5F6, 0xD5F6, 0xD5F6, 0xD5F5,
  0xD5F5, 0xD5F5, 0xD5F5, 0xD5F5, 0xCDD5, 0xD5B5, 0xD595, 0xD574, 0xD553, 0xD554, 0xD554, 0xCD55, 0x93CF, 0x3966, 0x2945, 0x2145,
  0x2125, 0x2925, 0x2945, 0x2925, 0x2945, 0x2945, 0x2925, 0x2946, 0x3166, 0x3166, 0x3186, 0x39A7, 0x39A7, 0x3986, 0x3986, 0x3986,
  0x39A7, 0x3986, 0x3986, 0x3966, 0x3145, 0x3145, 0x3966, 0x2925, 0x2925, 0x3966, 0x3146, 0x3986, 0x3986, 0x39A7, 0x3986, 0x4A08,
  0xDF5C, 0xE79E, 0xEFBE, 0xEF7E, 0xCE59, 0xE6FB, 0xEEFB, 0xEEFB, 0xEEDB, 0xE6DB, 0xEEDB, 0xEEDB, 0xDE38, 0xBD35, 0xBD55, 0xBD34,
  0xBD14, 0xBD14, 0xBD14, 0xBD14, 0xBD14, 0xBD14, 0xBD14, 0xBD14, 0xA431, 0xAC72, 0xBD14, 0xA431, 0xB4D3, 0xBD14, 0xBCF3, 0xBD13,
  0xBCF3, 0xBCF3, 0xBCF3, 0xBCF3, 0xBCF3, 0xBCF3, 0xBCF3, 0xBCF3, 0xBCF3, 0xBCF3, 0xBCF3, 0x9C10, 0xB4B2, 0xBCF3, 0xBCF3, 0xBCF3,
  0xBD14, 0x9BCF, 0x938E, 0x938E, 0xB492, 0xBCF4, 0xBCF3, 0xBCF3, 0xBCF3, 0xBCF3, 0xBCF3, 0xBCF3, 0xBD14, 0xB4B2, 0xBD34, 0xE699,
  0xC534, 0xBCD3, 0xBCF3, 0xBCF3, 0xBCF3, 0xBCF3, 0xBCF3, 0xBCF3, 0xBD13, 0xAC71, 0xB4D3, 0xBCF3, 0xBCF3, 0xBCF3, 0xBCF3, 0xBCF3,
  0xBCF3, 0xBCF3, 0xBCF3, 0xBCF3, 0xBCF3, 0xBCF3, 0xBCF3, 0xBCF3, 0xBCF3, 0xBCF3, 0xBCF3, 0xBCF3, 0xBCF3, 0xBCF3, 0xBCF3, 0xBCF3,
  0xBCF3, 0xBCF3, 0xBCF3, 0xBCF3, 0xBCF3, 0xBCF3, 0xBCF3, 0xBCF3, 0xBCF3, 0xBCF3, 0xBCF3, 0xBCF3, 0xBCF3, 0xBCF3, 0xBCF3, 0xBCF3,
  0xBCF3, 0xBCF3, 0xBCF3, 0xBCF3, 0xAC71, 0x8B6D, 0x9BCF, 0xA3EF, 0xB4B2, 0xBCD3, 0xBCF3, 0xBCF3, 0xBCF3, 0xBCF3, 0xBCF3, 0xBCF3,
  0xBCF3, 0xBCF3, 0xBCF3, 0xBCF3, 0xBCF3, 0xBCF3, 0xBCF3, 0xBCF3, 0xBCF3, 0xBCF3, 0xBCF3, 0xBCF3, 0xBCF3, 0xBCF3, 0xBCF3, 0xBCF3,
  0xBCF3, 0xBCF3, 0xBCF3, 0xBCF3, 0xBCF3, 0xBCF3, 0x9BCF, 0x938E, 0xA3F0, 0xAC51, 0xBCD3, 0x9C10, 0xBCD3, 0xAC71, 0x9BEF, 0xC514,
  0xB4B3, 0xAC72, 0xBCF4, 0x8B8D, 0x51C6, 0x72CA, 0x834C, 0x832B, 0x830B, 0x7AEB, 0x49C7, 0x3146, 0x2925, 0x2925, 0x2946, 0x39C7,
  0x39C8, 0x3166, 0x2125, 0x2925, 0x2945, 0x2945, 0x2925, 0x2945, 0x2945, 0x2945, 0x2125, 0x2125, 0x2105, 0x2105, 0x2125, 0x2125,
  0x2945, 0x2945, 0x2925, 0x2945, 0x2125, 0x2104, 0x2925, 0x2945, 0x2125, 0x2945, 0x2125, 0x18E4, 0x18A3, 0x18C3, 0x10A3, 0x10A3,
  0x18C3, 0x18C3, 0x18A3, 0x18A3, 0x18C4, 0x18C4, 0x18C3, 0x18C3, 0x18E4, 0x2945, 0x2945, 0x2104, 0x18C3, 0x18C3, 0x10A3, 0x2104,
  0x2945, 0x2925, 0x2945, 0x2925, 0x2925, 0x2925, 0x2925, 0x2925, 0x2925, 0x2925, 0x2925, 0x2925, 0x2945, 0x2945, 0x2945, 0x2925,
  0x20C4, 0x2125, 0x1965, 0x2165, 0x2904, 0x28C3, 0x18E3, 0x2985, 0x3965, 0x3966, 0x41C7, 0x3986, 0x51E6, 0xA470, 0xAC91, 0x628A,
  0x39A7, 0x39A7, 0x3986, 0x41A6, 0xBD33, 0xD5F6, 0xD5D5, 0xD5D5, 0xD5F6, 0xCD94, 0xBD12, 0xD616, 0xD5F5, 0xD5F5, 0xD5F5, 0xD5F5,
  0xD5F6, 0xD5F6, 0xD5F5, 0xD5F5, 0xD5D5, 0xD5D5, 0xCDB5, 0xCDB5, 0xD575, 0xD574, 0xD574, 0xD574, 0xD5B5, 0x9C50, 0x41A7, 0x3146,
  0x2946, 0x2125, 0x2946, 0x2925, 0x2925, 0x2925, 0x3145, 0x3986, 0x3986, 0x3986, 0x3986, 0x3986, 0x3987, 0x39A7, 0x41A6, 0x4186,
  0x3986, 0x3965, 0x41A7, 0x3145, 0x3145, 0x3166, 0x2904, 0x2905, 0x3986, 0x3166, 0x3146, 0x39A7, 0x3987, 0x3986, 0x3986, 0x41A7,
  0xD75C, 0xDF7D, 0xF7BF, 0xE6FC, 0xD659, 0xEEFC, 0xEEFB, 0xEEFB, 0xEEFB, 0xEEDB, 0xEEDB, 0xEEDB, 0xD5F7, 0xBD35, 0xBD35, 0xBD14,
  0xBD14, 0xBD14, 0xBD14, 0xBD14, 0xBD14, 0xBD14, 0xBD14, 0xBD14, 0xA431, 0xA451, 0xBCF3, 0xA410, 0xBCF3, 0xBD13, 0xBCF3, 0xBCF3,
  0xBCF3, 0xBCF3, 0xBCF3, 0xBCF3, 0xBCF3, 0xBCF3, 0xBCF3, 0xBCF3, 0xBCF3, 0xBCF3, 0xB4D3, 0x9BEF, 0xBCD3, 0xBCF3, 0xBCF3, 0xBCF3,
  0xBD14, 0x9BF0, 0x93AF, 0x8B6E, 0xAC51, 0xBCF4, 0xBCF3, 0xBCD3, 0xBCF3, 0xBCF3, 0xBCF3, 0xBCF3, 0xBD13, 0xB4B2, 0xBD34, 0xE699,
  0xC534, 0xBCD3, 0xBCF3, 0xBCF3, 0xBCF3, 0xBCF3, 0xBCF3, 0xBCF3, 0xBD13, 0xAC71, 0xBCF3, 0xBCF3, 0xBCF3, 0xBCF3, 0xBCF3, 0xBCF3,
  0xBCF3, 0xBCF3, 0xBCF3, 0xBCF3, 0xBCF3, 0xBCF3, 0xBCF3, 0xBCF3, 0xBCF3, 0xBCF3, 0xBCF3, 0xBCF3, 0xBCF3, 0xBCF3, 0xBCF3, 0xBCF3,
  0xBCF3, 0xBCF3, 0xBCF3, 0xBCF3, 0xBCF3, 0xBCF3, 0xBCF3, 0xBCF3, 0xBCF3, 0xBCF3, 0xBCF3, 0xBCF3, 0xBCF3, 0xBCF3, 0xBCF3, 0xBCF3,
  0xBCF3, 0xBCF3, 0xBCF3, 0xBCF3, 0xB4B2, 0x8B6D, 0x9BCF, 0x9BEF, 0xAC71, 0xBCF3, 0xBCF3, 0xBCF3, 0xBCF3, 0xBCF3, 0xBCF3, 0xBCF3,
  0xBCF3, 0xBCF3, 0xBCF3, 0xBCF3, 0xBCF3, 0xBCF3, 0xBCF3, 0xBCF3, 0xBCF3, 0xBCF3, 0xBCF3, 0xBCF3, 0xBCF3, 0xBCF3, 0xBCF3, 0xBCF3,
  0xBCF3, 0xBCF3, 0xBCF3, 0xBCF3, 0xBCF3, 0xBCF3, 0xB4B3, 0x938E, 0x9BAE, 0xAC51, 0xBCB2, 0xA410, 0xBCD3, 0xAC92, 0x93CE, 0xBD14,
  0xB4B3, 0xA410, 0xBCF3, 0xAC71, 0x6207, 0x5A07, 0x72CA, 0x7B0B, 0x832B, 0x832B, 0x6AAA, 0x49E7, 0x3186, 0x2925, 0x2946, 0x2125,
  0x3166, 0x39C8, 0x3186, 0x2125, 0x2945, 0x2945, 0x2945, 0x2125, 0x2125, 0x2105, 0x2105, 0x2125, 0x2925, 0x2945, 0x2945, 0x2945,
  0x2925, 0x2945, 0x2945, 0x2125, 0x2945, 0x2105, 0x2125, 0x2945, 0x2125, 0x2125, 0x2945, 0x18C4, 0x18C3, 0x10A3, 0x18C4, 0x2945,
  0x2945, 0x2125, 0x20E4, 0x18E4, 0x18C4, 0x18A3, 0x18A3, 0x18C4, 0x18C3, 0x20E4, 0x2945, 0x2945, 0x18E4, 0x10A3, 0x10A3, 0x18C4,
  0x2125, 0x2945, 0x2925, 0x2125, 0x2925, 0x2925, 0x2925, 0x2925, 0x2925, 0x2925, 0x2925, 0x2925, 0x2945, 0x2945, 0x2945, 0x2945,
  0x20C4, 0x2125, 0x2165, 0x2925, 0x3925, 0x4105, 0x28C3, 0x2944, 0x3144, 0x39C6, 0x31A6, 0x49E7, 0x9C2F, 0xBCF2, 0xB491, 0x5A28,
  0x39A7, 0x39C7, 0x3145, 0x6269, 0xCDD5, 0xD5D5, 0xD5F5, 0xD5F5, 0xD5F6, 0xD5D5, 0xCD94, 0xD5F6, 0xD5F5, 0xD5F5, 0xD5F5, 0xD5F5,
  0xD5F6, 0xD5F6, 0xD5F6, 0xD5D5, 0xD5D5, 0xD5D5, 0xD5D5, 0xD5B5, 0xD5B5, 0xD5B5, 0xD5B5, 0xD594, 0xD594, 0xD5D6, 0xA4B2, 0x49E8,
  0x2946, 0x2966, 0x2945, 0x2925, 0x3166, 0x3986, 0x39A7, 0x3986, 0x3986, 0x3986, 0x3986, 0x3987, 0x39A7, 0x3986, 0x3965, 0x4186,
  0x49E7, 0x6AEB, 0x62AA, 0x3966, 0x3986, 0x3125, 0x20E4, 0x3166, 0x3166, 0x3125, 0x3986, 0x3986, 0x3986, 0x3986, 0x3986, 0x41A7,
  0xCF1B, 0xDF5D, 0xEFBE, 0xCE59, 0xDEBB, 0xEEFB, 0xEEFB, 0xEEDB, 0xE6DA, 0xEEDB, 0xE6BA, 0xE6BA, 0xCDB6, 0xBD34, 0xBD14, 0xBD14,
  0xBD14, 0xBD14, 0xBD14, 0xBD14, 0xBD14, 0xBD14, 0xBD14, 0xBD14, 0xA431, 0x9C10, 0xB4B2, 0x9C10, 0xBCF3, 0xBCF3, 0xBCF3, 0xBCF3,
  0xBCF3, 0xBCF3, 0xBCF3, 0xBCF3, 0xBCF3, 0xBCF3, 0xBCF3, 0xBCF3, 0xBCF3, 0xBD14, 0xAC92, 0xA430, 0xBCF3, 0xBCF3, 0xBCF3, 0xBCF3,
  0xBD14, 0x9BF0, 0x93AE, 0x938E, 0x9BCF, 0xBCF4, 0xBCF3, 0xBCF3, 0xBCF3, 0xBCF3, 0xBCF3, 0xBCF3, 0xBCF3, 0xB4B2, 0xC555, 0xEE9A,
  0xC534, 0xBCF3, 0xBCF3, 0xBCF3, 0xBCF3, 0xBCF3, 0xBCF3, 0xBCF3, 0xBCF3, 0xAC71, 0xBD14, 0xBCF3, 0xBCF3, 0xBCF3, 0xBCF3, 0xBCF3,
  0xBCF3, 0xBCF3, 0xBCF3, 0xBCF3, 0xBCF3, 0xBCF3, 0xBCF3, 0xBCF3, 0xBCF3, 0xBCF3, 0xBCF3, 0xBCF3, 0xBCF3, 0xBCF3, 0xBCF3, 0xBCF3,
  0xBCF3, 0xBCF3, 0xBCF3, 0xBCF3, 0xBCF3, 0xBCF3, 0xBCF3, 0xBCF3, 0xBCF3, 0xBCF3, 0xBCF3, 0xBCF3, 0xBCF3, 0xBCF3, 0xBCF3, 0xBCF3,
  0xBCF3, 0xBCF3, 0xBCF3, 0xBCF3, 0xBCF3, 0x938E, 0x9BAE, 0x9BCF, 0xA430, 0xBCD3, 0xBCD3, 0xBCF3, 0xBCF3, 0xBCF3, 0xBCF3, 0xBCF3,
  0xBCF3, 0xBCF3, 0xBCF3, 0xBCF3, 0xBCF3, 0xBCF3, 0xBCF3, 0xBCF3, 0xBCF3, 0xBCF3, 0xBCF3, 0xBCF3, 0xBCF3, 0xBCF3, 0xBCF3, 0xBCF3,
  0xBCF3, 0xBCF3, 0xBCF3, 0xBCF3, 0xBCF3, 0xBCD3, 0xC514, 0xAC71, 0x8B6D, 0xAC51, 0xBCD3, 0xA410, 0xBCD3, 0xAC92, 0x8B8E, 0xB4D3,
  0xBCF4, 0xA410, 0xB4B2, 0xBCF3, 0x7ACA, 0x4985, 0x5A07, 0x6248, 0x72CA, 0x832B, 0x7B2C, 0x5228, 0x4A08, 0x3166, 0x2125, 0x2946,
  0x2125, 0x2945, 0x31A7, 0x31A7, 0x2945, 0x2105, 0x2125, 0x2104, 0x2104, 0x2125, 0x2945, 0x2925, 0x2945, 0x2925, 0x2925, 0x2125,
  0x2925, 0x2946, 0x2945, 0x2125, 0x2104, 0x2946, 0x2105, 0x2125, 0x2125, 0x2125, 0x2925, 0x10A3, 0x18C3, 0x2946, 0x39E8, 0x39A7,
  0x2946, 0x2945, 0x2925, 0x2125, 0x2125, 0x2104, 0x18C4, 0x18A3, 0x18A3, 0x18C3, 0x2105, 0x2945, 0x2105, 0x18C3, 0x18A3, 0x18A3,
  0x2105, 0x2945, 0x2925, 0x2125, 0x2925, 0x2925, 0x2925, 0x2925, 0x2925, 0x2925, 0x2925, 0x2925, 0x2945, 0x2945, 0x2945, 0x2945,
  0x20E4, 0x2125, 0x2946, 0x30E4, 0x5967, 0x6167, 0x5947, 0x38E4, 0x3165, 0x39A6, 0x5269, 0xAD13, 0xC574, 0xBCD1, 0xB490, 0x5A28,
  0x39A7, 0x39A7, 0x3986, 0x7B6C, 0xD5F6, 0xD5D5, 0xD5F5, 0xD5F5, 0xD5F5, 0xD5F6, 0xD5F5, 0xD5F5, 0xD5F5, 0xD5F5, 0xD5F5, 0xD5F5,
  0xD5F5, 0xD5D5, 0xD5F6, 0xD5F6, 0xD5D5, 0xD5D5, 0xD5D5, 0xD5D5, 0xD5D6, 0xD5D5, 0xD5D5, 0xD5D5, 0xD5B5, 0xCD95, 0xD5F6, 0x9C91,
  0x39A7, 0x2966, 0x2945, 0x2125, 0x20E4, 0x2104, 0x2945, 0x3166, 0x3966, 0x3966, 0x3966, 0x3986, 0x3165, 0x41C7, 0x730C, 0x7B4C,
  0x940F, 0x836D, 0x3965, 0x49C7, 0x732C, 0x3986, 0x3145, 0x3986, 0x3125, 0x3166, 0x3986, 0x3986, 0x3986, 0x3987, 0x39A7, 0x39A7,
  0xCF1C, 0xDF7D, 0xD6DB, 0xCE39, 0xE6FC, 0xEEDB, 0xEEFB, 0xD618, 0xDE59, 0xEEDB, 0xEEBA, 0xE69A, 0xC575, 0xBD34, 0xBD14, 0xBD14,
  0xBD14, 0xBD14, 0xBCF4, 0xBCF4, 0xBCF4, 0xBCF4, 0xBCF4, 0xBD14, 0xAC51, 0x9BCF, 0xAC72, 0xA430, 0xBCF3, 0xBCF3, 0xBCF3, 0xBCF3,
  0xBCF3, 0xBCF3, 0xBCF3, 0xBCF3, 0xBCF3, 0xBCF3, 0xBCF3, 0xBCF3, 0xBCF3, 0xBD14, 0xA430, 0xAC71, 0xBCF3, 0xBCF3, 0xBCF3, 0xBCF3,
  0xBD14, 0xA431, 0x938E, 0x9BAF, 0x938E, 0xBCD3, 0xBCF3, 0xBCF4, 0xBCF3, 0xBCF3, 0xBCF3, 0xBCF3, 0xBCF3, 0xB4B2, 0xC575, 0xEEBA,
  0xC534, 0xBCF3, 0xBCF3, 0xBCF3, 0xBCF3, 0xBCF3, 0xBCF3, 0xBCF3, 0xBCF3, 0xAC91, 0xC534, 0xBCF3, 0xBCF3, 0xBCF3, 0xBCF3, 0xBCF3,
  0xBCF3, 0xBCF3, 0xBCF3, 0xBCF3, 0xBCF3, 0xBCF3, 0xBCF3, 0xBCF3, 0xBCF3, 0xBCF3, 0xBCF3, 0xBCF3, 0xBCF3, 0xBCF3, 0xBCF3, 0xBCF3,
  0xBCF3, 0xBCF3, 0xBCF3, 0xBCF3, 0xBCF3, 0xBCF3, 0xBCF3, 0xBCF3, 0xBCF3, 0xBCF3, 0xBCF3, 0xBCF3, 0xBCF3, 0xBCF3, 0xBCF3, 0xBCF3,
  0xBCF3, 0xBCF3, 0xBCF3, 0xBCD3, 0xC4F4, 0x9BCF, 0x938E, 0x9BCF, 0xA410, 0xBCB2, 0xBCD3, 0xBCF3, 0xBCF3, 0xBCF3, 0xBCF3, 0xBCF3,
  0xBCF3, 0xBCF3, 0xBCF3, 0xBCF3, 0xBCF3, 0xBCF3, 0xBCF3, 0xBCF3, 0xBCF3, 0xBCF3, 0xBCF3, 0xBCF3, 0xBCF3, 0xBCF3, 0xBCF3, 0xBCF3,
  0xBCF3, 0xBCF3, 0xBCF3, 0xBCF3, 0xBCF3, 0xBCF3, 0xBCF3, 0xBCF4, 0xA410, 0x9BEF, 0xBCD3, 0x9BF0, 0xBCD3, 0xAC72, 0x8B8E, 0xB492,
  0xBCF4, 0xAC51, 0xAC51, 0xC514, 0x8B8D, 0x51A6, 0x59E7, 0x5A07, 0x6227, 0x6A68, 0x7B2B, 0x628A, 0x39A7, 0x39A7, 0x2105, 0x2945,
  0x2945, 0x2925, 0x2925, 0x3186, 0x2966, 0x2125, 0x2125, 0x2125, 0x2945, 0x2945, 0x2925, 0x2925, 0x2925, 0x2925, 0x2925, 0x2945,
  0x2925, 0x2925, 0x2925, 0x2125, 0x18E4, 0x2125, 0x2925, 0x2105, 0x2125, 0x2105, 0x2125, 0x2945, 0x39C8, 0x4209, 0x31A7, 0x2945,
  0x2945, 0x2945, 0x2945, 0x2945, 0x2945, 0x2945, 0x2925, 0x2104, 0x18E4, 0x18C3, 0x18C4, 0x2125, 0x2925, 0x18E4, 0x18A3, 0x18C3,
  0x20E4, 0x2945, 0x2945, 0x2945, 0x2925, 0x2925, 0x2925, 0x2925, 0x2925, 0x2925, 0x2925, 0x2925, 0x2945, 0x2945, 0x2945, 0x2945,
  0x2104, 0x2945, 0x3105, 0x5147, 0x6968, 0x7968, 0x81C9, 0x6126, 0x4945, 0x72CB, 0xC575, 0xDE17, 0xC512, 0xC4F1, 0xAC90, 0x5207,
  0x39A7, 0x39A6, 0x5A69, 0xA470, 0xD5F6, 0xD5F5, 0xD5F5, 0xD5F5, 0xD5F6, 0xD5F5, 0xD5F5, 0xD5F5, 0xD5F5, 0xD5F5, 0xD5F5, 0xD5F5,
  0xD5D5, 0xD5F6, 0xD5F6, 0xD5F6, 0xD5F6, 0xD5F6, 0xD5D5, 0xD5D5, 0xD5D6, 0xD5D5, 0xD5D5, 0xD5D5, 0xD5D5, 0xD5D5, 0xE657, 0xE678,
  0x7BAE, 0x2925, 0x2925, 0x18C4, 0x18C3, 0x18A3, 0x18A3, 0x18A3, 0x20C3, 0x20C3, 0x18C3, 0x18C3, 0x1882, 0x7B6D, 0xBD75, 0x62AA,
  0x6269, 0x3944, 0x6269, 0xA4B2, 0x7B4D, 0x3124, 0x3986, 0x3145, 0x3146, 0x3986, 0x3986, 0x3987, 0x3986, 0x39A7, 0x39A7, 0x39A7,
  0xCF3C, 0xD71C, 0xBE18, 0xD659, 0xEEFC, 0xEEDB, 0xE6DB, 0xBD75, 0xDE79, 0xEEDB, 0xEEDB, 0xE679, 0xBD55, 0xBD34, 0xBD14, 0xBD14,
  0xBD14, 0xBD14, 0xBCF4, 0xBCF4, 0xBCF4, 0xBCF4, 0xBCF4, 0xBD14, 0xAC72, 0x93AF, 0xA410, 0xA430, 0xBCF3, 0xBCF3, 0xBCF3, 0xBCF3,
  0xBCF3, 0xBCF3, 0xBCF3, 0xBCF3, 0xBCF3, 0xBCF3, 0xBCF3, 0xBCF3, 0xBCF3, 0xBD14, 0x9C10, 0xB492, 0xBCF3, 0xBCF3, 0xBCF3, 0xBCF3,
  0xBCF4, 0xAC71, 0x8B4D, 0xA3F0, 0x8B6E, 0xAC72, 0xBCF4, 0xBCF4, 0xBCF3, 0xBCF3, 0xBCF3, 0xBCF3, 0xBCF3, 0xACB2, 0xC575, 0xEEBA,
  0xC534, 0xBCD3, 0xBCF3, 0xBCF3, 0xBCF3, 0xBCF3, 0xBCF3, 0xBCF3, 0xBCF3, 0xAC91, 0xC554, 0xBCD3, 0xBCF3, 0xBCD3, 0xBCF3, 0xBCD3,
  0xBCF3, 0xBCF3, 0xBCF3, 0xBCF3, 0xBCF3, 0xBCF3, 0xBCF3, 0xBCF3, 0xBCF3, 0xBCF3, 0xBCF3, 0xBCF3, 0xBCF3, 0xBCF3, 0xBCF3, 0xBCF3,
  0xBCF3, 0xBCF3, 0xBCF3, 0xBCF3, 0xBCF3, 0xBCF3, 0xBCF3, 0xBCF3, 0xBCF3, 0xBCF3, 0xBCF3, 0xBCF3, 0xBCF3, 0xBCF3, 0xBCF3, 0xBCF3,
  0xBCF3, 0xBCF3, 0xBCF3, 0xBCF3, 0xC514, 0xA430, 0x936E, 0xA3EF, 0x9BEF, 0xB492, 0xBCF3, 0xBCD3, 0xBCF3, 0xBCF3, 0xBCF3, 0xBCF3,
  0xBCF3, 0xBCF3, 0xBCF3, 0xBCF3, 0xBCF3, 0xBCF3, 0xBCF3, 0xBCF3, 0xBCF3, 0xBCF3, 0xBCF3, 0xBCF3, 0xBCF3, 0xBCF3, 0xBCF3, 0xBCF3,
  0xBCF3, 0xBCF3, 0xBCF3, 0xBCF3, 0xBCF3, 0xBCF3, 0xBCF3, 0xBCF3, 0xB4D3, 0x9BEF, 0xB492, 0xA410, 0xBCD3, 0xB492, 0x8B6E, 0xAC72,
  0xBCF3, 0xB492, 0xA430, 0xC514, 0x9C0F, 0x59E7, 0x51C6, 0x5A07, 0x5A07, 0x5A07, 0x5A28, 0x6289, 0x3986, 0x2945, 0x2125, 0x18E4,
  0x2925, 0x2125, 0x2945, 0x2105, 0x2104, 0x2966, 0x2966, 0x2925, 0x2925, 0x2925, 0x2925, 0x2945, 0x2945, 0x2945, 0x2945, 0x2945,
  0x2945, 0x2945, 0x2125, 0x2925, 0x20E4, 0x18E4, 0x2945, 0x2125, 0x2105, 0x2125, 0x39C7, 0x4229, 0x4208, 0x2966, 0x2125, 0x2925,
  0x2945, 0x2945, 0x2945, 0x2945, 0x2925, 0x2125, 0x2946, 0x2945, 0x2125, 0x20E4, 0x18C3, 0x18E4, 0x2945, 0x2104, 0x18A3, 0x18C3,
  0x18C4, 0x2945, 0x2945, 0x2945, 0x2945, 0x2945, 0x2945, 0x2945, 0x2945, 0x2945, 0x2945, 0x2945, 0x2945, 0x2945, 0x2945, 0x2945,
  0x2125, 0x2925, 0x3946, 0x61C9, 0x6947, 0x8189, 0x7948, 0x8168, 0x81C9, 0x820A, 0x92CC, 0xC492, 0xD513, 0xC4D1, 0xACB0, 0x5207,
  0x41A6, 0x39A6, 0x7B4C, 0xACD2, 0xD5F6, 0xD5F5, 0xD5F5, 0xD5F5, 0xD5F6, 0xD5F6, 0xD5F6, 0xD5F6, 0xD5F5, 0xD5F5, 0xD5F5, 0xD5F5,
  0xB4D1, 0xC553, 0xD5F6, 0xD5F6, 0xD5D5, 0xD5F6, 0xD5F6, 0xD5D5, 0xD5F6, 0xD5F6, 0xD5F5, 0xD5D5, 0xD5D5, 0xDE36, 0xF6F9, 0xFF3B,
  0xB554, 0x3165, 0x20E4, 0x18A3, 0x10A3, 0x18A3, 0x18C3, 0x18C3, 0x18A3, 0x18C3, 0x18C3, 0x20E4, 0x18A2, 0x8C10, 0x9C71, 0x3923,
  0x51C6, 0x93CE, 0xCDB5, 0xA491, 0x41A6, 0x3986, 0x3145, 0x3145, 0x3986, 0x3986, 0x3986, 0x3986, 0x3166, 0x3987, 0x39A7, 0x39A7,
  0xBEDB, 0xBE9A, 0xB5F7, 0xDEBA, 0xEEDB, 0xEEDB, 0xD638, 0xBD55, 0xE6BA, 0xEEBA, 0xEEBB, 0xDE39, 0xBD35, 0xBD34, 0xBD14, 0xBD14,
  0xBD14, 0xBD14, 0xBCF4, 0xBCF4, 0xBCF4, 0xBCF4, 0xBCF4, 0xBCF4, 0xB492, 0x938E, 0x9BCF, 0xA431, 0xBCF3, 0xBCD3, 0xBCF3, 0xBCF3,
  0xBCF3, 0xBCF3, 0xBCF3, 0xBCF3, 0xBCF3, 0xBCF3, 0xBCF3, 0xBCF3, 0xBCF3, 0xBCD3, 0x9BEF, 0xB4D3, 0xBCF3, 0xBCF3, 0xBCF3, 0xBCF3,
  0xBCF4, 0xAC72, 0x8B6D, 0x9BF0, 0x938E, 0x9BF0, 0xBCF4, 0xBCF3, 0xBCF3, 0xBCF3, 0xBCF3, 0xBCF3, 0xBCF3, 0xACB2, 0xC595, 0xEEBA,
  0xC555, 0xBCD3, 0xBCF3, 0xBCF3, 0xBCF3, 0xBCF3, 0xBCF3, 0xBCF3, 0xBCF3, 0xAC92, 0xC555, 0xBCD3, 0xBCF3, 0xBCD3, 0xBCF3, 0xBCF3,
  0xBCF3, 0xBCF3, 0xBCF3, 0xBCF3, 0xBCF3, 0xBCF3, 0xBCF3, 0xBCF3, 0xBCF3, 0xBCF3, 0xBCF3, 0xBCF3, 0xBCF3, 0xBCF3, 0xBCF3, 0xBCF3,
  0xBCF3, 0xBCF3, 0xBCF3, 0xBCF3, 0xBCF3, 0xBCF3, 0xBCF3, 0xBCF3, 0xBCF3, 0xBCF3, 0xBCF3, 0xBCF3, 0xBCF3, 0xBCF3, 0xBCF3, 0xBCF3,
  0xBCF3, 0xBCF3, 0xBCF3, 0xBCF3, 0xC4F3, 0xB472, 0x8B4D, 0xA3EF, 0x9BCF, 0xAC31, 0xBCF3, 0xBCD3, 0xBCF3, 0xBCF3, 0xBCF3, 0xBCF3,
  0xBCF3, 0xBCF3, 0xBCF3, 0xBCF3, 0xBCF3, 0xBCF3, 0xBCF3, 0xBCF3, 0xBCF3, 0xBCF3, 0xBCF3, 0xBCF3, 0xBCF3, 0xBCF3, 0xBCF3, 0xBCF3,
  0xBCF3, 0xBCF3, 0xBCF3, 0xBCF3, 0xBCF3, 0xBCF3, 0xBCF3, 0xBCF3, 0xBD14, 0xAC71, 0x93AE, 0x9BF0, 0xBCF3, 0xAC71, 0x938E, 0xAC30,
  0xBCF3, 0xBCD3, 0xA410, 0xBCD3, 0xAC71, 0x6228, 0x51C6, 0x5A07, 0x5A07, 0x5A27, 0x5A27, 0x5A28, 0x4186, 0x2104, 0x2945, 0x18E5,
  0x18C4, 0x2125, 0x2105, 0x2125, 0x2125, 0x2125, 0x2945, 0x2966, 0x2945, 0x2945, 0x2945, 0x2945, 0x2945, 0x2945, 0x2945, 0x2945,
  0x2945, 0x2945, 0x2125, 0x2105, 0x2105, 0x18C3, 0x2105, 0x2925, 0x2125, 0x4208, 0x4A4A, 0x4208, 0x2945, 0x2925, 0x2945, 0x2945,
  0x2945, 0x2945, 0x2945, 0x2945, 0x2945, 0x2925, 0x2945, 0x2945, 0x2945, 0x2945, 0x2104, 0x18C4, 0x2104, 0x2925, 0x18C4, 0x10A3,
  0x18C4, 0x2125, 0x2945, 0x2945, 0x2945, 0x2945, 0x2945, 0x2945, 0x2945, 0x2945, 0x2945, 0x2945, 0x2945, 0x2945, 0x2945, 0x2945,
  0x2125, 0x20E4, 0x3105, 0x4126, 0x6188, 0x71A9, 0x7947, 0x91AA, 0x91A9, 0x91CA, 0x81A9, 0x8209, 0xB3AE, 0xCCF2, 0xACB1, 0x5227,
  0x3986, 0x41C6, 0x9C50, 0xB513, 0xD5F6, 0xD5F5, 0xD5F6, 0xD5F6, 0xD5F6, 0xD5F6, 0xD5F6, 0xD5F6, 0xD5F5, 0xD5F5, 0xD5F5, 0xD5F6,
  0xCD94, 0xACB1, 0xC553, 0xDE16, 0xD5D5, 0xD5F6, 0xD5F6, 0xD5F5, 0xD5F6, 0xD5F6, 0xD5F5, 0xD5F5, 0xD5F5, 0xD616, 0xE677, 0xF71A,
  0xD617, 0x41A6, 0x18A3, 0x18A3, 0x18C4, 0x2105, 0x2925, 0x2125, 0x2125, 0x2125, 0x2925, 0x2945, 0x20E4, 0x6AEB, 0x6269, 0x49A5,
  0xB4F2, 0xD5F6, 0xC574, 0x6289, 0x3965, 0x3145, 0x3145, 0x3986, 0x3986, 0x3986, 0x39A7, 0x3145, 0x3166, 0x3986, 0x39A7, 0x39A7,
  0xB699, 0xB659, 0xBE18, 0xE6DB, 0xEEDB, 0xEEDB, 0xC596, 0xC596, 0xEEDB, 0xE6BA, 0xEEDB, 0xD5F8, 0xBD34, 0xBD14, 0xBD14, 0xBD14,
  0xBCF4, 0xBCF4, 0xBCF4, 0xBCF4, 0xBCF4, 0xBCF4, 0xBCF4, 0xBCF4, 0xB4B3, 0x8B6E, 0xA410, 0xAC72, 0xBCF3, 0xBCD3, 0xBCF3, 0xBCF3,
  0xBCF3, 0xBCF3, 0xBCF3, 0xBCF3, 0xBCF3, 0xBCF3, 0xBCF3, 0xBCF3, 0xBD14, 0xB492, 0x9C10, 0xBCF3, 0xBCF3, 0xBCF3, 0xBCF3, 0xBCF3,
  0xBCF4, 0xB492, 0x8B6E, 0x9BCF, 0x9BCF, 0x938E, 0xB4D3, 0xBCF4, 0xBCF3, 0xBCF3, 0xBCF3, 0xBCF3, 0xBCF3, 0xACB2, 0xCDB6, 0xEEBA,
  0xCD75, 0xBCF3, 0xBCF3, 0xBCF3, 0xBCF3, 0xBCF3, 0xBCF3, 0xBCF3, 0xBCF3, 0xAC92, 0xC555, 0xBCD3, 0xBCF3, 0xBCF3, 0xBCF4, 0xC4F4,
  0xC514, 0xC4F4, 0xBCF4, 0xBCF4, 0xBCF4, 0xBCF4, 0xBCF4, 0xBCF3, 0xBCF3, 0xBCF3, 0xBCF3, 0xBCF3, 0xBCF3, 0xBCF3, 0xBCF3, 0xBCF3,
  0xBCF3, 0xBCF3, 0xBCF3, 0xBCF3, 0xBCF3, 0xBCF3, 0xBCF3, 0xBCF3, 0xBCF3, 0xBCF3, 0xBCF3, 0xBCF3, 0xBCF3, 0xBCF3, 0xBCF3, 0xBCF3,
  0xBCF3, 0xBCF3, 0xBCF3, 0xBCF3, 0xC4F3, 0xBCD3, 0x936D, 0x9BCF, 0x9BCF, 0xA3F0, 0xBCD3, 0xBCF3, 0xBCF3, 0xBCF3, 0xBCF3, 0xBCF3,
  0xBCF3, 0xBCF3, 0xBCF3, 0xBCF3, 0xBCF3, 0xBCF3, 0xBCF3, 0xBCF3, 0xBCF3, 0xBCF3, 0xBCF3, 0xBCF3, 0xBCF3, 0xBCF3, 0xBCF3, 0xBCF3,
  0xBCF3, 0xBCF3, 0xBCF3, 0xBCF3, 0xBCF3, 0xBCF3, 0xBCF3, 0xBCF3, 0xBCF3, 0xBD14, 0x93AE, 0x93AE, 0xC514, 0xAC51, 0x938E, 0xA410,
  0xBCD2, 0xBCF3, 0xA430, 0xAC91, 0xB4D2, 0x6A89, 0x51C6, 0x59E7, 0x5A07, 0x5A07, 0x5A27, 0x5A28, 0x49C6, 0x2904, 0x2125, 0x2125,
  0x18C4, 0x18C4, 0x2125, 0x2945, 0x2945, 0x2925, 0x2125, 0x2925, 0x2925, 0x2945, 0x2945, 0x2945, 0x2945, 0x2945, 0x2945, 0x2945,
  0x2945, 0x2945, 0x2125, 0x2104, 0x2105, 0x18C3, 0x18E4, 0x2125, 0x2966, 0x4229, 0x4A29, 0x4209, 0x2966, 0x2925, 0x2925, 0x2945,
  0x2945, 0x2945, 0x2945, 0x2945, 0x2945, 0x2945, 0x2125, 0x2105, 0x2105, 0x2945, 0x2946, 0x2125, 0x2105, 0x2945, 0x18E4, 0x18A3,
  0x18C3, 0x2105, 0x2945, 0x2945, 0x2945, 0x2945, 0x2945, 0x2945, 0x2945, 0x2945, 0x2945, 0x2945, 0x2945, 0x2945, 0x2945, 0x2945,
  0x2104, 0x18C3, 0x3145, 0x4186, 0x4145, 0x5125, 0x79C9, 0x89A9, 0x91A9, 0x91CA, 0x89EA, 0x81E9, 0x8208, 0xB42F, 0xB4D2, 0x5248,
  0x39A6, 0x49E7, 0xB4F3, 0xBD13, 0xD5D5, 0xD5F6, 0xD5F6, 0xD5F6, 0xD5F6, 0xD5F6, 0xD5F6, 0xD5F6, 0xD5F6, 0xD5F6, 0xD5F6, 0xD5F6,
  0xD5F6, 0xCDB5, 0xB4D1, 0xCD94, 0xD5F6, 0xD5D5, 0xD5F6, 0xD5F6, 0xD5F6, 0xD5F6, 0xD5F6, 0xD5D5, 0xCDB5, 0xD5F6, 0xD5F6, 0xDE78,
  0xD617, 0x41A6, 0x1062, 0x18E4, 0x2146, 0x2146, 0x2946, 0x2945, 0x2145, 0x2146, 0x2945, 0x2925, 0x18C3, 0x62AA, 0xACB1, 0x72EA,
  0xC574, 0xD5D6, 0x8BAE, 0x3965, 0x3145, 0x2925, 0x3987, 0x3987, 0x3986, 0x39A7, 0x3146, 0x3166, 0x3986, 0x3987, 0x3986, 0x39A7,
  0xB6BA, 0xB659, 0xBE18, 0xE6FB, 0xEEDB, 0xE69A, 0xB535, 0xD618, 0xEEDB, 0xE69A, 0xEEDB, 0xD5D7, 0xBD14, 0xBD14, 0xBD14, 0xBD14,
  0xBCF4, 0xBCF4, 0xBCF4, 0xBCF3, 0xBCF4, 0xBCF4, 0xBCF4, 0xBCF4, 0xBCD3, 0x938E, 0x9BEF, 0xAC72, 0xBCF3, 0xBCD3, 0xBCF3, 0xBCF3,
  0xBCF3, 0xBCF3, 0xBCF3, 0xBCF3, 0xBCF3, 0xBCF3, 0xBCF3, 0xBCF3, 0xBD14, 0xAC71, 0xA430, 0xBCF3, 0xBCF3, 0xBCF3, 0xBCF3, 0xBCF3,
  0xBCF4, 0xB4B2, 0x8B6E, 0x9BCF, 0x9BCF, 0x936E, 0xAC51, 0xBD14, 0xBCF3, 0xBCF3, 0xBCF3, 0xBCD3, 0xBCF3, 0xAC92, 0xCDB6, 0xEEBA,
  0xCD75, 0xBCF3, 0xBCF3, 0xBCF3, 0xBCF3, 0xBCF3, 0xBCF3, 0xBCF3, 0xBCF3, 0xB4B2, 0xCD75, 0xBCF3, 0xBD14, 0xBCD3, 0xB492, 0xAC51,
  0xAC51, 0xAC71, 0xAC92, 0xB492, 0xB492, 0xB4B2, 0xBCD3, 0xBCF3, 0xBD13, 0xBD13, 0xBCF3, 0xBCF3, 0xBCF3, 0xBCF3, 0xBCF3, 0xBCF3,
  0xBCF3, 0xBCF3, 0xBCF3, 0xBCF3, 0xBCF3, 0xBCF3, 0xBCF3, 0xBCF3, 0xBCF3, 0xBCF3, 0xBCF3, 0xBCF3, 0xBCF3, 0xBCF3, 0xBCF3, 0xBCF3,
  0xBCF3, 0xBCF3, 0xBCF3, 0xBCF3, 0xC4F3, 0xBCD3, 0x93AE, 0x9BAE, 0xA3EF, 0xA3EF, 0xB492, 0xBCF3, 0xBCF3, 0xBCF3, 0xBCF3, 0xBCF3,
  0xBCF3, 0xBCF3, 0xBCF3, 0xBCF3, 0xBCF3, 0xBCF3, 0xBCF3, 0xBCF3, 0xBCF3, 0xBCF3, 0xBCF3, 0xBCF3, 0xBCF3, 0xBCF3, 0xBCF3, 0xBCF3,
  0xBCF3, 0xBCF3, 0xBCF3, 0xBCF3, 0xBCF3, 0xBCF3, 0xBCF3, 0xBCF3, 0xBCF3, 0xBCF3, 0xB4B2, 0x93CF, 0xBCF3, 0xA410, 0x938E, 0x9BEF,
  0xB492, 0xC513, 0xAC71, 0xA430, 0xBCD3, 0x7AEB, 0x51C7, 0x51C6, 0x51C6, 0x5A27, 0x5A07, 0x5A27, 0x51E7, 0x2904, 0x2125, 0x2146,
  0x2105, 0x10A3, 0x18E4, 0x2125, 0x2945, 0x2945, 0x2945, 0x2925, 0x2105, 0x2125, 0x2925, 0x2945, 0x2945, 0x2945, 0x2945, 0x2945,
  0x2125, 0x2945, 0x2945, 0x18E4, 0x2104, 0x18E4, 0x18C3, 0x2105, 0x3186, 0x4A49, 0x4A49, 0x4229, 0x2966, 0x2925, 0x2945, 0x2945,
  0x2945, 0x2945, 0x2945, 0x2945, 0x2925, 0x2945, 0x2945, 0x2125, 0x18C4, 0x18E4, 0x2945, 0x2945, 0x2945, 0x2925, 0x2105, 0x18C3,
  0x18C3, 0x20E4, 0x2945, 0x2945, 0x2945, 0x2945, 0x2945, 0x2945, 0x2945, 0x2945, 0x2945, 0x2945, 0x2945, 0x2945, 0x2945, 0x2945,
  0x2104, 0x2945, 0x39A6, 0x39C6, 0x3165, 0x4125, 0x6988, 0x89EA, 0x91CA, 0x89CA, 0x81EA, 0x81E9, 0x79E7, 0xB40F, 0xBCD2, 0x5A48,
  0x4186, 0x49E7, 0xACD2, 0xCD94, 0xD5D5, 0xD5F5, 0xD5F6, 0xD5F6, 0xD5F6, 0xD5F6, 0xD5F6, 0xD5F6, 0xD5F6, 0xD5F6, 0xD5F6, 0xD5F6,
  0xD5F6, 0xD5F6, 0xCDB5, 0xB4D1, 0xD5D5, 0xD5D5, 0xD5F6, 0xD5F6, 0xDDF6, 0xD5F6, 0xD5F6, 0xD5F6, 0xC594, 0xD5F6, 0xD616, 0xD5F6,
  0xACB2, 0x3104, 0x18C3, 0x18E4, 0x1905, 0x2126, 0x2946, 0x2945, 0x2946, 0x2146, 0x2125, 0x2104, 0x20C3, 0x9C91, 0xD616, 0x8B8D,
  0xC595, 0xACD2, 0x49A6, 0x3104, 0x2904, 0x3986, 0x3987, 0x39A7, 0x39A7, 0x3166, 0x3145, 0x3986, 0x3986, 0x39A7, 0x3986, 0x3986,
  0xD73C, 0xBE59, 0xCE59, 0xEEFB, 0xEEDA, 0xDE18, 0xB514, 0xDE5A, 0xEEDB, 0xE6BA, 0xEEBA, 0xCDB6, 0xBD14, 0xBD14, 0xBCF3, 0xBCF3,
  0xBCF3, 0xBCF3, 0xBCF3, 0xBCF3, 0xBCF3, 0xBCF3, 0xBCF3, 0xBCF3, 0xBCF3, 0x93AE, 0x93AE, 0xB492, 0xBCF3, 0xBCF3, 0xBCF3, 0xBCF3,
  0xBCD3, 0xAC71, 0xBCF3, 0xBCF3, 0xBCF3, 0xBCF3, 0xBCF3, 0xBCF3, 0xBD14, 0xA430, 0xAC71, 0xBCF3, 0xBCF3, 0xBCF3, 0xBCF3, 0xBCF3,
  0xBCF3, 0xB4B3, 0x936E, 0x9BCF, 0x9BCF, 0x938E, 0xA410, 0xC4F3, 0xBCD3, 0xBCF3, 0xBCF3, 0xBCD3, 0xBCF3, 0xAC92, 0xCDB6, 0xEEBA,
  0xCD75, 0xBCD3, 0xBCF3, 0xBCF3, 0xBCF3, 0xBCF3, 0xBCF3, 0xBCF3, 0xBCF3, 0xACB2, 0xC555, 0xB4D3, 0x9BEF, 0x8B6E, 0x8B6E, 0x832D,
  0x9C0F, 0xC574, 0xBD33, 0xBD12, 0xB4F1, 0xB4D1, 0xACB1, 0xAC90, 0xAC70, 0xAC91, 0xB4D2, 0xBCF3, 0xBD13, 0xBCF4, 0xBCF4, 0xBCF4,
  0xBCF3, 0xBCF3, 0xBCF3, 0xBCF3, 0xBCF3, 0xBCF3, 0xBCF3, 0xBCF3, 0xBCF3, 0xBCF3, 0xBCF3, 0xBCF3, 0xBCF3, 0xBCF3, 0xBCF3, 0xBCF3,
  0xBCF3, 0xBCF3, 0xBCF3, 0xBCF3, 0xBCF3, 0xBCF4, 0x9BCF, 0x93AE, 0xA3EF, 0x9BCF, 0xAC71, 0xBCF3, 0xBCF3, 0xBCF3, 0xBCF3, 0xBCF3,
  0xBCF3, 0xBCF3, 0xBCF3, 0xBCF3, 0xBCF3, 0xBCF3, 0xBCF3, 0xBCF3, 0xBCF3, 0xBCF3, 0xBCF3, 0xBCF3, 0xBCF3, 0xBCF3, 0xBCF3, 0xBCF3,
  0xBCF3, 0xBCF3, 0xBCF3, 0xBCF3, 0xBCF3, 0xBCF3, 0xBCF3, 0xBCF3, 0xBCF3, 0xBCF3, 0xC514, 0xA410, 0xAC51, 0xA410, 0x938E, 0x9BEF,
  0xAC51, 0xC4F4, 0xB492, 0xA410, 0xBCF3, 0x7B0C, 0x59E7, 0x51C6, 0x51C6, 0x5A27, 0x5A07, 0x5A27, 0x5207, 0x28E3, 0x2104, 0x2945,
  0x2125, 0x18E4, 0x10A3, 0x2104, 0x2925, 0x2125, 0x2945, 0x2925, 0x2125, 0x2105, 0x2125, 0x2925, 0x2945, 0x2945, 0x2945, 0x2945,
  0x2104, 0x2125, 0x2945, 0x2104, 0x20E4, 0x20E4, 0x18C4, 0x18C4, 0x39C8, 0x4A4A, 0x4A29, 0x39C8, 0x2125, 0x2925, 0x2925, 0x2925,
  0x2925, 0x2925, 0x2925, 0x2925, 0x2925, 0x2945, 0x2945, 0x2945, 0x2125, 0x18C3, 0x18E4, 0x2125, 0x2925, 0x2945, 0x2125, 0x18C4,
  0x18A3, 0x18C4, 0x2125, 0x2925, 0x2945, 0x2925, 0x2925, 0x2925, 0x2945, 0x2945, 0x2945, 0x2945, 0x2945, 0x2945, 0x2945, 0x2945,
  0x2125, 0x3987, 0x4187, 0x41A7, 0x3186, 0x3945, 0x5947, 0x89CA, 0x91CA, 0x89CA, 0x8A0A, 0x79E8, 0x9B6D, 0xC4D2, 0xBCD2, 0x6A69,
  0x4185, 0x5A48, 0xA44F, 0xD5F5, 0xD5F5, 0xD5F5, 0xD5D5, 0xD5F6, 0xD5F5, 0xD5F5, 0xD5F5, 0xD5F5, 0xD5F5, 0xD5F6, 0xD5F6, 0xD5F6,
  0xD5D5, 0xD5F6, 0xD5F6, 0xBD33, 0xBD33, 0xD5F6, 0xD5F6, 0xD5F6, 0xD5F5, 0xD5F5, 0xD5F6, 0xD5F6, 0xDE16, 0xCD94, 0xBCD2, 0xB491,
  0x730C, 0x28E4, 0x2945, 0x18E4, 0x18C3, 0x2124, 0x2945, 0x2146, 0x2945, 0x2946, 0x2946, 0x20E4, 0x3144, 0xB554, 0xCDD5, 0xA470,
  0xAD13, 0x5248, 0x20E3, 0x28E4, 0x3966, 0x3987, 0x3166, 0x3987, 0x3986, 0x3145, 0x3986, 0x3986, 0x3986, 0x39A6, 0x39A6, 0x39A6,
  0xD6FC, 0x9D34, 0xD699, 0xEEFB, 0xEEBA, 0xCD96, 0xBD35, 0xE69B, 0xEEBB, 0xEEBA, 0xE69A, 0xCD96, 0xBD13, 0xBD13, 0xBCF3, 0xBCF3,
  0xBCF3, 0xBCF3, 0xBCF3, 0xBCF3, 0xBCF3, 0xBCF3, 0xBCF3, 0xBCF3, 0xBCF3, 0x9BEF, 0x938E, 0xB492, 0xBCD3, 0xBCF3, 0xBCF3, 0xBCF4,
  0xB4B2, 0x9C10, 0xBCF3, 0xBCF3, 0xBCF3, 0xBCF3, 0xBCF3, 0xBCF3, 0xBD14, 0xA410, 0xAC92, 0xBCF3, 0xBCF3, 0xBCF3, 0xBCF3, 0xBCF3,
  0xBCD3, 0xBCD3, 0x938E, 0x93AE, 0x9BCF, 0x9BCF, 0xAC30, 0xBCD3, 0xBCD3, 0xBCF3, 0xBCF3, 0xBCD3, 0xBCF3, 0xAC92, 0xD5B6, 0xEEBA,
  0xCD95, 0xBCD3, 0xBCF3, 0xBCF3, 0xBCF3, 0xBCF3, 0xBCF3, 0xBCD3, 0xBD14, 0x9C10, 0xAC92, 0xA431, 0x832D, 0x9BF0, 0x9BF0, 0x93AF,
  0xA450, 0xDE16, 0xD5F6, 0xDE16, 0xD5F5, 0xD5F5, 0xD5D5, 0xCD94, 0xC553, 0xBCF2, 0xAC91, 0xAC71, 0xAC91, 0xB4B2, 0xBCF3, 0xBD14,
  0xBD14, 0xBCF3, 0xBCF3, 0xBCF3, 0xBCF3, 0xBCF3, 0xBCF3, 0xBCF3, 0xBCF3, 0xBCF3, 0xBCF3, 0xBCF3, 0xBCF3, 0xBCF3, 0xBCF3, 0xBCF3,
  0xBCF3, 0xBCF3, 0xBCF3, 0xBCF3, 0xBCF3, 0xC514, 0xA410, 0x938E, 0xA3EF, 0x9BCF, 0xAC30, 0xBCD3, 0xBCF3, 0xBCF3, 0xBCF3, 0xBCF3,
  0xBCF3, 0xBCF3, 0xBCF3, 0xBCF3, 0xBCF3, 0xBCF3, 0xBCF3, 0xBCF3, 0xBCF3, 0xBCF3, 0xBCF3, 0xBCF3, 0xBCF3, 0xBCF3, 0xBCF3, 0xBCF3,
  0xBCF3, 0xBCF3, 0xBCF3, 0xBCF3, 0xBCF3, 0xBCF3, 0xBCF3, 0xBCF3, 0xC4F3, 0xBCF3, 0xBCF3, 0xBCD3, 0xA3EF, 0x938E, 0x93AE, 0x9BCF,
  0xAC51, 0xC4F4, 0xBCB3, 0xA430, 0xB4D3, 0x834C, 0x5A07, 0x51C6, 0x51C6, 0x5A27, 0x5A07, 0x5A27, 0x5A27, 0x2903, 0x18C3, 0x2125,
  0x2945, 0x2105, 0x18C3, 0x18C3, 0x2125, 0x2945, 0x2125, 0x2945, 0x2945, 0x2125, 0x2125, 0x2945, 0x2945, 0x2945, 0x2945, 0x2945,
  0x18E4, 0x18C4, 0x2925, 0x2125, 0x18C3, 0x18E4, 0x18A3, 0x18E4, 0x4209, 0x4A4A, 0x4229, 0x2966, 0x2125, 0x2925, 0x2925, 0x2945,
  0x2925, 0x2925, 0x2925, 0x2925, 0x2925, 0x2945, 0x2945, 0x2945, 0x2945, 0x2104, 0x18C3, 0x18E4, 0x2925, 0x2945, 0x2125, 0x18E4,
  0x18C3, 0x18A3, 0x18E4, 0x18E4, 0x2104, 0x2125, 0x2945, 0x2925, 0x2945, 0x2945, 0x2945, 0x2945, 0x2945, 0x2945, 0x2945, 0x2945,
  0x2125, 0x3986, 0x4187, 0x41A7, 0x3186, 0x3986, 0x4905, 0x7989, 0x99CA, 0x91CA, 0x79A8, 0x92CB, 0xC4F2, 0xBCD1, 0xBCF2, 0x72CA,
  0x4165, 0x7B4C, 0x9C0E, 0xCD73, 0xDDF5, 0xD5F5, 0xD5F5, 0xD5F6, 0xD5F5, 0xD5F5, 0xD5F5, 0xD5F5, 0xD5F5, 0xD5F6, 0xD5F6, 0xD5F6,
  0xD5F6, 0xD5F6, 0xD5F6, 0xCDB5, 0xBD12, 0xD5D5, 0xD5D6, 0xD5F6, 0xD5F5, 0xD5F5, 0xD5F6, 0xD5F6, 0xD5D5, 0xCD74, 0xC533, 0xCD54,
  0x730C, 0x2904, 0x2946, 0x2105, 0x18A2, 0x20E3, 0x2945, 0x2966, 0x2946, 0x2126, 0x2947, 0x18C4, 0x4A28, 0xCDD5, 0xD5F5, 0x9C2F,
  0x5A89, 0x2903, 0x2904, 0x3966, 0x3987, 0x3987, 0x3987, 0x3986, 0x3145, 0x3986, 0x3986, 0x3986, 0x39A6, 0x3986, 0x39A7, 0x39A7,
  0xBE39, 0xAD75, 0xDEBA, 0xEEDB, 0xE679, 0xBD34, 0xBD55, 0xE6BB, 0xE6BA, 0xEEBA, 0xE679, 0xC555, 0xBD13, 0xBD13, 0xBCF3, 0xBCF3,
  0xBCF3, 0xBCF3, 0xBCF3, 0xBCF3, 0xBCF3, 0xBCF3, 0xBCF3, 0xBCF3, 0xBCF3, 0xAC71, 0x938E, 0xB492, 0xBCF3, 0xBCF3, 0xBCF3, 0xBCF3,
  0xB4B2, 0xA410, 0xBCF3, 0xBCF3, 0xBCF3, 0xBCF3, 0xBCF3, 0xBCF3, 0xBCF3, 0x9C10, 0xB4B2, 0xBCF3, 0xBCF3, 0xBCF3, 0xBCF3, 0xBCF3,
  0xBCD3, 0xBCF3, 0x9BAF, 0x938E, 0xA3EF, 0x9BCF, 0xA3EF, 0xBC92, 0xBCF3, 0xBCF3, 0xBCF3, 0xBCD3, 0xBCF3, 0xAC92, 0xD5B6, 0xEEBA,
  0xD5B6, 0xBCF3, 0xBCF3, 0xBCF3, 0xBCF3, 0xBCF3, 0xBCF3, 0xBCD3, 0xBCF3, 0xAC92, 0x9BCF, 0xAC51, 0x938E, 0x938E, 0x9BEF, 0x9BCF,
  0x9C0F, 0xD5D5, 0xD5D5, 0xD5F5, 0xD5F5, 0xD5F5, 0xD5F6, 0xD5F6, 0xD5F6, 0xDE16, 0xD5F6, 0xCD95, 0xC533, 0xAC91, 0xA450, 0xAC91,
  0xB4D3, 0xBD14, 0xC514, 0xBCF3, 0xBCF3, 0xBCF3, 0xBCF3, 0xBCF3, 0xBCF3, 0xBCF3, 0xBCF3, 0xBCF3, 0xBCF3, 0xBCF3, 0xBCF3, 0xBCF3,
  0xBCF3, 0xBCF3, 0xBCF3, 0xBCF3, 0xBCF3, 0xC514, 0xAC51, 0x8B6D, 0xA3EF, 0x9BCF, 0xA3F0, 0xBCB2, 0xBCF3, 0xBCF3, 0xBCF3, 0xBCF3,
  0xBCF3, 0xBCF3, 0xBCF3, 0xBCF3, 0xBCF3, 0xBCF3, 0xBCF3, 0xBCF3, 0xBCF3, 0xBCF3, 0xBCF3, 0xBCF3, 0xBCF3, 0xBCF3, 0xBCF3, 0xBCF3,
  0xBCF3, 0xBCF3, 0xBCF3, 0xBCF3, 0xBCF3, 0xBCF3, 0xBCF3, 0xBCF3, 0xBCF3, 0xC4F3, 0xBCD3, 0xC4F3, 0xAC51, 0x7AEB, 0x9BAE, 0x9BEF,
  0xA410, 0xBCD3, 0xC4F4, 0xA430, 0xB4B2, 0x8B6D, 0x5A07, 0x51A6, 0x51C6, 0x5A07, 0x5A27, 0x5A27, 0x5A27, 0x3124, 0x18A2, 0x2104,
  0x2946, 0x2125, 0x18C4, 0x10A3, 0x18C3, 0x2125, 0x2945, 0x2925, 0x2925, 0x2925, 0x2945, 0x2945, 0x2945, 0x2945, 0x2945, 0x2945,
  0x18E4, 0x18A3, 0x2104, 0x2925, 0x18C3, 0x18C4, 0x10A3, 0x3187, 0x4229, 0x4A29, 0x31A7, 0x2945, 0x2925, 0x2925, 0x2925, 0x2945,
  0x2925, 0x2925, 0x2925, 0x2925, 0x2925, 0x2945, 0x2945, 0x2945, 0x2945, 0x2925, 0x18C3, 0x18A3, 0x20E4, 0x2945, 0x2946, 0x2104,
  0x18C3, 0x18A3, 0x18A3, 0x18A3, 0x18A3, 0x20E4, 0x2925, 0x2945, 0x2945, 0x2945, 0x2945, 0x2945, 0x2945, 0x2945, 0x2945, 0x2945,
  0x2925, 0x3987, 0x4187, 0x39C7, 0x2985, 0x3186, 0x4166, 0x6187, 0x89CA, 0x91EA, 0x79A8, 0xA38E, 0xC4F2, 0xBCF2, 0xBD13, 0x832B,
  0x4165, 0x940F, 0x9C2F, 0xBD12, 0xDDF5, 0xD5F5, 0xDDF6, 0xDDF6, 0xD5F5, 0xD5F5, 0xD5F5, 0xD5F5, 0xD5F5, 0xD5F6, 0xD5F6, 0xD5F6,
  0xD5F6, 0xCD94, 0xD5D5, 0xD5D5, 0xCDB5, 0xD5F6, 0xD5F6, 0xD5F6, 0xDDF6, 0xD5F5, 0xD5F5, 0xD5F6, 0xD5D5, 0xD5B5, 0xD5B5, 0xD575,
  0x6AAA, 0x28E4, 0x2946, 0x2125, 0x10A2, 0x20E3, 0x2945, 0x2966, 0x2945, 0x2946, 0x2926, 0x18A3, 0x7B8D, 0xD5F6, 0xAC90, 0x836C,
  0x5268, 0x3145, 0x3986, 0x3986, 0x3987, 0x3987, 0x3966, 0x3145, 0x3966, 0x39A6, 0x3986, 0x3986, 0x3987, 0x39A7, 0x39A7, 0x39A7,
  0xADB6, 0xBDF7, 0xE6DB, 0xEEDB, 0xD5F7, 0xB514, 0xC596, 0xEEDB, 0xE69A, 0xEEDB, 0xE679, 0xBD34, 0xBD13, 0xBD13, 0xBCF3, 0xBCF3,
  0xBCF3, 0xBCF3, 0xBCF3, 0xBCF3, 0xBCF3, 0xBCF3, 0xBCF3, 0xBCF3, 0xBCF3, 0xBCD3, 0x938E, 0xAC71, 0xBCF3, 0xBCF3, 0xBCF3, 0xBCF3,
  0xB492, 0xA410, 0xBCF3, 0xBCD3, 0xBCF3, 0xBCF3, 0xBCF3, 0xBD14, 0xB4B2, 0x9C10, 0xBCD3, 0xBCF3, 0xBCF3, 0xBCF3, 0xBCF3, 0xBCF3,
  0xBCF3, 0xC514, 0x9BCF, 0x936E, 0x9BCF, 0x9BCF, 0x9BAF, 0xAC31, 0xBCF3, 0xBCF3, 0xBCF3, 0xBCD3, 0xBCF3, 0xAC92, 0xCDB6, 0xEEBA,
  0xD5B6, 0xBCF3, 0xBCF3, 0xBCF3, 0xBCF3, 0xBCF3, 0xBCF3, 0xBCF3, 0xC4F3, 0xC4F4, 0xB471, 0x9BAF, 0x9BCF, 0x936E, 0x8B4D, 0x9BCF,
  0x9C0F, 0xCD95, 0xD616, 0xD5F5, 0xD5F5, 0xD5F5, 0xD5F5, 0xD5F6, 0xD5F5, 0xD5F5, 0xD5F5, 0xD5F6, 0xD5F6, 0xD5F6, 0xCD95, 0xBCF2,
  0xAC71, 0xAC71, 0xAC92, 0xBCF3, 0xBD14, 0xBCF4, 0xBCF4, 0xBCF3, 0xBCF3, 0xBCF3, 0xBCF3, 0xBCF3, 0xBCF3, 0xBCF3, 0xBCF3, 0xBCF3,
  0xBCF3, 0xBCF3, 0xBCF3, 0xBCF3, 0xBCF3, 0xC514, 0xB492, 0x8B6D, 0x9BEF, 0x9BCF, 0x9BCF, 0xB492, 0xBCF3, 0xBCF3, 0xBCF3, 0xBCF3,
  0xBCF3, 0xBCF3, 0xBCF3, 0xBCF3, 0xBCF3, 0xBCF3, 0xBCF3, 0xBCF3, 0xBCF3, 0xBCF3, 0xBCF3, 0xBCF3, 0xBCF3, 0xBCF3, 0xBCF3, 0xBCF3,
  0xBCF3, 0xBCF3, 0xBCF3, 0xBCF3, 0xBCF3, 0xBCF3, 0xBCF3, 0xBCF3, 0xBCF3, 0xBCF3, 0xBCF3, 0xBCF3, 0xBCD3, 0x938E, 0x938E, 0xA3EF,
  0xA3F0, 0xBCD3, 0xC4F3, 0xBCD3, 0xBCD3, 0x8B8E, 0x6228, 0x51C6, 0x51C6, 0x5A07, 0x5A27, 0x5A27, 0x5A48, 0x3144, 0x18A2, 0x18C4,
  0x2125, 0x2945, 0x18E4, 0x10A3, 0x18A3, 0x18E4, 0x2925, 0x2925, 0x2125, 0x2925, 0x2925, 0x2925, 0x2945, 0x2945, 0x2945, 0x2945,
  0x2104, 0x18C3, 0x18E4, 0x2945, 0x18C4, 0x10A3, 0x2105, 0x4229, 0x4A29, 0x4209, 0x2966, 0x2125, 0x2925, 0x2925, 0x2925, 0x2945,
  0x2925, 0x2925, 0x2925, 0x2925, 0x2925, 0x2945, 0x2945, 0x2945, 0x2925, 0x2945, 0x2104, 0x18C3, 0x18C3, 0x2104, 0x2945, 0x2125,
  0x18C3, 0x18C3, 0x18C3, 0x18C3, 0x18C3, 0x18C3, 0x18E4, 0x2125, 0x2945, 0x2945, 0x2945, 0x2945, 0x2945, 0x2945, 0x2945, 0x2945,
  0x2925, 0x3987, 0x41A7, 0x39C7, 0x29A6, 0x2965, 0x5A8A, 0x9BF0, 0x69C8, 0x71E9, 0x9BAF, 0xA430, 0xBCF2, 0xB4B2, 0xBCF2, 0x8B6C,
  0x4186, 0x838E, 0x93EF, 0x9C2F, 0xD5F5, 0xD5D5, 0xDDF6, 0xD5D5, 0xD5F5, 0xD5F5, 0xD5F5, 0xD5F5, 0xD5F5, 0xD5F5, 0xD5F6, 0xD5F6,
  0xD5D5, 0xBD33, 0xC574, 0xD5F6, 0xD5F6, 0xBD33, 0xCD94, 0xD5F6, 0xDDF6, 0xD5F5, 0xD5F5, 0xD5F5, 0xD5D5, 0xD595, 0xD575, 0xCD54,
  0x6269, 0x28E4, 0x2946, 0x2125, 0x18A2, 0x2104, 0x2945, 0x2946, 0x2145, 0x2946, 0x20E5, 0x2904, 0xAD13, 0xBD32, 0x9C2F, 0x8B8D,
  0x41A6, 0x3986, 0x3986, 0x3986, 0x3986, 0x3166, 0x3145, 0x3166, 0x3986, 0x3986, 0x3986, 0x3987, 0x3987, 0x39A7, 0x3986, 0x4A08,
  0xC618, 0xCE18, 0xEEFB, 0xE6BA, 0xC596, 0xB4F3, 0xD5F8, 0xEEDB, 0xE6BA, 0xEEBA, 0xDE59, 0xBD34, 0xBCF3, 0xBD13, 0xBCF3, 0xBCF3,
  0xBCF3, 0xBCF3, 0xBCF3, 0xBCF3, 0xBCF3, 0xBCF3, 0xBCF3, 0xBCF3, 0xBCF3, 0xC514, 0x9BCF, 0xAC51, 0xBCF3, 0xBCF3, 0xBCF3, 0xBCF4,
  0xB492, 0x9BEF, 0xBCF3, 0xBCF3, 0xBCF3, 0xBCF3, 0xBCF3, 0xBD14, 0xAC92, 0x9C10, 0xBCF3, 0xBCF3, 0xBCF3, 0xBCF3, 0xBCF3, 0xBCF3,
  0xBCF3, 0xBCF3, 0xA410, 0x936D, 0x9BCF, 0x9BCF, 0xA3CF, 0xA3EF, 0xB4B2, 0xBCF3, 0xBCF3, 0xBCF3, 0xBCF3, 0xAC92, 0xCDB6, 0xEEBA,
  0xD5D7, 0xBCF3, 0xBCF3, 0xBCF3, 0xBCF3, 0xBCF3, 0xBCF3, 0xBCF3, 0xC4F3, 0xBCD3, 0xC4F3, 0xBCB2, 0xA410, 0x9BAE, 0x8B6D, 0x832C,
  0x93AE, 0xCDB5, 0xD5F6, 0xD5F5, 0xD5F5, 0xD5F5, 0xD5F5, 0xD5F6, 0xD5F5, 0xD5F5, 0xD5F5, 0xD5F5, 0xD5F5, 0xD5F5, 0xD5F5, 0xDE16,
  0xD5D6, 0xC554, 0xB4B2, 0xAC51, 0xAC71, 0xBCD3, 0xC514, 0xBCF4, 0xBCF3, 0xBCF3, 0xBCF4, 0xBCF3, 0xBCF3, 0xBCF3, 0xBCF3, 0xBCF3,
  0xBCF3, 0xBCF3, 0xBCF3, 0xBCF3, 0xBCF3, 0xC514, 0xB4B2, 0x936E, 0x9BCF, 0x9BCF, 0x9BCF, 0xAC51, 0xBCD3, 0xBCD3, 0xBCF3, 0xBCF3,
  0xBCF3, 0xBCF3, 0xBCF3, 0xBCF3, 0xBCF3, 0xBCF3, 0xBCF3, 0xBCF3, 0xBCF3, 0xBCF3, 0xBCF3, 0xBCF3, 0xBCF3, 0xBCF3, 0xBCF3, 0xBCF3,
  0xBCF3, 0xBCF3, 0xBCF3, 0xBCF3, 0xBCF3, 0xBCF3, 0xBCF3, 0xBCF3, 0xBCF3, 0xBCF3, 0xBCF3, 0xBCF3, 0xC514, 0xB492, 0x8B4D, 0x9BEF,
  0xA3F0, 0xBCB3, 0xBCF3, 0xBCF3, 0xBCF3, 0x93AE, 0x6228, 0x51C6, 0x51E6, 0x5A27, 0x5A27, 0x5A27, 0x5A48, 0x3965, 0x18A2, 0x18C3,
  0x18E4, 0x2125, 0x2925, 0x2105, 0x2104, 0x18C3, 0x2104, 0x2945, 0x2925, 0x2925, 0x2125, 0x2945, 0x2945, 0x2945, 0x2945, 0x2945,
  0x2104, 0x18C3, 0x18C3, 0x2125, 0x20E4, 0x10A3, 0x31A7, 0x4A29, 0x4A4A, 0x39A7, 0x2925, 0x2945, 0x2925, 0x2925, 0x2925, 0x2945,
  0x2925, 0x2925, 0x2925, 0x2925, 0x2925, 0x2925, 0x2925, 0x2925, 0x2945, 0x2945, 0x2945, 0x18C4, 0x18C3, 0x18C4, 0x2125, 0x2925,
  0x18C4, 0x18A3, 0x18C3, 0x18C3, 0x18A3, 0x18C3, 0x18C3, 0x18C4, 0x2105, 0x2945, 0x2925, 0x2945, 0x2925, 0x2945, 0x2945, 0x2925,
  0x3125, 0x3987, 0x41A7, 0x39C7, 0x3186, 0x3185, 0x62EB, 0xD659, 0xA472, 0xACD3, 0xC5D6, 0x83AE, 0x9C91, 0x9C30, 0x93CE, 0x72AA,
  0x3104, 0x3104, 0x3124, 0x5A27, 0xC594, 0xD5F6, 0xD5D6, 0xDDF6, 0xD5F5, 0xD5F5, 0xD5F5, 0xD5F5, 0xD5F6, 0xD5F6, 0xD5F6, 0xD5F6,
  0xD5D5, 0xC574, 0xC574, 0xD5D5, 0xD5F6, 0xC574, 0xC553, 0xD5F6, 0xD5F5, 0xD5F5, 0xD5F5, 0xD5D5, 0xD5B5, 0xD595, 0xD554, 0xCD13,
  0x5A08, 0x28E4, 0x2946, 0x2125, 0x18A3, 0x2904, 0x2945, 0x2146, 0x2965, 0x2945, 0x1883, 0x62CB, 0xBD74, 0x9C4F, 0x730A, 0x4185,
  0x3965, 0x3986, 0x3986, 0x3986, 0x3165, 0x3145, 0x3986, 0x3986, 0x3986, 0x3986, 0x3987, 0x3987, 0x39A7, 0x39A7, 0x3985, 0x736D,
  0xD639, 0xD639, 0xEEFB, 0xDE38, 0xBD55, 0xB4F3, 0xDE59, 0xEEDB, 0xE6BA, 0xEEDB, 0xDE38, 0xBD14, 0xBD13, 0xBD13, 0xBCF3, 0xBCF3,
  0xBCF3, 0xBCF3, 0xBCF3, 0xBCF3, 0xBCF3, 0xBCF3, 0xBCF3, 0xBCF3, 0xBCF3, 0xC514, 0xA430, 0x9BF0, 0xBCF3, 0xBCF3, 0xBCF3, 0xBCF4,
  0xAC71, 0x9C10, 0xBCF3, 0xBCD3, 0xBCF3, 0xBCF3, 0xBCF3, 0xBD14, 0xAC71, 0xA430, 0xBCF3, 0xBCF3, 0xBCF3, 0xBCF3, 0xBCF3, 0xBCF3,
  0xBCF3, 0xC514, 0xAC51, 0x8B4D, 0x9BCF, 0x9BCF, 0xA3CF, 0xA3CF, 0xAC51, 0xBCF3, 0xBCF3, 0xBCF3, 0xBCF3, 0xACB2, 0xCDB6, 0xEEBA,
  0xDDF7, 0xBCF3, 0xBCF3, 0xBCF3, 0xBCF3, 0xBCF3, 0xBCF3, 0xBCF3, 0xC4F3, 0xC4F3, 0xBCF3, 0xBCF3, 0xBD13, 0xB4B2, 0xAC50, 0x8B8D,
  0x7B2B, 0xCDB5, 0xD5F6, 0xD5F5, 0xD5F5, 0xD5F5, 0xD5F5, 0xD5F5, 0xD5F5, 0xD5F5, 0xD5F5, 0xD5F5, 0xD5F5, 0xD5F5, 0xD5F5, 0xD5F5,
  0xD5F6, 0xDE16, 0xD5F6, 0xCD95, 0xBCD2, 0xAC51, 0xAC71, 0xB4D3, 0xBCF4, 0xBCF4, 0xBCF3, 0xBCF3, 0xBCF3, 0xBCF3, 0xBCF3, 0xBCF3,
  0xBCF3, 0xBCF3, 0xBCF3, 0xBCF3, 0xBCF3, 0xBCF3, 0xBCD3, 0x938E, 0x9BAF, 0xA3EF, 0x9BCF, 0xA410, 0xBCD3, 0xBCF3, 0xBCF3, 0xBCF3,
  0xBCF3, 0xBCF3, 0xBCF3, 0xBCF3, 0xBCF3, 0xBCF3, 0xBCF3, 0xBCF3, 0xBCF3, 0xBCF3, 0xBCF3, 0xBCF3, 0xBCF3, 0xBCF3, 0xBCF3, 0xBCF3,
  0xBCF3, 0xBCF3, 0xBCF3, 0xBCF3, 0xBCF3, 0xBCF3, 0xBCF3, 0xBCF3, 0xBCF3, 0xBCF3, 0xBCF3, 0xBCF3, 0xBCF3, 0xC4F3, 0x9BCF, 0x938E,
  0xA3F0, 0xB492, 0xBCF3, 0xBCF4, 0xBCD3, 0x8B8E, 0x6228, 0x59E7, 0x5A07, 0x5A07, 0x5A07, 0x5A27, 0x5A48, 0x3965, 0x18A2, 0x18C3,
  0x18A3, 0x2104, 0x2945, 0x2945, 0x2945, 0x2125, 0x18C4, 0x2105, 0x2945, 0x2946, 0x2925, 0x2945, 0x2945, 0x2945, 0x2945, 0x2945,
  0x2124, 0x18C3, 0x18C3, 0x2125, 0x20E4, 0x2104, 0x4209, 0x4A29, 0x4209, 0x2966, 0x2925, 0x2945, 0x2925, 0x2925, 0x2925, 0x2945,
  0x2925, 0x2925, 0x2925, 0x2925, 0x2925, 0x2925, 0x2925, 0x2925, 0x2945, 0x2945, 0x2945, 0x2104, 0x18C3, 0x18C3, 0x18E4, 0x2925,
  0x18E4, 0x18A3, 0x18C3, 0x18A3, 0x18A3, 0x18C3, 0x18C3, 0x18C3, 0x18C4, 0x2125, 0x2925, 0x2945, 0x2945, 0x2945, 0x2945, 0x2125,
  0x3145, 0x41C7, 0x39A7, 0x39A7, 0x3986, 0x3965, 0x7B8E, 0xDE9A, 0xD699, 0xD6BA, 0xB5B6, 0x9CD3, 0xBDB6, 0xBD75, 0x8BAE, 0x4986,
  0x28E4, 0x28C3, 0x28E3, 0x2903, 0x9430, 0xD617, 0xD5D5, 0xDDF6, 0xD5F5, 0xD5F5, 0xD5F6, 0xD5F6, 0xD5F6, 0xD5F6, 0xD5F6, 0xD5F6,
  0xD5F6, 0xD5D5, 0xD5F6, 0xD5F6, 0xD5F6, 0xD5F6, 0xD5F6, 0xD5F5, 0xD5F5, 0xD5F5, 0xD5F5, 0xD5D5, 0xD5B5, 0xD595, 0xCD34, 0xCCF3,
  0x5A08, 0x28E4, 0x2925, 0x2105, 0x18A3, 0x2904, 0x2945, 0x2946, 0x2124, 0x18C4, 0x18A3, 0x4A28, 0x5227, 0x3123, 0x2903, 0x3966,
  0x3986, 0x3986, 0x3165, 0x2924, 0x2924, 0x3986, 0x39A7, 0x3986, 0x3986, 0x3986, 0x39A7, 0x39A7, 0x3986, 0x3986, 0x4206, 0xB594,
  0xC5D7, 0xDE59, 0xEEDB, 0xCDD7, 0xBD35, 0xB4F4, 0xE699, 0xEEBA, 0xEEBA, 0xEEDB, 0xD618, 0xBD14, 0xBD13, 0xBCF3, 0xBCF3, 0xBCF3,
  0xBCF3, 0xBCF3, 0xBCF3, 0xBCF3, 0xBCF3, 0xBCF3, 0xBCF3, 0xBCF3, 0xBCF3, 0xBCF3, 0xB492, 0x9BCF, 0xBCF3, 0xBCF3, 0xBCF3, 0xC514,
  0xA430, 0xA410, 0xBCF3, 0xBCD3, 0xBCF3, 0xBCF3, 0xBCF3, 0xBD14, 0xA430, 0xAC51, 0xBCF3, 0xBCF3, 0xBCF3, 0xBCF3, 0xBCF3, 0xBCF3,
  0xBCF3, 0xBD14, 0xB492, 0x8B4D, 0x9BCF, 0x9BCF, 0xA3CF, 0x9BCF, 0x9BEF, 0xB4B2, 0xBCF3, 0xBCD3, 0xBCF3, 0xB4B2, 0xCD96, 0xEEDA,
  0xDE18, 0xBD13, 0xBCF3, 0xBCF3, 0xBCF3, 0xBCF3, 0xBCF3, 0xC4F3, 0xC4F3, 0xC513, 0xBCF3, 0xBD13, 0xBCD3, 0xB4B2, 0xAC71, 0xA450,
  0xB4D2, 0xD5D6, 0xD5F6, 0xD5F5, 0xD5F5, 0xD5F5, 0xD5F5, 0xD5F6, 0xD5F5, 0xD5F5, 0xD5F5, 0xD5F5, 0xD5F5, 0xD5F5, 0xD5F5, 0xD5F5,
  0xD5F5, 0xD5F5, 0xD5F5, 0xD5F6, 0xDDF6, 0xD5B5, 0xBD13, 0xAC71, 0xAC51, 0xB4B2, 0xBCF4, 0xC514, 0xBCF3, 0xBCF3, 0xBCF3, 0xBCF3,
  0xBCF3, 0xBCF3, 0xBCF3, 0xBCF3, 0xBCF4, 0xBCF3, 0xBCF4, 0x9BAF, 0x9BAE, 0xA3EF, 0x9BCF, 0x9BEF, 0xB4B2, 0xBCF3, 0xBCF3, 0xBCF3,
  0xBCF3, 0xBCF3, 0xBCF3, 0xBCF3, 0xBCF3, 0xBCF3, 0xBCF3, 0xBCF3, 0xBCF3, 0xBCF3, 0xBCF3, 0xBCF3, 0xBCF3, 0xBCF3, 0xBCF3, 0xBCF3,
  0xBCF3, 0xBCF3, 0xBCF3, 0xBCF3, 0xBCF3, 0xBCF3, 0xBCF3, 0xBCF3, 0xBCF3, 0xBCF3, 0xBCF3, 0xBCF3, 0xBCF3, 0xC4F3, 0xB492, 0x8B6D,
  0x9BCF, 0xB492, 0xC4F3, 0xBCF4, 0xB4B2, 0x8B6D, 0x5A28, 0x51E7, 0x5A07, 0x5A07, 0x5A07, 0x5A27, 0x5A48, 0x3965, 0x18A2, 0x18C3,
  0x10A3, 0x18E4, 0x2925, 0x2925, 0x2925, 0x2945, 0x2925, 0x2104, 0x2125, 0x2946, 0x2945, 0x2925, 0x2945, 0x2945, 0x2945, 0x2945,
  0x2125, 0x18C3, 0x10A3, 0x18E4, 0x2105, 0x39C7, 0x4A29, 0x4229, 0x39C8, 0x2125, 0x2945, 0x2945, 0x2925, 0x2925, 0x2925, 0x2945,
  0x2925, 0x2925, 0x2925, 0x2925, 0x2925, 0x2925, 0x2925, 0x2925, 0x2945, 0x2945, 0x2945, 0x2925, 0x18C4, 0x18A3, 0x10A3, 0x2125,
  0x2105, 0x18C3, 0x18C3, 0x18A3, 0x18C3, 0x18C3, 0x18C3, 0x18C3, 0x10A3, 0x18C4, 0x2945, 0x2945, 0x2945, 0x2945, 0x2945, 0x2125,
  0x3166, 0x41A7, 0x39A7, 0x3986, 0x3925, 0x3925, 0x72CC, 0xACB3, 0x9C72, 0xA493, 0x9CB3, 0xAD55, 0xC618, 0xCE18, 0x83CF, 0x3125,
  0x2904, 0x20E4, 0x20E4, 0x20E3, 0x5A89, 0xCDD6, 0xD5F6, 0xD5F6, 0xD5F6, 0xD5F6, 0xD5F6, 0xD5F6, 0xD5F6, 0xD5F6, 0xD5F6, 0xD5F6,
  0xD5F6, 0xD5F6, 0xD5F6, 0xD5F6, 0xD5F6, 0xD5D5, 0xD5F6, 0xD5F6, 0xD5F5, 0xD5F5, 0xD5F5, 0xD5D5, 0xD5B5, 0xD574, 0xCD13, 0xCD13,
  0x72CB, 0x20C4, 0x2925, 0x2105, 0x2104, 0x2904, 0x2125, 0x2105, 0x18E3, 0x18C3, 0x20E4, 0x20C3, 0x18A2, 0x2924, 0x3186, 0x3187,
  0x3966, 0x3125, 0x20E3, 0x3144, 0x3985, 0x3986, 0x3986, 0x3986, 0x3986, 0x3986, 0x3987, 0x3166, 0x3985, 0x3984, 0x7BCC, 0xDEB7,
  0xCDD7, 0xDE7A, 0xE67A, 0xC596, 0xB514, 0xBD35, 0xEEBA, 0xE6BA, 0xEEBA, 0xEEDB, 0xD5F7, 0xB4F3, 0xBD13, 0xBCF3, 0xBCF3, 0xBCF3,
  0xBCF3, 0xBCF3, 0xBCF3, 0xBCF3, 0xBCF3, 0xBCF3, 0xBCF3, 0xBCF3, 0xBCF3, 0xBCF3, 0xBCD3, 0x9BEF, 0xB4B3, 0xBCF3, 0xBCF3, 0xC514,
  0x9C10, 0xA410, 0xBCF3, 0xBCF3, 0xBCF3, 0xBCF3, 0xBCF3, 0xBD14, 0x9C10, 0xAC92, 0xBCF3, 0xBCF3, 0xBCF3, 0xBCF3, 0xBCF3, 0xBCF3,
  0xBCF3, 0xBCF3, 0xB4B2, 0x8B6D, 0x9BCF, 0x9BCF, 0xA3CF, 0xA3CF, 0x9BCF, 0xAC71, 0xBCF3, 0xBCF3, 0xBCF4, 0xB4B2, 0xCD95, 0xEEDA,
  0xE638, 0xBCF3, 0xBCF3, 0xC514, 0xBCF4, 0xC514, 0xC514, 0xBCD3, 0xB4B2, 0xB4B2, 0xAC71, 0xAC71, 0xAC91, 0xB4B2, 0xBD33, 0xCD95,
  0xD5F6, 0xD5D6, 0xD5F5, 0xD5F5, 0xD5F5, 0xD5F5, 0xD5F5, 0xD5F6, 0xD5F6, 0xD5F6, 0xD5F6, 0xD5F6, 0xD5F5, 0xD5F5, 0xD5F5, 0xD5F5,
  0xD5F5, 0xD5F5, 0xD5F5, 0xD5F5, 0xD5D5, 0xD5F6, 0xDDF6, 0xD5B6, 0xC534, 0xB492, 0xA430, 0xB492, 0xBCD3, 0xBCF3, 0xBD14, 0xBCF3,
  0xBCF3, 0xBCF3, 0xBCF3, 0xBCF3, 0xBCF3, 0xBCF4, 0xBCF3, 0x9BEF, 0x9BAE, 0xA3EF, 0x9BCF, 0x9BEF, 0xB472, 0xBCD3, 0xBCD3, 0xBCF3,
  0xBCF3, 0xBCF3, 0xBCF3, 0xBCF3, 0xBCF3, 0xBCF3, 0xBCF3, 0xBCF3, 0xBCF3, 0xBCF3, 0xBCF3, 0xBCF3, 0xBCF3, 0xBCF3, 0xBCF3, 0xBCF3,
  0xBCF3, 0xBCF3, 0xBCF3, 0xBCF3, 0xBCF3, 0xBCF3, 0xBCF3, 0xBCF3, 0xBCF3, 0xBCF3, 0xBCF3, 0xBCF3, 0xBCF3, 0xBCF3, 0xC4F3, 0xA3F0,
  0x936E, 0xB472, 0xC4F3, 0xBCF4, 0xAC71, 0x834C, 0x59E7, 0x49A6, 0x5A07, 0x5A07, 0x5A27, 0x5A27, 0x5A27, 0x3965, 0x1082, 0x18C3,
  0x18C3, 0x18C3, 0x2125, 0x2945, 0x2925, 0x2945, 0x2945, 0x2125, 0x2105, 0x2925, 0x2945, 0x2925, 0x2945, 0x2945, 0x2945, 0x2945,
  0x2945, 0x18E4, 0x10A3, 0x18C3, 0x2945, 0x4229, 0x4A29, 0x4209, 0x2966, 0x2125, 0x2945, 0x2925, 0x2925, 0x2925, 0x2925, 0x2945,
  0x2925, 0x2925, 0x2925, 0x2925, 0x2925, 0x2925, 0x2925, 0x2925, 0x2945, 0x2925, 0x2925, 0x2945, 0x20E4, 0x18A3, 0x18A3, 0x18E4,
  0x2125, 0x18C3, 0x18A3, 0x18C3, 0x18C3, 0x18C3, 0x18C3, 0x18C3, 0x18C3, 0x18A3, 0x2104, 0x2945, 0x2945, 0x2945, 0x2925, 0x2925,
  0x3987, 0x3987, 0x41A7, 0x41A7, 0x7B0D, 0x8B4E, 0x8B8F, 0x93AF, 0x938F, 0x93D0, 0x9411, 0x9453, 0x9473, 0xA4F4, 0x9CD3, 0x39C7,
  0x2104, 0x18C4, 0x20E4, 0x20E3, 0x2924, 0x9C91, 0xD616, 0xD5F5, 0xD5F6, 0xD5F6, 0xD5F6, 0xD5F6, 0xD5F6, 0xD5F6, 0xD5F6, 0xD5F6,
  0xD5F6, 0xD5F6, 0xD5F6, 0xD5D5, 0xD5D5, 0xD5F6, 0xD5D6, 0xD5F6, 0xD5F5, 0xD5F5, 0xD5F5, 0xD5D5, 0xD5B5, 0xD595, 0xCD34, 0xCCF3,
  0xAC72, 0x3946, 0x18C4, 0x2104, 0x2104, 0x20E3, 0x20E4, 0x20E4, 0x18E3, 0x20E3, 0x2104, 0x20E4, 0x2924, 0x3186, 0x2966, 0x2126,
  0x20E4, 0x20E4, 0x3145, 0x39A6, 0x39A6, 0x39A6, 0x3986, 0x39A6, 0x3986, 0x3986, 0x3966, 0x3165, 0x3165, 0x4A26, 0xC5F4, 0xDED6,
  0xCDD7, 0xE67A, 0xDE39, 0xC555, 0xB4F3, 0xC575, 0xEEDA, 0xE6BA, 0xE6BA, 0xEEBA, 0xD5D7, 0xBCF3, 0xBCF3, 0xBCF3, 0xBCF3, 0xBCF3,
  0xBCF3, 0xBCF3, 0xBCF3, 0xBCF3, 0xBCF3, 0xBCF3, 0xBCF3, 0xBCF3, 0xBCD3, 0xBCF3, 0xBCF3, 0xA410, 0xB492, 0xBCF4, 0xBCF3, 0xBCF3,
  0x93AE, 0xA410, 0xBCF3, 0xBCF3, 0xBCF3, 0xBCD3, 0xBCF3, 0xBCF3, 0x9BEF, 0xB492, 0xBCF3, 0xBCF3, 0xBCD3, 0xBCF3, 0xBCF3, 0xBCD3,
  0xBCF3, 0xBCF3, 0xBCD3, 0x938E, 0x9BAE, 0x9BCF, 0xA3CF, 0xA3AF, 0xA3CF, 0xA3F0, 0xBCD3, 0xBCF3, 0xBD14, 0xB4B2, 0xC575, 0xEEBA,
  0xE639, 0xBD14, 0xBCF3, 0xB4B3, 0xAC51, 0xA430, 0x9BCF, 0xAC71, 0xACD1, 0xB512, 0xC553, 0xCD94, 0xCDD5, 0xD5F6, 0xD5F6, 0xD5F6,
  0xD5F5, 0xD5F5, 0xD5F6, 0xD5F5, 0xD5F5, 0xD5F5, 0xD5F5, 0xD5F5, 0xD5F5, 0xD5F5, 0xD5F5, 0xD5F5, 0xD5F5, 0xD5F5, 0xD5F5, 0xD5F5,
  0xD5F5, 0xD5F5, 0xD5F5, 0xD5F5, 0xD5F6, 0xD5F6, 0xD5D5, 0xD5F6, 0xDE16, 0xD5F6, 0xCD94, 0xB4F2, 0xAC91, 0xAC71, 0xACB2, 0xB4D2,
  0xBCF3, 0xC514, 0xBCF4, 0xC4F4, 0xBCD4, 0xBCF4, 0xBD14, 0x9C0F, 0x9B8E, 0xA3CF, 0xA3EF, 0x9BCF, 0xAC51, 0xBCF3, 0xBCD3, 0xBCF3,
  0xBCF3, 0xBCF3, 0xBCF3, 0xBCF3, 0xBCF3, 0xBCF3, 0xBCF3, 0xBCF3, 0xBCF3, 0xBCF3, 0xBCF3, 0xBCF3, 0xBCF3, 0xBCF3, 0xBCF3, 0xBCF3,
  0xBCF3, 0xBCF3, 0xBCF3, 0xBCF3, 0xBCF3, 0xBCF3, 0xBCF3, 0xBCF3, 0xBCF3, 0xBCF3, 0xBCF3, 0xBCF3, 0xBCF3, 0xBCF3, 0xBCF3, 0xB4B2,
  0x8B4D, 0xAC51, 0xC4F4, 0xBCF3, 0xA450, 0x7B0B, 0x51E6, 0x49C6, 0x5A26, 0x5A27, 0x6227, 0x6207, 0x5A28, 0x3144, 0x10A2, 0x10C3,
  0x10A3, 0x18A3, 0x18E4, 0x2945, 0x2945, 0x2945, 0x2945, 0x2945, 0x2125, 0x2125, 0x2945, 0x2945, 0x2945, 0x2945, 0x2945, 0x2945,
  0x2945, 0x18E4, 0x18A3, 0x18C4, 0x39A8, 0x4A29, 0x4A29, 0x39C7, 0x2125, 0x2945, 0x2945, 0x2945, 0x2945, 0x2945, 0x2945, 0x2945,
  0x2945, 0x2945, 0x2945, 0x2945, 0x2945, 0x2945, 0x2945, 0x2945, 0x2146, 0x2146, 0x2945, 0x2945, 0x2124, 0x18A3, 0x18C3, 0x18A3,
  0x2104, 0x18C3, 0x18C3, 0x18C3, 0x10C3, 0x18C4, 0x18C4, 0x18C4, 0x18C4, 0x18C4, 0x18E4, 0x2145, 0x2945, 0x2945, 0x2925, 0x3165,
  0x39A7, 0x3966, 0x4166, 0x6A4A, 0xC4D4, 0xC4D4, 0xC4D4, 0xC4B3, 0xB451, 0x832E, 0xA473, 0xAD36, 0x8C31, 0xAD76, 0x8410, 0x39A6,
  0x2924, 0x18E3, 0x2104, 0x2104, 0x20C3, 0x5A89, 0xCDD5, 0xD5F5, 0xD5D5, 0xD5D6, 0xD5D6, 0xD5F6, 0xD5F6, 0xD5F6, 0xD5F6, 0xD5F6,
  0xD5F6, 0xD5F6, 0xD5F6, 0xD5F6, 0xD5F6, 0xD5F6, 0xD5F6, 0xD5F6, 0xD615, 0xD5F5, 0xD5D5, 0xD5D6, 0xD595, 0xD595, 0xCD34, 0xC4F3,
  0xCD75, 0x834D, 0x28E4, 0x2904, 0x20E4, 0x20E4, 0x20E4, 0x20E4, 0x18C3, 0x20E4, 0x20C4, 0x20E4, 0x2924, 0x20E3, 0x20E3, 0x20C3,
  0x2904, 0x3166, 0x39A7, 0x3987, 0x3986, 0x3986, 0x39A6, 0x39A6, 0x3987, 0x3966, 0x3145, 0x3985, 0x3985, 0x948F, 0xDED7, 0xD6B5,
  0xCDB7, 0xE69A, 0xD5D7, 0xBD35, 0xB4D3, 0xCDB6, 0xEEBA, 0xE6BA, 0xE6BA, 0xEEBA, 0xD5D7, 0xBCF3, 0xBCF3, 0xBCF3, 0xBCF3, 0xBCF3,
  0xBCF3, 0xBCF3, 0xBCF3, 0xBCF3, 0xBCF3, 0xBCF3, 0xBCF3, 0xBCF3, 0xBCD3, 0xBCD3, 0xBCF3, 0xAC71, 0xA430, 0xC514, 0xBCF3, 0xBCD3,
  0x8B6E, 0xA430, 0xBCF4, 0xBCF3, 0xBCF3, 0xBCD3, 0xBCF3, 0xBCD3, 0x9BEF, 0xB4D3, 0xBCF3, 0xBCD3, 0xBCF3, 0xBCF3, 0xBCF3, 0xBCF3,
  0xBCF3, 0xBCF3, 0xBCF4, 0x9BCF, 0x9BAE, 0xA3CF, 0xA3CF, 0xA3CF, 0xA3CF, 0x9BAF, 0xAC71, 0xBCF3, 0xBCF3, 0xB4D2, 0xBD14, 0xF6FB,
  0xE639, 0xAC71, 0x9BCF, 0x938E, 0x938E, 0x93AE, 0x8B6D, 0xC534, 0xD616, 0xD5F5, 0xD5F6, 0xD5F6, 0xD5F5, 0xD5D5, 0xD5D5, 0xD5D5,
  0xD5F5, 0xD5F5, 0xD5F5, 0xD5F5, 0xD5F5, 0xD5F5, 0xD5F5, 0xD5F5, 0xD5F5, 0xD5F5, 0xD5F5, 0xD5F5, 0xD5F5, 0xD5F5, 0xD5F5, 0xD5F5,
  0xD5F5, 0xD5F5, 0xD5F5, 0xD5F5, 0xD5F5, 0xD5F5, 0xD5F5, 0xD5F5, 0xD5F5, 0xD5F5, 0xD5F6, 0xD5F6, 0xD5F6, 0xC574, 0xBD13, 0xACB1,
  0xA450, 0x9BEF, 0xAC31, 0xB492, 0xBCD4, 0xBCF4, 0xBD14, 0xA430, 0x9B8E, 0xA3CF, 0xA3EF, 0x9BCF, 0xA430, 0xBCF3, 0xBCF3, 0xBCF3,
  0xBCF3, 0xBCF3, 0xBCF3, 0xBCF3, 0xBCF3, 0xBCF3, 0xBCF3, 0xBCF3, 0xBCF3, 0xBCF3, 0xBCF3, 0xBCF3, 0xBCF3, 0xBCF3, 0xBCF3, 0xBCF3,
  0xBCF3, 0xBCF3, 0xBCF3, 0xBCF3, 0xBCF3, 0xBCF3, 0xBCF3, 0xBCF3, 0xBCF3, 0xBCF3, 0xBCF3, 0xBCF3, 0xBCD3, 0xBCF3, 0xBCF3, 0xC514,
  0x9BEF, 0x9BEF, 0xC514, 0xBCD3, 0xA40F, 0x72CA, 0x51C6, 0x51E6, 0x5A27, 0x5A26, 0x6227, 0x6207, 0x5A28, 0x3144, 0x10A2, 0x10C3,
  0x18C3, 0x18C3, 0x18C4, 0x2125, 0x2925, 0x2945, 0x2945, 0x2945, 0x2125, 0x2125, 0x2945, 0x2945, 0x2945, 0x2945, 0x2945, 0x2945,
  0x2945, 0x2104, 0x10A3, 0x2126, 0x4209, 0x4A29, 0x4229, 0x2946, 0x2125, 0x2125, 0x2125, 0x2925, 0x2125, 0x2125, 0x2125, 0x2125,
  0x2945, 0x2945, 0x2945, 0x2925, 0x2125, 0x2125, 0x2125, 0x2125, 0x2946, 0x2946, 0x2945, 0x2945, 0x2125, 0x18C3, 0x18C3, 0x18C4,
  0x18E4, 0x18C3, 0x18A3, 0x18A3, 0x18C3, 0x18C3, 0x18C4, 0x18C4, 0x18C4, 0x10A3, 0x18E4, 0x2145, 0x2145, 0x2925, 0x2945, 0x39A7,
  0x39A6, 0x3966, 0x4166, 0x936F, 0xC4D4, 0xC493, 0xC4B4, 0xC4D4, 0xCCF4, 0xB473, 0x93F1, 0x9C93, 0xB575, 0xB5B6, 0x526A, 0x3186,
  0x2924, 0x20E3, 0x20E4, 0x20E4, 0x2904, 0x2903, 0x8BEE, 0xDE37, 0xD616, 0xDE16, 0xD5F5, 0xD5F6, 0xD5F6, 0xD5D5, 0xD5F6, 0xD5F6,
  0xD5F6, 0xD5F6, 0xD5F6, 0xD5F6, 0xD5F6, 0xD5F6, 0xD5F6, 0xD5F6, 0xD5F5, 0xD5F5, 0xD5F5, 0xD5D5, 0xD5B5, 0xD595, 0xD574, 0xCD34,
  0x9BEF, 0x5A28, 0x3966, 0x2925, 0x20E4, 0x20E4, 0x20E4, 0x20C3, 0x20C3, 0x20E3, 0x20E3, 0x20E3, 0x20E3, 0x20C3, 0x28E3, 0x3145,
  0x3986, 0x3986, 0x3986, 0x3966, 0x3146, 0x3987, 0x39A7, 0x3986, 0x3986, 0x39A7, 0x3986, 0x3164, 0x6B2A, 0xD676, 0xDE96, 0xDEB5,
  0xC596, 0xE69A, 0xC575, 0xBD14, 0xB4D3, 0xD618, 0xEEBA, 0xE6BA, 0xE6BA, 0xEEBA, 0xCDB6, 0xBCF3, 0xBCF3, 0xBCF3, 0xBCF3, 0xBCF3,
  0xBCF3, 0xBCF3, 0xBCF3, 0xBCF3, 0xBCF3, 0xBCF3, 0xBCF3, 0xBCF3, 0xBCF3, 0xBCF3, 0xBCD3, 0xB4B2, 0x9BF0, 0xBCF3, 0xBCF3, 0xB492,
  0x8B4D, 0xA430, 0xBCF3, 0xBCF3, 0xBCF3, 0xBCF3, 0xBCF4, 0xB4B2, 0x9BEF, 0xBCF3, 0xBCF3, 0xBCD3, 0xBCF3, 0xBCF3, 0xBCF3, 0xBCF3,
  0xBCF3, 0xBCF3, 0xBCF3, 0x9BEF, 0x938E, 0xA3CF, 0xA3AF, 0xA3CF, 0xA3CF, 0x9BCF, 0xA410, 0xBCD3, 0xBCF4, 0xB4B2, 0xBD13, 0xDE17,
  0x9C10, 0x936E, 0x9BAF, 0xA3CF, 0xA3EF, 0xA3EF, 0x938E, 0xBCD3, 0xD5F6, 0xD5D5, 0xD5D5, 0xD5D5, 0xD5F5, 0xD5F6, 0xD5F5, 0xD5F5,
  0xD5F5, 0xD5F5, 0xD5F5, 0xD5F5, 0xD5F5, 0xD5F5, 0xD5F5, 0xD5F5, 0xD5F5, 0xD5F5, 0xD5F5, 0xD5F5, 0xD5F5, 0xD5F5, 0xD5F5, 0xD5F5,
  0xD5F5, 0xD5F5, 0xD5F5, 0xD5F5, 0xD5F5, 0xD5F5, 0xD5F5, 0xD5F5, 0xD5F5, 0xD5F5, 0xD5F6, 0xD5D5, 0xD5F6, 0xD5F6, 0xDDF7, 0xDDF6,
  0xCD74, 0x8B6D, 0x938E, 0x936E, 0x938F, 0xA410, 0xBCD3, 0xAC51, 0x938E, 0xA3EF, 0xA3CF, 0x9BCF, 0xA410, 0xBCD3, 0xBCF3, 0xBCD3,
  0xBCF3, 0xBCF3, 0xBCF3, 0xBCF3, 0xBCF3, 0xBCF3, 0xBCF3, 0xBCF3, 0xBCF3, 0xBCF3, 0xBCF3, 0xBCF3, 0xBCF3, 0xBCF3, 0xBCF3, 0xBCF3,
  0xBCF3, 0xBCF3, 0xBCF3, 0xBCF3, 0xBCF3, 0xBCF3, 0xBCF3, 0xBCF3, 0xBCF3, 0xBCF3, 0xBCF3, 0xBCF3, 0xBCF3, 0xBCD3, 0xBCF3, 0xBCF3,
  0xB4B2, 0x93AE, 0xBCF3, 0xBCB2, 0x9BEF, 0x6A69, 0x51C6, 0x51E6, 0x5A27, 0x5A27, 0x6227, 0x6227, 0x5A27, 0x3144, 0x18C2, 0x10C3,
  0x2104, 0x18C4, 0x10A3, 0x2104, 0x2945, 0x2945, 0x2945, 0x2945, 0x2925, 0x2125, 0x2945, 0x2945, 0x2945, 0x2945, 0x2945, 0x2945,
  0x2945, 0x2104, 0x18C4, 0x31A8, 0x4A2A, 0x4A4A, 0x31A7, 0x2945, 0x2925, 0x2125, 0x2125, 0x2125, 0x2125, 0x2125, 0x2125, 0x2125,
  0x2125, 0x2925, 0x2945, 0x2925, 0x2925, 0x2125, 0x2125, 0x2125, 0x2945, 0x2945, 0x2945, 0x2945, 0x2945, 0x18E4, 0x18C3, 0x18C4,
  0x18C3, 0x18C3, 0x18C3, 0x18C3, 0x18C3, 0x18C3, 0x18C3, 0x18C3, 0x18A3, 0x18C3, 0x2105, 0x2125, 0x2925, 0x3166, 0x3987, 0x39A7,
  0x3165, 0x3966, 0x5A29, 0xB493, 0xC4B4, 0xC4B3, 0xC4B4, 0xC4B4, 0xC4B3, 0xC4F4, 0x830D, 0x83AE, 0xC5F6, 0x738D, 0x3186, 0x39A7,
  0x2904, 0x20E3, 0x20C3, 0x20C4, 0x20E4, 0x20E4, 0x3144, 0x734C, 0xA4B1, 0xBD73, 0xCDF5, 0xD616, 0xDE36, 0xDE16, 0xD5F5, 0xD5F5,
  0xD5F5, 0xD5F5, 0xD5F5, 0xD5F5, 0xD5F5, 0xD5F5, 0xD5F5, 0xD5F5, 0xD5F6, 0xD5D5, 0xD5F6, 0xD5F5, 0xD5D5, 0xCD74, 0xC533, 0x9C0E,
  0x5208, 0x3986, 0x3986, 0x2945, 0x20E4, 0x20E4, 0x20E3, 0x20C3, 0x20E3, 0x20E3, 0x20E3, 0x20E3, 0x2904, 0x2945, 0x3166, 0x3986,
  0x3986, 0x3965, 0x3946, 0x3146, 0x3987, 0x41A7, 0x4187, 0x3146, 0x5A8A, 0x62EB, 0x3965, 0x5247, 0xCDD5, 0xE696, 0xE675, 0xE674,
  0xC576, 0xE679, 0xBD34, 0xBD35, 0xACB3, 0xDE59, 0xEEBA, 0xE6BA, 0xE6BA, 0xEEBA, 0xCDB6, 0xBCF3, 0xBCF3, 0xBCF3, 0xBCF3, 0xBCF3,
  0xBCF3, 0xBCF3, 0xBCF3, 0xBCF3, 0xBCF3, 0xBCF3, 0xBCF3, 0xBCF3, 0xBCF3, 0xBCF3, 0xBCF3, 0xBCF3, 0xA410, 0xB4B2, 0xBCF3, 0xAC51,
  0x8B6D, 0xA430, 0xBCF3, 0xBCF3, 0xBCF3, 0xBCF3, 0xBCF4, 0xB492, 0xA410, 0xBCF3, 0xBCF3, 0xBCF3, 0xBCF3, 0xBCF3, 0xBCF3, 0xBCD3,
  0xBCF3, 0xBCF3, 0xC514, 0xAC31, 0x936D, 0xA3CF, 0xA3AF, 0xA3CF, 0xA3CF, 0xA3CF, 0x9BCF, 0xAC71, 0xBCF3, 0xBCF3, 0xAC92, 0x93CF,
  0x93AF, 0xA3F0, 0xA3CF, 0xA3CF, 0xA3CF, 0xA3EF, 0x9B8E, 0xB471, 0xDE17, 0xD5D6, 0xD5F6, 0xD5F6, 0xD5F6, 0xD5F6, 0xD5F6, 0xD5F6,
  0xD5F5, 0xD5F5, 0xD5F5, 0xD5F5, 0xD5F5, 0xD5F5, 0xD5F5, 0xD5F5, 0xD5F5, 0xD5F5, 0xD5F5, 0xD5F5, 0xD5F5, 0xD5F5, 0xD5F5, 0xD5F5,
  0xD5F5, 0xD5F5, 0xD5F5, 0xD5F5, 0xD5F5, 0xD5F5, 0xD5F5, 0xD5F5, 0xD5F5, 0xD5F5, 0xD5F5, 0xD5F5, 0xD5F6, 0xD5D6, 0xD5D6, 0xD5F6,
  0xCDB5, 0x93AE, 0xA410, 0xA3F0, 0x9BAF, 0x938E, 0x93AE, 0x93AE, 0x938E, 0xA3CF, 0x9BCF, 0x9BCF, 0xA3EF, 0xB4B2, 0xBCF3, 0xBCF3,
  0xBCF3, 0xBCF3, 0xBCF3, 0xBCF3, 0xBCF3, 0xBCF3, 0xBCF3, 0xBCF3, 0xBCF3, 0xBCF3, 0xBCF3, 0xBCF3, 0xBCF3, 0xBCF3, 0xBCF3, 0xBCF3,
  0xBCF3, 0xBCF3, 0xBCF3, 0xBCF3, 0xBCF3, 0xBCF3, 0xBCF3, 0xBCF3, 0xBCF3, 0xBCF3, 0xBCF3, 0xBCF3, 0xBCF3, 0xBCF3, 0xBCF3, 0xBCF3,
  0xBCF3, 0xA430, 0xAC71, 0xB491, 0x93AE, 0x5A07, 0x51C6, 0x5207, 0x5A27, 0x5A27, 0x5A27, 0x5A27, 0x5207, 0x3144, 0x18E3, 0x18E4,
  0x2125, 0x2105, 0x10A3, 0x18C4, 0x2925, 0x2945, 0x2945, 0x2945, 0x2945, 0x2925, 0x2945, 0x2945, 0x2945, 0x2945, 0x2945, 0x2945,
  0x2945, 0x2104, 0x2125, 0x4209, 0x4A2A, 0x4209, 0x2946, 0x2925, 0x2945, 0x2945, 0x2945, 0x2945, 0x2945, 0x2945, 0x2945, 0x2945,
  0x2104, 0x2125, 0x2945, 0x2946, 0x2945, 0x2945, 0x2945, 0x2945, 0x2925, 0x2925, 0x2945, 0x2945, 0x2945, 0x18E4, 0x18C3, 0x18C4,
  0x18A3, 0x1083, 0x18A3, 0x1882, 0x1882, 0x1882, 0x18A2, 0x20E3, 0x2104, 0x2104, 0x2925, 0x3166, 0x39A7, 0x39A7, 0x41A7, 0x3966,
  0x3965, 0x4186, 0x8BAF, 0xC4F4, 0xC4B3, 0xC4B4, 0xC4B3, 0xC4D4, 0xC4B3, 0xCCF4, 0x830C, 0x940F, 0xAD32, 0x9CB1, 0x4A08, 0x3987,
  0x2924, 0x2904, 0x20C3, 0x20E4, 0x20E4, 0x20E4, 0x20E4, 0x20C3, 0x3124, 0x41A5, 0x5A48, 0x7B4C, 0x9C2F, 0xB532, 0xCDB4, 0xD616,
  0xD616, 0xD616, 0xD616, 0xD616, 0xD5F6, 0xD5F6, 0xD5F6, 0xD616, 0xD5F7, 0xDE37, 0xD5F6, 0xC593, 0xBD32, 0xBD32, 0xD615, 0xACB1,
  0x5A8A, 0x41C7, 0x3986, 0x2945, 0x18E3, 0x2104, 0x20E3, 0x20C3, 0x20C3, 0x28E3, 0x28E4, 0x3145, 0x3166, 0x3987, 0x39A7, 0x3987,
  0x3966, 0x3166, 0x3986, 0x41A7, 0x39A6, 0x3985, 0x3985, 0x7B6D, 0x9CB1, 0x41C6, 0x49E6, 0xBD12, 0xE656, 0xD5B2, 0xCD50, 0xBCCD,
  0xC596, 0xD618, 0xBD14, 0xBD14, 0xB4D3, 0xE679, 0xEEBA, 0xEEBA, 0xE6BA, 0xEEBA, 0xCD96, 0xBCF3, 0xBCF3, 0xBCF3, 0xBCF3, 0xBCF3,
  0xBCF3, 0xBCF3, 0xBCF3, 0xBCF3, 0xBCF3, 0xBCF3, 0xBCF3, 0xBCF3, 0xBCF3, 0xBCF3, 0xBCD3, 0xBCF4, 0xA430, 0xAC72, 0xBCF3, 0xA430,
  0x8B6D, 0xA430, 0xBCF3, 0xBCF3, 0xBCF3, 0xBCF3, 0xBCF4, 0xB492, 0xA410, 0xBCF3, 0xBCD3, 0xBCF3, 0xBCF3, 0xBCF3, 0xBCF3, 0xBCF3,
  0xBCF3, 0xBCF3, 0xC514, 0xB492, 0x936D, 0xA3CF, 0xA3CF, 0xA3AF, 0xA3CF, 0x9BCF, 0x9BCF, 0xA410, 0xB4B2, 0xBCF3, 0xAC91, 0x832C,
  0x9BAF, 0xA3F0, 0xA3F0, 0xA3CF, 0xA3CF, 0xA3EF, 0x9BAE, 0xA3EF, 0xD595, 0xD5D5, 0xDDF6, 0xD5D6, 0xD5F6, 0xD5F6, 0xD5F6, 0xD5F6,
  0xD5F5, 0xD5F5, 0xD5F5, 0xD5F5, 0xD5F5, 0xD5F5, 0xD5F5, 0xD5F5, 0xD5F5, 0xD5F5, 0xD5F5, 0xD5F5, 0xD5F5, 0xD5F5, 0xD5F5, 0xD5F5,
  0xD5F5, 0xD5F5, 0xD5F5, 0xD5F5, 0xD5F5, 0xD5F5, 0xD5F5, 0xD5F5, 0xD5F5, 0xD5F5, 0xD5F5, 0xD5F5, 0xD5F5, 0xD5F6, 0xD5D5, 0xD5F6,
  0xCD95, 0x93CE, 0x9BCF, 0xA3F0, 0xA3F0, 0xA410, 0x938E, 0x7ACB, 0x9B8E, 0xA3CF, 0xA3CF, 0x9BCF, 0x9BEF, 0xB472, 0xBCF3, 0xBCF3,
  0xBCF3, 0xBCF3, 0xBCF3, 0xBCF3, 0xBCF3, 0xBCF3, 0xBCF3, 0xBCF3, 0xBCF3, 0xBCF3, 0xBCF3, 0xBCF3, 0xBCF3, 0xBCF3, 0xBCF3, 0xBCF3,
  0xBCF3, 0xBCF3, 0xBCF3, 0xBCF3, 0xBCF3, 0xBCF3, 0xBCF3, 0xBCF3, 0xBCF3, 0xBCF3, 0xBCF3, 0xBCF3, 0xBCF3, 0xBCF3, 0xBCF3, 0xBCF3,
  0xBCF3, 0xB4B2, 0x9BCF, 0xA430, 0x832C, 0x51C6, 0x49A6, 0x5207, 0x5A27, 0x5A27, 0x5A27, 0x5A27, 0x5207, 0x3144, 0x18E4, 0x18E4,
  0x2125, 0x2925, 0x20E4, 0x18C3, 0x2105, 0x2945, 0x2925, 0x2945, 0x2945, 0x2945, 0x2945, 0x2945, 0x2945, 0x2945, 0x2945, 0x2945,
  0x2945, 0x2125, 0x39A7, 0x4A2A, 0x422A, 0x39C8, 0x2945, 0x2925, 0x2925, 0x2925, 0x2925, 0x2925, 0x2925, 0x2925, 0x2925, 0x2925,
  0x20E4, 0x2104, 0x2945, 0x2945, 0x2945, 0x2925, 0x2925, 0x2925, 0x2925, 0x2925, 0x2945, 0x2945, 0x2945, 0x2104, 0x18C3, 0x18C3,
  0x20C3, 0x3986, 0x4A08, 0x4A08, 0x5269, 0x6B0B, 0x83CE, 0x9C91, 0x62AA, 0x3166, 0x3166, 0x39A7, 0x39A7, 0x39A7, 0x3986, 0x3966,
  0x3945, 0x628A, 0xBCF4, 0xC4D4, 0xC4D4, 0xC4B4, 0xC4B4, 0xC4B4, 0xC4D4, 0xBCD4, 0x5A29, 0x8BEE, 0xA4F2, 0xDEB8, 0x734C, 0x3145,
  0x3145, 0x3145, 0x20E4, 0x20E4, 0x20E4, 0x20E4, 0x20E4, 0x2104, 0x20E4, 0x20E4, 0x20C3, 0x20C3, 0x28E3, 0x3944, 0x5207, 0x730B,
  0x8BEE, 0xA4B1, 0xBD53, 0xC5B5, 0xCDB5, 0xCDD6, 0xCDD5, 0xC595, 0xBD54, 0xA470, 0x9C4E, 0xBD72, 0xD635, 0xDE76, 0xEED8, 0xACF1,
  0x5AAB, 0x4A08, 0x39A6, 0x2965, 0x20E3, 0x2924, 0x2925, 0x3125, 0x3126, 0x3946, 0x3986, 0x3986, 0x3966, 0x3966, 0x3146, 0x3146,
  0x3967, 0x39A7, 0x3986, 0x3165, 0x39A5, 0x5AA8, 0xA511, 0xBDB4, 0x5A67, 0x4184, 0x93CD, 0xB4B0, 0xA3EC, 0xA3AA, 0x9348, 0x9348,
  0xC576, 0xCDD7, 0xB514, 0xB4F4, 0xB4F4, 0xEE9A, 0xE69A, 0xEEBA, 0xE6BA, 0xEE9A, 0xCD96, 0xBCF3, 0xBCF3, 0xBCF3, 0xBCF3, 0xBCF3,
  0xBCF3, 0xBCF3, 0xBCF3, 0xBCF3, 0xBCF3, 0xBCF3, 0xBCF3, 0xBCF3, 0xBCF3, 0xBCF3, 0xBCD3, 0xBCF4, 0xAC71, 0xA431, 0xBCD3, 0xA410,
  0x8B6D, 0xA430, 0xBCF4, 0xBCF3, 0xBCF3, 0xBCF3, 0xC514, 0xAC71, 0xA430, 0xBCF3, 0xBCD3, 0xBCF3, 0xBCF3, 0xBCF3, 0xBCF3, 0xBCF3,
  0xBCF3, 0xBCF3, 0xBCF3, 0xBCB2, 0x936D, 0x9BAF, 0xA3CF, 0xA3CF, 0xA3CF, 0x9BCF, 0xA3EF, 0x9BCF, 0xB472, 0xBCD3, 0xBCF3, 0xAC71,
  0x93AF, 0x938E, 0x9BAE, 0xA3CF, 0xA3CF, 0xA3F0, 0x9BCF, 0x93AE, 0xBCD2, 0xCD74, 0xD5D5, 0xDDF6, 0xD5F6, 0xD5F6, 0xD5F5, 0xD5F6,
  0xD5F5, 0xD5F5, 0xD5F5, 0xD5F5, 0xD5F5, 0xD5F5, 0xD5F5, 0xD5F5, 0xD5F5, 0xD5F5, 0xD5F5, 0xD5F5, 0xD5F5, 0xD5F5, 0xD5F5, 0xD5F5,
  0xD5F5, 0xD5F5, 0xD5F5, 0xD5F5, 0xD5F5, 0xD5F5, 0xD5F5, 0xD5F5, 0xD5F5, 0xD5F5, 0xD5F5, 0xD5F5, 0xD5F5, 0xD5F5, 0xD5F5, 0xD5F6,
  0xCDB5, 0x93CE, 0x9BEF, 0x9BCF, 0x936E, 0x8B2D, 0x8B0C, 0x938E, 0x9BAF, 0xA3CF, 0x9BCF, 0x9BCF, 0x9BEF, 0xAC51, 0xBCF3, 0xBCF3,
  0xBCF3, 0xBCF3, 0xBCF3, 0xBCF3, 0xBCF3, 0xBCF3, 0xBCF3, 0xBCF3, 0xBCF3, 0xBCF3, 0xBCF3, 0xBCF3, 0xBCF3, 0xBCF3, 0xBCF3, 0xBCF3,
  0xBCF3, 0xBCF3, 0xBCF3, 0xBCF3, 0xBCF3, 0xBCF3, 0xBCF3, 0xBCF3, 0xBCF3, 0xBCF3, 0xBCF3, 0xBCF3, 0xBCF3, 0xBCF3, 0xBCF3, 0xBCF3,
  0xBCF3, 0xBCF3, 0xA3EF, 0x938D, 0x72AA, 0x51A6, 0x51C6, 0x5A27, 0x5A27, 0x5A27, 0x5A27, 0x5A48, 0x49C6, 0x2924, 0x2124, 0x18E4,
  0x2125, 0x2925, 0x2925, 0x18E4, 0x18E4, 0x2945, 0x2125, 0x2925, 0x2945, 0x2945, 0x2945, 0x2945, 0x2945, 0x2945, 0x2945, 0x2945,
  0x2125, 0x2946, 0x4209, 0x4A2A, 0x4209, 0x2966, 0x2925, 0x2925, 0x2925, 0x2925, 0x2925, 0x2925, 0x2925, 0x2925, 0x2925, 0x2945,
  0x20E4, 0x18E4, 0x2945, 0x2925, 0x2925, 0x2925, 0x2925, 0x2925, 0x2925, 0x2945, 0x2945, 0x2945, 0x2945, 0x2104, 0x18C3, 0x18A2,
  0x20C3, 0xACF3, 0xC5D6, 0xC5B6, 0xCDD6, 0xD617, 0xD616, 0xCDF6, 0x62AA, 0x3145, 0x3986, 0x41A7, 0x39A7, 0x41A7, 0x3965, 0x3945,
  0x4986, 0x9BEF, 0xC4F4, 0xC4B3, 0xC4B3, 0xC4B4, 0xC4B3, 0xC4D4, 0xBCF4, 0x6A8B, 0x3966, 0x7B8E, 0x7BCD, 0xDEB8, 0xAD32, 0x41A5,
  0x3185, 0x3186, 0x20E4, 0x20C3, 0x20E4, 0x20E4, 0x20E4, 0x20E4, 0x20E4, 0x20E4, 0x20E4, 0x28E4, 0x20E4, 0x20C3, 0x20A3, 0x20C3,
  0x28E3, 0x3124, 0x3965, 0x49E6, 0x5A89, 0x62AA, 0x62AA, 0x5A69, 0x49E7, 0x3964, 0x942E, 0xE6D7, 0xDE96, 0xDEB6, 0xE6D7, 0xA4D1,
  0x62CB, 0x4A09, 0x39C7, 0x3166, 0x20E3, 0x20E4, 0x20E4, 0x2925, 0x3167, 0x3967, 0x3966, 0x41C6, 0x5248, 0x4A07, 0x49C6, 0x49C7,
  0x49E7, 0x4A07, 0x5A89, 0x7B8C, 0xACF1, 0xCE35, 0xBDB2, 0x5A86, 0x4163, 0x7AC8, 0x936A, 0x8B09, 0x9308, 0x9308, 0x9308, 0x9349,
  0xBD55, 0xC596, 0xBD14, 0xB4D3, 0xBD34, 0xEEBB, 0xE69A, 0xE6BA, 0xE6BA, 0xE69A, 0xC575, 0xBCF3, 0xBCF3, 0xBCF3, 0xBCF3, 0xBCF3,
  0xBCF3, 0xBCF3, 0xBCF3, 0xBCF3, 0xBCF3, 0xBCF3, 0xBCF3, 0xBCF3, 0xBCF3, 0xBCF3, 0xBCF3, 0xBCF3, 0xB492, 0xA410, 0xB4B2, 0x9BEF,
  0x938E, 0xA430, 0xBCF3, 0xBCF3, 0xBCF3, 0xBCF3, 0xC514, 0xA431, 0xAC71, 0xBCF3, 0xBCF3, 0xBCF3, 0xBCF3, 0xBCF3, 0xBCF3, 0xBCF3,
  0xBCF3, 0xBCF3, 0xBCF3, 0xBCF3, 0xA3F0, 0x9BAF, 0xA3AF, 0xA3CF, 0x9BCF, 0x9BEF, 0x9BEF, 0x9BCF, 0xA410, 0xBCD3, 0xBCD3, 0xC4F3,
  0xBCF4, 0xAC72, 0x9BCF, 0x9B8E, 0x936E, 0x9B8E, 0x9BCF, 0x93AE, 0xB4B1, 0xBCF2, 0xC533, 0xCD95, 0xD5D5, 0xD5F6, 0xD5F6, 0xD5F5,
  0xD5F5, 0xD5F5, 0xD5F5, 0xD5F5, 0xD5F5, 0xD5F5, 0xD5F5, 0xD5F5, 0xD5F5, 0xD5F5, 0xD5F5, 0xD5F5, 0xD5F5, 0xD5F5, 0xD5F5, 0xD5F5,
  0xD5F5, 0xD5F5, 0xD5F5, 0xD5F5, 0xD5F5, 0xD5F5, 0xD5F5, 0xD5F5, 0xD5F5, 0xD5F5, 0xD5F5, 0xD5F5, 0xD5F5, 0xD5F5, 0xD5F5, 0xD5F6,
  0xCDB5, 0x9BEF, 0x8B4D, 0x8B0C, 0x932D, 0x9B6E, 0x9BAF, 0xA3CF, 0xA3CF, 0xA3CF, 0x9BCF, 0x9BEF, 0x9BCF, 0xA430, 0xBCD3, 0xBCF3,
  0xBCF3, 0xBCF3, 0xBCF3, 0xBCF3, 0xBCF3, 0xBCF3, 0xBCF3, 0xBCF3, 0xBCF3, 0xBCF3, 0xBCF3, 0xBCF3, 0xBCF3, 0xBCF3, 0xBCF3, 0xBCF3,
  0xBCF3, 0xBCF3, 0xBCF3, 0xBCF3, 0xBCF3, 0xBCF3, 0xBCF3, 0xBCF3, 0xBCF3, 0xBCF3, 0xBCF3, 0xBCF3, 0xBCF3, 0xBCF3, 0xBCF3, 0xBCF3,
  0xBCF3, 0xBCF3, 0xBCD3, 0x8B2C, 0x5A07, 0x51C6, 0x51C6, 0x5A48, 0x5A27, 0x5A27, 0x5A27, 0x5A48, 0x41A5, 0x2924, 0x2945, 0x18E4,
  0x2125, 0x2945, 0x2946, 0x2125, 0x18C4, 0x2125, 0x2925, 0x2925, 0x2945, 0x2945, 0x2945, 0x2945, 0x2945, 0x2945, 0x2945, 0x2945,
  0x2125, 0x39A7, 0x4A4A, 0x422A, 0x39C8, 0x2946, 0x2945, 0x2945, 0x2925, 0x2925, 0x2925, 0x2925, 0x2925, 0x2925, 0x2925, 0x2945,
  0x20E4, 0x18C4, 0x2925, 0x2925, 0x2925, 0x2925, 0x2925, 0x2925, 0x2145, 0x2945, 0x2945, 0x2945, 0x2945, 0x2904, 0x3144, 0x3985,
  0x730A, 0xCDB5, 0xD5F6, 0xD5F6, 0xD5F6, 0xD5D5, 0xD5D5, 0xD5B5, 0x5A48, 0x3145, 0x41A7, 0x41A7, 0x41A7, 0x3125, 0x3124, 0x5207,
  0x8B4D, 0xAC51, 0xCCF4, 0xC4B3, 0xCCD4, 0xC4B3, 0xC4F4, 0xBCD3, 0x6AAA, 0x1883, 0x39C8, 0x4A6A, 0x39E6, 0xB593, 0xDEB7, 0x7B8B,
  0x2944, 0x39A7, 0x2104, 0x20C3, 0x20E3, 0x20E3, 0x20E3, 0x20E3, 0x20E4, 0x20E4, 0x20E3, 0x20E4, 0x20E4, 0x20E4, 0x20E4, 0x20E4,
  0x2904, 0x20E4, 0x20E3, 0x3125, 0x3966, 0x3966, 0x3986, 0x3986, 0x3165, 0x41E6, 0xBDB4, 0xDED6, 0xDEB5, 0xDEB6, 0xE718, 0xA4D1,
  0x62AC, 0x4A09, 0x41E8, 0x3145, 0x20C3, 0x20E3, 0x2104, 0x3146, 0x3967, 0x3986, 0x3164, 0x9C8F, 0xD655, 0xCDF3, 0xC5B3, 0xC592,
  0xC572, 0xCD93, 0xCDB3, 0xCDB3, 0xC552, 0x93CC, 0x51C4, 0x4963, 0x7A87, 0x8B09, 0x8AE8, 0x9308, 0x9B29, 0x9B29, 0x9329, 0x8B08,
  0xBD35, 0xBD55, 0xBD14, 0xB4D3, 0xC555, 0xEEBA, 0xEEBA, 0xE6BA, 0xE6BA, 0xE69A, 0xC575, 0xBCF3, 0xBCF3, 0xBCF3, 0xBCF3, 0xBCF3,
  0xBCF3, 0xBCF3, 0xBCF3, 0xBCF3, 0xBCF3, 0xBCF3, 0xBCF3, 0xBCF3, 0xBCF3, 0xBCF3, 0xBCF3, 0xBCF3, 0xBCD3, 0x9BEF, 0xAC71, 0x9BEF,
  0x9BCF, 0xAC51, 0xBCF4, 0xBCF3, 0xBCF3, 0xBCF3, 0xC514, 0xA410, 0xAC92, 0xBCF3, 0xBCF3, 0xBCF3, 0xBCF3, 0xBCF3, 0xBCF3, 0xBCF3,
  0xBCF3, 0xBCF3, 0xBCF3, 0xC4F3, 0xB492, 0x9BCF, 0x9BCF, 0xA3CF, 0x9BCF, 0x9BCF, 0x9BCF, 0xA3EF, 0x9BCF, 0xB471, 0xBCF3, 0xBCF3,
  0xBCF3, 0xBCF4, 0xC4F3, 0xBCB2, 0xAC51, 0x9BCF, 0x8B6D, 0x8B6D, 0xB4B1, 0xBCF2, 0xBCF2, 0xBCF2, 0xC553, 0xCDB5, 0xD5F6, 0xD5F5,
  0xD5F5, 0xD5F5, 0xD5F5, 0xD5F5, 0xD5F5, 0xD5F5, 0xD5F5, 0xD5F5, 0xD5F5, 0xD5F5, 0xD5F5, 0xD5F5, 0xD5F5, 0xD5F5, 0xD5F5, 0xD5F5,
  0xD5F5, 0xD5F5, 0xD5F5, 0xD5F5, 0xD5F5, 0xD5F5, 0xD5F5, 0xD5F5, 0xD5F5, 0xD5F5, 0xD5F5, 0xD5F5, 0xD5F5, 0xD5F5, 0xD5F5, 0xD5D5,
  0xDE16, 0xA410, 0x82EB, 0xA3F0, 0xA3F0, 0xA3D0, 0xA3CF, 0xA3CF, 0xA3CF, 0xA3CF, 0x9BCF, 0xA3EF, 0x9BCF, 0xA410, 0xBCD3, 0xBCF3,
  0xBCF3, 0xBCF3, 0xBCF3, 0xBCF3, 0xBCF3, 0xBCF3, 0xBCF3, 0xBCF3, 0xBCF3, 0xBCF3, 0xBCF3, 0xBCF3, 0xBCF3, 0xBCF3, 0xBCF3, 0xBCF3,
  0xBCF3, 0xBCF3, 0xBCF3, 0xBCF3, 0xBCF3, 0xBCF3, 0xBCF3, 0xBCF3, 0xBCF3, 0xBCF3, 0xBCF3, 0xBCF3, 0xBCF3, 0xBCF3, 0xBCF3, 0xBCF3,
  0xBCF3, 0xBCF3, 0xC4F4, 0x9BCF, 0x59E7, 0x51A6, 0x5A07, 0x5A28, 0x5A27, 0x5A27, 0x5A47, 0x5A48, 0x3965, 0x2945, 0x2945, 0x1904,
  0x2945, 0x2945, 0x2125, 0x2925, 0x2104, 0x2105, 0x2946, 0x2925, 0x2945, 0x2945, 0x2945, 0x2945, 0x2945, 0x2945, 0x2945, 0x2925,
  0x2946, 0x4209, 0x4A4A, 0x4229, 0x3167, 0x2945, 0x2945, 0x2925, 0x2925, 0x2925, 0x2925, 0x2925, 0x2925, 0x2925, 0x2925, 0x2945,
  0x20E4, 0x18C3, 0x2125, 0x2925, 0x2925, 0x2925, 0x2925, 0x2125, 0x2145, 0x2146, 0x2946, 0x2946, 0x2104, 0x62CB, 0xB554, 0xBD74,
  0xD5F5, 0xD5F5, 0xD5F5, 0xD5F6, 0xD5F5, 0xD5D5, 0xDE16, 0xCD74, 0x5208, 0x4186, 0x41A7, 0x3987, 0x3986, 0x49E7, 0x7B6C, 0xB4D2,
  0x9BAE, 0x8B0C, 0xBC93, 0xC4B3, 0xC4D4, 0xC4F4, 0xA431, 0x51E8, 0x20C2, 0x18A3, 0x2126, 0x18E5, 0x1924, 0x5AE9, 0xCE35, 0xC5F4,
  0x4207, 0x3186, 0x2924, 0x20E3, 0x20C3, 0x20E3, 0x20E3, 0x2103, 0x2103, 0x20E3, 0x20E3, 0x20E3, 0x20E3, 0x2104, 0x2103, 0x20E3,
  0x20E4, 0x20E4, 0x2905, 0x3186, 0x39A7, 0x39A7, 0x39A7, 0x3986, 0x3145, 0x6B2B, 0xD677, 0xD695, 0xDED6, 0xCE54, 0xC5F4, 0x8C2E,
  0x5A8B, 0x522A, 0x49E8, 0x2904, 0x2904, 0x3145, 0x3986, 0x39A7, 0x39A7, 0x39A5, 0x41C4, 0xBD72, 0xE6B5, 0xE694, 0xE674, 0xD612,
  0xCD70, 0xBCAE, 0xAC2C, 0x938A, 0x6A46, 0x4943, 0x59C5, 0x82CA, 0x932A, 0x9329, 0x9B29, 0x9B29, 0x9B08, 0x8AC8, 0x82A8, 0x82C8,
  0xBD14, 0xBD14, 0xBD14, 0xB4D3, 0xCD96, 0xEEBB, 0xE69A, 0xE69A, 0xEE9A, 0xE69A, 0xC575, 0xBCF3, 0xBCF3, 0xBCF3, 0xBCF3, 0xBCF3,
  0xBCF3, 0xBCF3, 0xBCF3, 0xBCF3, 0xBCF3, 0xBCD3, 0xBCF3, 0xC4F4, 0xBCF4, 0xBCD4, 0xBCF3, 0xBCF3, 0xBCF3, 0xA410, 0xA410, 0x9BF0,
  0x9BCF, 0xAC51, 0xBCF3, 0xBCF3, 0xBCF3, 0xBCF3, 0xBCF4, 0xA410, 0xB492, 0xBCF3, 0xBCF3, 0xBCF3, 0xBCF3, 0xBCF3, 0xBCF3, 0xBCF3,
  0xBCF3, 0xBCF3, 0xBCF3, 0xBCF3, 0xBCB2, 0xA3EF, 0x9BCF, 0x9BCF, 0xA3CF, 0xA3CF, 0xA3CF, 0xA3CF, 0x9BCF, 0xA410, 0xBCD3, 0xBCF3,
  0xBCF3, 0xBCF3, 0xBCF3, 0xBCF3, 0xBCF3, 0xC534, 0x9BEF, 0x938E, 0xBCF2, 0xBCD1, 0xBCF2, 0xBCF2, 0xBCF2, 0xBD12, 0xCD74, 0xD5D5,
  0xD5F6, 0xD5F5, 0xD5F5, 0xD5F6, 0xD5F5, 0xD5F5, 0xD5F5, 0xD5F5, 0xD5F5, 0xD5F5, 0xD5F5, 0xD5F5, 0xD5F5, 0xD5F5, 0xD5F5, 0xD5F5,
  0xD5F5, 0xD5F5, 0xD5F5, 0xD5F5, 0xD5F5, 0xD5F5, 0xD5F5, 0xD5F5, 0xD5F6, 0xD5F6, 0xD5F6, 0xD5F6, 0xD5F6, 0xD5F6, 0xD5F6, 0xD5F5,
  0xDDF6, 0xCD74, 0x93AE, 0x93AE, 0xA410, 0xA3F0, 0xA3D0, 0xA3D0, 0xA3CF, 0xA3CF, 0xA3CF, 0xA3EF, 0xA3CF, 0xA3EF, 0xBCB2, 0xBCF3,
  0xBCF3, 0xBCF3, 0xBCF3, 0xBCF3, 0xBCF3, 0xBCF3, 0xBCF3, 0xBCF3, 0xBCF3, 0xBCF3, 0xBCF3, 0xBCF3, 0xBCF3, 0xBCF3, 0xBCF3, 0xBCF3,
  0xBCF3, 0xBCF3, 0xBCF3, 0xBCF3, 0xBCF3, 0xBCF3, 0xBCF3, 0xBCF3, 0xBCF3, 0xBCF3, 0xBCF3, 0xBCF3, 0xBCF3, 0xBCF3, 0xBCF3, 0xBCF3,
  0xBCF3, 0xBCF3, 0xBCF3, 0xB4B2, 0x6A69, 0x49A6, 0x6248, 0x5A27, 0x5A27, 0x5A47, 0x5A48, 0x5207, 0x3145, 0x2945, 0x2946, 0x2125,
  0x2125, 0x2945, 0x2945, 0x2945, 0x2125, 0x2104, 0x2945, 0x2945, 0x2925, 0x2945, 0x2945, 0x2945, 0x2925, 0x2945, 0x2946, 0x2125,
  0x31A7, 0x4A4A, 0x4A29, 0x39E8, 0x2945, 0x2945, 0x2945, 0x2945, 0x2925, 0x2925, 0x2925, 0x2925, 0x2945, 0x2945, 0x2945, 0x2945,
  0x2104, 0x18C3, 0x2125, 0x2925, 0x2945, 0x2945, 0x2945, 0x2945, 0x2146, 0x2945, 0x2925, 0x2945, 0x2104, 0x83EF, 0xD637, 0xD5D5,
  0xD5F5, 0xD5F5, 0xD5F6, 0xD5D5, 0xD5F6, 0xD5D6, 0xB4D2, 0x6A89, 0x4186, 0x4186, 0x4186, 0x62A9, 0xA470, 0xCD94, 0xCD94, 0xB4F2,
  0x9BEF, 0xB451, 0x934D, 0xB452, 0xBCD4, 0x7B2D, 0x3145, 0x10A2, 0x18C3, 0x18C3, 0x10A3, 0x10C3, 0x10E3, 0x2985, 0x6B4B, 0xDE76,
  0x94AF, 0x31A4, 0x3124, 0x28C4, 0x3105, 0x3105, 0x28E4, 0x20E3, 0x2104, 0x20E3, 0x20E3, 0x20E3, 0x20E3, 0x20E4, 0x20E3, 0x2104,
  0x20E3, 0x28E4, 0x3166, 0x3987, 0x3987, 0x3986, 0x3986, 0x3965, 0x3984, 0xA4F1, 0xE6B8, 0xDE96, 0xE6B6, 0xDE95, 0xC614, 0x6B0A,
  0x41C7, 0x41C8, 0x3987, 0x3966, 0x3986, 0x3986, 0x3166, 0x3166, 0x31A7, 0x3985, 0x5A26, 0xCDB3, 0xD5B2, 0xC510, 0xB46D, 0xA3EA,
  0x936A, 0x82E8, 0x7266, 0x61A4, 0x61C4, 0x7A87, 0x934A, 0x9B6A, 0x9329, 0x9329, 0x9309, 0x92E8, 0x92E8, 0x92E8, 0x9308, 0x9B29,
  0xBCF4, 0xBCF4, 0xBD14, 0xAC92, 0xD5D7, 0xEEBB, 0xE69A, 0xEEBA, 0xEE9A, 0xE69A, 0xC575, 0xBCF3, 0xBCF3, 0xBCF3, 0xBCF3, 0xBCF3,
  0xBCF3, 0xBCF3, 0xBCF3, 0xBCF3, 0xBCF3, 0xBCF4, 0xBCF3, 0xBCF3, 0xBCF4, 0xBCF4, 0xC4F3, 0xBCF3, 0xC4F3, 0xA430, 0x9BEF, 0x9BF0,
  0x9BCF, 0xAC51, 0xBCF3, 0xBCF3, 0xBCF3, 0xBCF3, 0xBCF4, 0xA410, 0xB492, 0xBCF3, 0xBCF3, 0xBCF3, 0xBCF3, 0xBCF3, 0xBCF3, 0xBCF3,
  0xBCF3, 0xBCF3, 0xBCF3, 0xBCF3, 0xBCD3, 0xA410, 0x9BCF, 0x9BCF, 0xA3CF, 0xA3CF, 0xA3CF, 0xA3CF, 0x9BCF, 0x9BCF, 0xAC71, 0xBCF3,
  0xBCF3, 0xBD13, 0xBD13, 0xBCF2, 0xBCF3, 0xAC71, 0x9BEE, 0xB4B1, 0xC4F2, 0xC4D1, 0xC4F2, 0xBCF2, 0xC4F2, 0xBCF2, 0xBCF1, 0xC553,
  0xD5D5, 0xD5F6, 0xD5F5, 0xD5F5, 0xD5F5, 0xD5F5, 0xD5F5, 0xD5F5, 0xD5F5, 0xD5F5, 0xD5F5, 0xD5F5, 0xD5F5, 0xD5F5, 0xD5F5, 0xD5F5,
  0xD5F5, 0xD5F5, 0xD5F5, 0xD5F5, 0xD5F5, 0xD5F5, 0xD5F5, 0xD5F5, 0xD5F6, 0xD5F6, 0xD5F6, 0xD5F6, 0xD5F6, 0xD5F6, 0xD5F6, 0xD5F6,
  0xD5F6, 0xD5F6, 0xCD74, 0xA430, 0x938E, 0x9BCF, 0xA3F0, 0xA3F0, 0xA3EF, 0xA3CF, 0xA3EF, 0xA3EF, 0xA3CF, 0xA3EF, 0xB492, 0xBCF3,
  0xBCF3, 0xBCF3, 0xBCF3, 0xBCF3, 0xBCF3, 0xBCF3, 0xBCF3, 0xBCF3, 0xBCF3, 0xBCF3, 0xBCF3, 0xBCF3, 0xBCF3, 0xBCF3, 0xBCF3, 0xBCF3,
  0xBCF3, 0xBCF3, 0xBCF3, 0xBCF3, 0xBCF3, 0xBCF3, 0xBCF3, 0xBCF3, 0xBCF3, 0xBCF3, 0xBCF3, 0xBCF3, 0xBCF3, 0xBCF3, 0xBCF3, 0xBCF3,
  0xBCF3, 0xBCF3, 0xBCF3, 0xBD13, 0x8BAE, 0x51E7, 0x5A28, 0x6228, 0x6227, 0x5A27, 0x5A48, 0x41C6, 0x2924, 0x2925, 0x2125, 0x2146,
  0x2925, 0x2945, 0x2945, 0x2945, 0x2945, 0x2125, 0x2945, 0x2945, 0x2925, 0x2945, 0x2945, 0x2945, 0x2945, 0x2945, 0x2925, 0x2946,
  0x4209, 0x4A29, 0x4229, 0x3187, 0x2925, 0x2945, 0x2945, 0x2945, 0x2925, 0x2925, 0x2925, 0x2925, 0x2945, 0x2945, 0x2945, 0x2945,
  0x2104, 0x18C3, 0x2125, 0x2925, 0x2945, 0x2945, 0x2945, 0x2945, 0x2145, 0x2945, 0x2945, 0x2925, 0x20E4, 0x5AAA, 0xCDD6, 0xD5D5,
  0xD5F5, 0xD5F6, 0xD5F6, 0xCDB5, 0xA491, 0x7B0B, 0x51E7, 0x49C6, 0x5A48, 0x730B, 0xA470, 0xCDB5, 0xD5F6, 0xD5D5, 0xCD74, 0x9C0F,
  0xB491, 0xB451, 0xA410, 0x8B4E, 0x49A7, 0x20A3, 0x18A3, 0x18C3, 0x10C3, 0x18C3, 0x18A2, 0x18C3, 0x10C3, 0x1904, 0x39A5, 0xA4D0,
  0xD696, 0x5287, 0x2923, 0x2904, 0x3987, 0x3987, 0x3966, 0x2904, 0x20E4, 0x20E3, 0x20E3, 0x20E3, 0x20E3, 0x2104, 0x20E4, 0x20E3,
  0x20E3, 0x3145, 0x3987, 0x3987, 0x3987, 0x39A7, 0x3966, 0x3144, 0x62C8, 0xD656, 0xDE97, 0xDE96, 0xE6B5, 0xDED6, 0xE6F8, 0x8C2F,
  0x5249, 0x3987, 0x3966, 0x3986, 0x3146, 0x2904, 0x2904, 0x3166, 0x39C8, 0x3965, 0x6A67, 0xAC4D, 0xA3EC, 0x9BAA, 0x9B89, 0x9B69,
  0x8B29, 0x7A87, 0x7A87, 0x8AE9, 0x9B4A, 0x9B4A, 0x9329, 0x9308, 0x92E8, 0x9308, 0x9B29, 0x9B29, 0x9B49, 0x9B49, 0x9B28, 0x9B28,
  0xBCF4, 0xBCF4, 0xBD14, 0xAC92, 0xDE18, 0xEEBB, 0xE69A, 0xEEBA, 0xE69A, 0xE69A, 0xC575, 0xBCF3, 0xBCF3, 0xBCF3, 0xBCF3, 0xBCF3,
  0xBCF3, 0xBCF3, 0xBCF3, 0xBCF3, 0xBCF3, 0xBCF3, 0xBCF3, 0xBCF3, 0xBCF3, 0xBCD3, 0xBCD2, 0xBCD2, 0xBCF3, 0xB492, 0x938E, 0x9BEF,
  0x9BCF, 0xAC30, 0xBCF3, 0xBCF3, 0xBCF3, 0xBCF3, 0xBCF4, 0xA410, 0xB492, 0xBCF3, 0xBCF3, 0xBCF3, 0xBCF3, 0xBCF3, 0xBCF3, 0xBCF3,
  0xBCF3, 0xBCF3, 0xBCF3, 0xBCF3, 0xBCF3, 0xAC51, 0x9BCF, 0xA3CF, 0xA3CF, 0xA3CF, 0xA3CF, 0xA3CF, 0xA3EF, 0x9BCF, 0xA410, 0xBCD3,
  0xBCF4, 0xBCF3, 0xBCF3, 0xBD14, 0xA450, 0x9BEE, 0xBCD1, 0xBCF2, 0xC4D2, 0xC4F2, 0xC4F2, 0xC4F2, 0xBCD1, 0xBCD1, 0xC4F2, 0xBCF1,
  0xBD33, 0xCDB5, 0xD5F6, 0xD5F5, 0xD5F5, 0xD5F5, 0xD5F5, 0xD5F5, 0xD5F5, 0xD5F5, 0xD5F5, 0xD5F5, 0xD5F5, 0xD5F5, 0xD5F5, 0xD5F5,
  0xD5F5, 0xD5F5, 0xD5F5, 0xD5F5, 0xD5F5, 0xD5F5, 0xD5F5, 0xD5F5, 0xD5F6, 0xD5F6, 0xD5F6, 0xD5F6, 0xD5F6, 0xD5F6, 0xD5F6, 0xD5F6,
  0xD5F5, 0xD5F5, 0xD5F6, 0xD5D6, 0xC533, 0xA430, 0x93AE, 0x93AE, 0x9BCE, 0xA40F, 0xA3EF, 0xA3EF, 0xA3EF, 0x9BEF, 0xAC71, 0xBCF3,
  0xBCF4, 0xBCF4, 0xBCF4, 0xBCF4, 0xBCD3, 0xBCD3, 0xBCD3, 0xBCD3, 0xBCF4, 0xBCF4, 0xBCF4, 0xBCF4, 0xBCF3, 0xBCF3, 0xBCF3, 0xBCF3,
  0xBCF3, 0xBCF3, 0xBCF3, 0xBCF3, 0xBCF3, 0xBCF3, 0xBCF3, 0xBCF3, 0xBCF3, 0xBCF3, 0xBCF3, 0xBCF3, 0xBCF3, 0xBCF3, 0xBCF3, 0xBCF3,
  0xBCF3, 0xBCF3, 0xBCF3, 0xBCF3, 0xB4B2, 0x6A89, 0x5A28, 0x6248, 0x6227, 0x5A47, 0x5A48, 0x3965, 0x2924, 0x2125, 0x2104, 0x2145,
  0x2945, 0x2945, 0x2945, 0x2945, 0x2945, 0x2945, 0x2945, 0x2945, 0x2925, 0x2945, 0x2945, 0x2945, 0x2945, 0x2945, 0x2125, 0x31A7,
  0x4229, 0x4229, 0x4208, 0x2946, 0x2925, 0x2945, 0x2945, 0x2945, 0x2925, 0x2925, 0x2925, 0x2925, 0x2945, 0x2945, 0x2945, 0x2945,
  0x2105, 0x18C4, 0x2125, 0x2945, 0x2945, 0x2945, 0x2945, 0x2945, 0x2145, 0x2945, 0x2945, 0x2124, 0x2104, 0x39A6, 0xB533, 0xDDF5,
  0xD5F5, 0xD5F5, 0xD5F6, 0xD5F6, 0xCD95, 0xBD33, 0xB4F2, 0xB513, 0xC594, 0xCDF6, 0xD616, 0xD5F6, 0xD5D5, 0xD5D6, 0xA430, 0xAC50,
  0xCCD3, 0x9BAE, 0xB4D3, 0x49C7, 0x1882, 0x2104, 0x2105, 0x2125, 0x2125, 0x2104, 0x20E4, 0x20E4, 0x18E4, 0x18E4, 0x2944, 0x6B6B,
  0xE6D7, 0x944E, 0x2923, 0x3185, 0x39C7, 0x39A7, 0x39A7, 0x3986, 0x2904, 0x18C3, 0x20E3, 0x20C3, 0x20E3, 0x20E3, 0x20E3, 0x2104,
  0x3145, 0x3986, 0x3986, 0x3987, 0x3987, 0x3986, 0x3145, 0x3985, 0xA4AF, 0xE6D7, 0xDE96, 0xDED6, 0xDED5, 0xDED6, 0xDEB7, 0x8C0E,
  0x5A6A, 0x39A7, 0x4A29, 0x39A7, 0x2905, 0x20E4, 0x3145, 0x3987, 0x39A7, 0x3965, 0x7288, 0x9BAB, 0x9B8A, 0x9B8A, 0x9B69, 0x9B48,
  0x9B49, 0x9B49, 0x9B4A, 0x9B29, 0x9309, 0x9308, 0x9308, 0x9B28, 0x9B48, 0x9B49, 0x9B49, 0x9B49, 0x9B28, 0x9B28, 0x9B49, 0xA369,
  0xBCF4, 0xBCF4, 0xBD14, 0xACB2, 0xDE39, 0xEEBA, 0xE69A, 0xE69A, 0xE69A, 0xE69A, 0xC575, 0xBCF3, 0xBCF3, 0xBCF3, 0xBCF3, 0xBCF3,
  0xBCF3, 0xBCF3, 0xBCD3, 0xBCF3, 0xBCF3, 0xBCF3, 0xBCF3, 0xAC71, 0xA430, 0x93AE, 0x938D, 0x93AE, 0x93AE, 0x9BCF, 0x8B4D, 0x9BEF,
  0x9BCF, 0xA410, 0xBCD3, 0xBCF3, 0xBCF3, 0xBCF3, 0xBCF4, 0xA410, 0xB492, 0xBCF4, 0xBCF3, 0xBCF3, 0xBCF3, 0xBCF3, 0xBCF3, 0xBCF3,
  0xBCF3, 0xBCF3, 0xBCF3, 0xBCF3, 0xC4F4, 0xB472, 0x9BCF, 0x9BCF, 0xA3CF, 0xA3CF, 0xA3CF, 0xA3CF, 0x9BCF, 0xA3EF, 0x9BCF, 0xAC71,
  0xBCD3, 0xBCF4, 0xAC93, 0x72CB, 0x93AE, 0xBD13, 0xBCF2, 0xBCD1, 0xC4F2, 0xC4F2, 0xC4F2, 0xC4F2, 0xC4F2, 0xC4F2, 0xC4D1, 0xC4F2,
  0xBCF2, 0xBD33, 0xD5D5, 0xD5F6, 0xD5F5, 0xD5F5, 0xD5F5, 0xD5F5, 0xD5F5, 0xD5F5, 0xD5F5, 0xD5F5, 0xD5F5, 0xD5F5, 0xD5F5, 0xD5F5,
  0xD5F5, 0xD5F5, 0xD5F5, 0xD5F5, 0xD5F5, 0xD5F5, 0xD5F5, 0xD5F5, 0xD5F6, 0xD5F6, 0xD5F6, 0xD5F6, 0xD5F6, 0xD5F6, 0xD5F6, 0xD5F6,
  0xD5F5, 0xD5F5, 0xD5F5, 0xD5F5, 0xD5F6, 0xD5D5, 0xC554, 0xAC70, 0x9BCF, 0x938D, 0x9BCE, 0x9BCF, 0x9BEF, 0x9BEF, 0xAC51, 0xBCF3,
  0xBCF4, 0xBCF4, 0xBCF3, 0xBCD3, 0xBCF4, 0xBCF4, 0xBCF4, 0xBCF4, 0xBCF4, 0xBCF4, 0xBCF4, 0xBCF4, 0xBCF3, 0xBCF3, 0xBCF3, 0xBCF3,
  0xBCF3, 0xBCF3, 0xBCF3, 0xBCF3, 0xBCF3, 0xBCF3, 0xBCF3, 0xBCF3, 0xBCF3, 0xBCF3, 0xBCF3, 0xBCF3, 0xBCF3, 0xBCF3, 0xBCF3, 0xBCF3,
  0xBCF3, 0xBCF3, 0xBCF3, 0xBCF3, 0xBD13, 0x8B8D, 0x5A07, 0x5A28, 0x5A27, 0x5A48, 0x5227, 0x3144, 0x2925, 0x2945, 0x18E4, 0x2125,
  0x2945, 0x2945, 0x2945, 0x2945, 0x2945, 0x2925, 0x2925, 0x2945, 0x2925, 0x2945, 0x2945, 0x2945, 0x2945, 0x2945, 0x2945, 0x4208,
  0x4A29, 0x4229, 0x31A7, 0x2125, 0x2945, 0x2945, 0x2945, 0x2945, 0x2925, 0x2925, 0x2925, 0x2925, 0x2945, 0x2945, 0x2945, 0x2945,
  0x2105, 0x18C4, 0x2125, 0x2945, 0x2945, 0x2945, 0x2945, 0x2945, 0x2145, 0x2945, 0x2925, 0x2104, 0x2125, 0x2925, 0x940F, 0xDE16,
  0xD5F5, 0xD5F5, 0xD5F6, 0xD5F6, 0xD616, 0xDE17, 0xDE37, 0xD617, 0xCDB5, 0xD5F5, 0xD5F5, 0xD5F5, 0xDDF6, 0xB491, 0xA430, 0xCD14,
  0xB411, 0xB431, 0x9C30, 0x3145, 0x2124, 0x2945, 0x2946, 0x2946, 0x2166, 0x2945, 0x3125, 0x3125, 0x2926, 0x2125, 0x2125, 0x4A27,
  0xCDB4, 0xDE36, 0x5247, 0x2944, 0x39C7, 0x39C7, 0x3987, 0x4187, 0x3145, 0x18C3, 0x20C3, 0x20E3, 0x20E4, 0x20E3, 0x2904, 0x3166,
  0x3986, 0x3986, 0x3987, 0x3987, 0x3986, 0x3144, 0x3144, 0x62EA, 0xDE55, 0xDEB6, 0xDEB6, 0xDED6, 0xDEF5, 0xDEB5, 0xDE96, 0x8BCD,
  0x5249, 0x4A08, 0x4A09, 0x3125, 0x28E4, 0x3166, 0x3986, 0x3987, 0x3986, 0x4965, 0x82E9, 0x9B6A, 0x9B6A, 0x9B49, 0x9308, 0x9308,
  0x9B28, 0x9B28, 0x9308, 0x9B29, 0x9B29, 0x9B49, 0xA349, 0x9B49, 0x9B49, 0x9B69, 0x9B69, 0xA38A, 0xA38A, 0x9B8A, 0x9329, 0x82C7,
  0xBCF4, 0xBCF4, 0xBCF4, 0xB4B3, 0xE659, 0xEEBA, 0xE69A, 0xEEBA, 0xEEBA, 0xE69A, 0xCD75, 0xBCF3, 0xBCF3, 0xBCF3, 0xBCF3, 0xBCF3,
  0xBCF3, 0xBCD3, 0xBCF3, 0xBCF3, 0xBCF3, 0xAC91, 0xA450, 0xBCF2, 0xCD95, 0xA42F, 0x93AE, 0x9BEF, 0x9BEF, 0x830C, 0x830C, 0xA3F0,
  0x9BCF, 0xA410, 0xBCD3, 0xBCF3, 0xBCF3, 0xBCF3, 0xBD14, 0xA430, 0xB4B2, 0xBCF4, 0xBCF3, 0xBCF3, 0xBCD3, 0xBCF3, 0xBCF3, 0xBCD3,
  0xBCF3, 0xBCF3, 0xBCF3, 0xBCF3, 0xC4F3, 0xB4B2, 0x9BCF, 0x9BCF, 0xA3CF, 0xA3CF, 0xA3CF, 0xA3CF, 0x9BCF, 0x9BCF, 0x9BEF, 0xA410,
  0xBCD3, 0x93CF, 0x49A7, 0x20A3, 0x4186, 0x93CE, 0xB4D1, 0xC4F1, 0xC4F2, 0xC4F2, 0xC4F2, 0xC4F2, 0xC4F2, 0xC4F2, 0xC4F2, 0xC4F2,
  0xBCF2, 0xBCF2, 0xC553, 0xD5D5, 0xD5F5, 0xD5F5, 0xD5F5, 0xD5F5, 0xD5F5, 0xD5F5, 0xD5F5, 0xD5F5, 0xD5F5, 0xD5F5, 0xD5F5, 0xD5F5,
  0xD5F5, 0xD5F5, 0xD5F5, 0xD5F6, 0xD5F5, 0xD5F5, 0xD5F5, 0xD5F5, 0xD5F6, 0xD5F6, 0xD5F6, 0xD5F6, 0xD5F5, 0xD5F6, 0xD5F6, 0xD5F6,
  0xD5F5, 0xD5F5, 0xD5F5, 0xD5F5, 0xD5F5, 0xD5F5, 0xD616, 0xDE16, 0xD5B5, 0xBD13, 0xA450, 0x9BEF, 0x93AE, 0x93AE, 0x9BEF, 0xBCD3,
  0xBD13, 0xBCF3, 0xBCF4, 0xBCF4, 0xBD14, 0xBCF4, 0xBD14, 0xBCF4, 0xBD13, 0xBD13, 0xBCF3, 0xBCF3, 0xBCF3, 0xBCF3, 0xBD13, 0xBD13,
  0xC514, 0xBD14, 0xBD13, 0xBCF3, 0xBCF3, 0xBCF3, 0xBCF3, 0xBCF3, 0xBCF3, 0xBCF3, 0xBCF3, 0xBCF3, 0xBCF3, 0xBCF3, 0xBCF3, 0xBCF3,
  0xBCF3, 0xBCF3, 0xBCF3, 0xBCF3, 0xBD13, 0xAC91, 0x6A69, 0x5A07, 0x6227, 0x5A48, 0x49E7, 0x2924, 0x2945, 0x2945, 0x18E4, 0x2125,
  0x2946, 0x2945, 0x2945, 0x2945, 0x2945, 0x2945, 0x2945, 0x2945, 0x2945, 0x2945, 0x2945, 0x2945, 0x2945, 0x2945, 0x3186, 0x4A29,
  0x4A29, 0x4229, 0x2946, 0x2925, 0x2945, 0x2925, 0x2925, 0x2945, 0x2925, 0x2925, 0x2925, 0x2925, 0x2945, 0x2945, 0x2945, 0x2945,
  0x2104, 0x18C4, 0x2125, 0x2925, 0x2925, 0x2925, 0x2925, 0x2925, 0x2945, 0x2945, 0x2104, 0x2125, 0x2145, 0x2104, 0x734C, 0xD616,
  0xD5F5, 0xD5F6, 0xD5F6, 0xD5F6, 0xD616, 0xD5F6, 0xE678, 0xE698, 0xB4F1, 0xCDB4, 0xD5F5, 0xD5B4, 0xBCF2, 0xA3EF, 0xC4D3, 0xC4D3,
  0xABAF, 0xBC93, 0x8BAF, 0x41E7, 0x1904, 0x2145, 0x2125, 0x2926, 0x2145, 0x2945, 0x2925, 0x2925, 0x2926, 0x2126, 0x2925, 0x3945,
  0x7A68, 0xB44F, 0x9C2F, 0x3965, 0x39A6, 0x39A7, 0x41A7, 0x41A7, 0x3145, 0x20C3, 0x20E3, 0x20C3, 0x20E4, 0x2925, 0x3966, 0x39A7,
  0x3986, 0x39A6, 0x41C7, 0x3966, 0x49E7, 0x39A5, 0x41E5, 0xB573, 0xE6B6, 0xDE95, 0xDEB6, 0xDED5, 0xDED5, 0xE6D6, 0xDE97, 0x7B6C,
  0x526A, 0x5249, 0x3966, 0x2905, 0x3166, 0x39A7, 0x39A7, 0x3987, 0x4186, 0x51C6, 0x934A, 0x9B4A, 0x9B49, 0x9B29, 0x9328, 0x9B28,
  0x9B48, 0xA369, 0x9B49, 0x9B49, 0x9B49, 0x9B69, 0x9B69, 0xA38A, 0xA3AB, 0x9BAB, 0x936A, 0x82E8, 0x7246, 0x61E4, 0x5163, 0x5163,
  0xBCF4, 0xBCF4, 0xBCF4, 0xB4B3, 0xE659, 0xEE9A, 0xE69A, 0xEEBA, 0xEEBA, 0xE69A, 0xCD75, 0xBCF3, 0xBCF3, 0xBCF3, 0xBCF3, 0xBCF3,
  0xBCF3, 0xBCD3, 0xBD13, 0xBCD3, 0xA430, 0xB4D2, 0xCDD5, 0xD5F6, 0xDE16, 0xB4B1, 0x93AE, 0x9BEF, 0xA3EF, 0x830C, 0x936D, 0xA3CF,
  0x9BCF, 0xA3F0, 0xBCD3, 0xBCF3, 0xBCF3, 0xBCF3, 0xBD14, 0xA430, 0xB492, 0xBCF4, 0xBCF3, 0xBCF3, 0xBCF3, 0xBCF3, 0xBCF3, 0xBCF3,
  0xBCF3, 0xBCF3, 0xBCF3, 0xBCF3, 0xC514, 0xBCD3, 0xA410, 0x9BCF, 0xA3CF, 0xA3CF, 0xA3CF, 0xA3CF, 0xA3EF, 0xA3EF, 0x9BCE, 0x93AE,
  0x6A89, 0x3104, 0x20A3, 0x20C3, 0x20E3, 0x836D, 0xA44F, 0xB48F, 0xBCF2, 0xBCF1, 0xBCF2, 0xBCF2, 0xC4F2, 0xBCF2, 0xBCF2, 0xBCF2,
  0xC4F2, 0xBCF2, 0xBCF2, 0xCD94, 0xD5F6, 0xD5F5, 0xD5F5, 0xD5F5, 0xD5F5, 0xD5F5, 0xD5F5, 0xD5F5, 0xD5F5, 0xD5F5, 0xD5F5, 0xD5F5,
  0xD5F5, 0xD5F5, 0xD5F5, 0xD5F6, 0xD5F5, 0xD5F5, 0xD5F5, 0xD5F5, 0xD5F6, 0xD5F6, 0xD5F6, 0xD5F6, 0xD5F5, 0xD5F6, 0xD5F6, 0xD5F6,
  0xD5F5, 0xD5F5, 0xD5F5, 0xD5F5, 0xD5F5, 0xD5F5, 0xD5F5, 0xD5F5, 0xD5F6, 0xD5F6, 0xDDF6, 0xCDB5, 0xC554, 0xB4B1, 0xA450, 0xAC71,
  0xA450, 0xAC71, 0xAC91, 0xB4B2, 0xB4B2, 0xB4B2, 0xB4B2, 0xB4B2, 0xB4B2, 0xB4B2, 0xB4B2, 0xAC91, 0xB4B1, 0xAC91, 0xAC91, 0xAC91,
  0xAC91, 0xAC91, 0xAC91, 0xB4B1, 0xB4B2, 0xB4B2, 0xB4D2, 0xBCF3, 0xBCF3, 0xBD14, 0xBCF3, 0xBCF3, 0xBD14, 0xBCF3, 0xBCF3, 0xBCF3,
  0xBCF3, 0xBCF3, 0xBCF3, 0xBCF3, 0xBCF3, 0xBD13, 0x8B6D, 0x6227, 0x6248, 0x5A48, 0x3965, 0x2925, 0x2946, 0x2945, 0x2104, 0x2104,
  0x2125, 0x2925, 0x2945, 0x2945, 0x2945, 0x2945, 0x2945, 0x2945, 0x2945, 0x2945, 0x2945, 0x2945, 0x2945, 0x2925, 0x4208, 0x4A29,
  0x4A4A, 0x39C8, 0x2925, 0x2945, 0x2925, 0x2925, 0x2925, 0x2945, 0x2925, 0x2925, 0x2925, 0x2925, 0x2945, 0x2945, 0x2945, 0x2945,
  0x2104, 0x18E4, 0x2125, 0x2925, 0x2925, 0x2925, 0x2925, 0x2925, 0x2945, 0x2125, 0x2104, 0x2945, 0x2146, 0x2104, 0x62AA, 0xCDD5,
  0xD5D5, 0xD5D5, 0xD5F6, 0xD616, 0xD5F6, 0xD5F6, 0xE6B8, 0xEED9, 0xAC90, 0xBD32, 0xCD74, 0xC512, 0x9BCE, 0xBCB2, 0xCCF4, 0xB431,
  0xB431, 0xB471, 0x9C51, 0x5249, 0x18E3, 0x2145, 0x2945, 0x2946, 0x2946, 0x2945, 0x2945, 0x2945, 0x2105, 0x2926, 0x30E5, 0x59A7,
  0x7A08, 0x71E7, 0x8AEC, 0x59C7, 0x4166, 0x41A7, 0x41A7, 0x39A7, 0x2904, 0x18A3, 0x20E4, 0x2904, 0x3145, 0x3986, 0x39A7, 0x3986,
  0x41A6, 0x41A6, 0x3144, 0x5A89, 0x7BAD, 0x39A4, 0x946E, 0xDED7, 0xDE96, 0xE696, 0xE696, 0xE6B5, 0xE6B5, 0xDE55, 0xBD72, 0x62AA,
  0x5249, 0x3987, 0x2925, 0x3166, 0x39A7, 0x3986, 0x3987, 0x3986, 0x3965, 0x6A47, 0x9B6A, 0x9B29, 0x9B49, 0x9B49, 0x9B49, 0x9B69,
  0x9B69, 0xA38A, 0x9B6A, 0xA38A, 0xA38B, 0xA3AB, 0x9B8A, 0x8B08, 0x7A67, 0x61E5, 0x5983, 0x5163, 0x5183, 0x59C4, 0x6A46, 0x7287,
  0xBCF4, 0xBCF4, 0xBCD3, 0xB4D3, 0xE67A, 0xEE9A, 0xE69A, 0xEEBA, 0xEEBA, 0xE69A, 0xCD75, 0xBCF3, 0xBCF3, 0xBCF3, 0xBCF3, 0xBCF3,
  0xBCD3, 0xC514, 0xB4B2, 0xA430, 0xBD33, 0xD5F6, 0xD5F6, 0xD5F6, 0xD5F6, 0xBD12, 0x93AD, 0xA40F, 0x8B4D, 0x8B2C, 0xA3CF, 0xA3CF,
  0x9BCF, 0xA3EF, 0xBCB3, 0xBCF3, 0xBCF3, 0xBCF3, 0xBD14, 0xA430, 0xB492, 0xC514, 0xBCF4, 0xC514, 0xC514, 0xBCF4, 0xBCF4, 0xBCF4,
  0xBCF3, 0xBCF3, 0xBCF3, 0xBCF4, 0xC4F4, 0xBCF3, 0xAC31, 0x9BCF, 0xA3D0, 0xA3CF, 0xA3CF, 0xA3CF, 0x9BAE, 0x938D, 0x938D, 0xA430,
  0x730B, 0x20C2, 0x2104, 0x18E4, 0x18C3, 0x62CA, 0xBD12, 0xCD52, 0xCD73, 0xC553, 0xBD12, 0xBD12, 0xBCF2, 0xBCF2, 0xBCF2, 0xBCF2,
  0xBCF2, 0xC512, 0xC513, 0xD5B5, 0xD5F6, 0xD5F5, 0xD5F5, 0xD5F5, 0xD5F5, 0xD5F5, 0xD5F5, 0xD5F5, 0xD5F5, 0xD5F5, 0xD5F5, 0xD5F5,
  0xD5F5, 0xD5F5, 0xD5F5, 0xD5F6, 0xD5F5, 0xD5F5, 0xD5F5, 0xD5F5, 0xD5F6, 0xD5F6, 0xD5F6, 0xD5F6, 0xD5F5, 0xD5F6, 0xD5F6, 0xD5F6,
  0xD5F5, 0xD5F5, 0xD5F5, 0xD5F5, 0xD5F5, 0xD5F5, 0xD5F5, 0xD5F5, 0xD5F5, 0xD5F5, 0xD5F5, 0xD5F6, 0xD5F6, 0xDDF6, 0xDDF6, 0xCD95,
  0xCD74, 0xC554, 0xBD33, 0xB4F2, 0xB4D2, 0xB4D2, 0xB4D2, 0xB4D2, 0xB4D2, 0xB4D2, 0xBCF2, 0xBCF2, 0xBD13, 0xBD13, 0xBD33, 0xC533,
  0xBD13, 0xBD13, 0xBCF2, 0xBCF2, 0xB4D2, 0xB4B1, 0xAC91, 0xAC91, 0xAC71, 0xAC92, 0xB4B2, 0xBCD3, 0xBCF3, 0xBD14, 0xBD14, 0xBCF3,
  0xBCD3, 0xBCF3, 0xBCF3, 0xBD13, 0xBCF3, 0xBD13, 0xAC71, 0x6248, 0x5A47, 0x51E7, 0x2904, 0x2925, 0x2145, 0x2945, 0x2104, 0x2104,
  0x20E4, 0x2125, 0x2945, 0x2945, 0x2945, 0x2945, 0x2945, 0x2945, 0x2945, 0x2945, 0x2945, 0x2945, 0x2125, 0x2966, 0x4A29, 0x4229,
  0x4229, 0x3166, 0x2125, 0x2925, 0x2925, 0x2925, 0x2925, 0x2945, 0x2925, 0x2925, 0x2925, 0x2925, 0x2945, 0x2945, 0x2945, 0x2945,
  0x2125, 0x18E4, 0x2925, 0x2925, 0x2925, 0x2925, 0x2925, 0x2925, 0x2945, 0x2104, 0x2104, 0x2945, 0x2146, 0x2105, 0x5248, 0xCDB5,
  0xD5F5, 0xD5D5, 0xD5F6, 0xD5F6, 0xD5F6, 0xD5F6, 0xDE57, 0xE657, 0xAC91, 0xB4D2, 0xC533, 0xA42F, 0xB450, 0xC4F4, 0xC4D4, 0xBC93,
  0xBCB2, 0xAC50, 0xBD14, 0x5A49, 0x20C3, 0x2945, 0x2945, 0x2945, 0x2926, 0x2945, 0x2945, 0x2144, 0x2125, 0x2905, 0x4906, 0x71C8,
  0x89E9, 0x89E9, 0x79C9, 0x6187, 0x4946, 0x4187, 0x41A7, 0x3986, 0x20C3, 0x28E4, 0x3145, 0x3986, 0x39A7, 0x3986, 0x3987, 0x41A7,
  0x3985, 0x3985, 0x734C, 0xB574, 0x4A26, 0x736A, 0xD696, 0xDEB6, 0xDEB6, 0xE6B6, 0xE675, 0xDDF3, 0xCD50, 0xAC8E, 0x7B4A, 0x5228,
  0x41C7, 0x2925, 0x3986, 0x39A7, 0x3987, 0x3986, 0x3166, 0x3145, 0x4165, 0x7AC9, 0x9B4A, 0xA349, 0xA369, 0xA36A, 0x9B8A, 0xA38A,
  0xA3AA, 0xA3CB, 0xA3AB, 0x934A, 0x82C8, 0x6A25, 0x59A3, 0x5162, 0x5163, 0x61C4, 0x7226, 0x7A87, 0x8AE8, 0x8B09, 0x9329, 0x8B09,
  0xBCF4, 0xBCF4, 0xB4D3, 0xB4F3, 0xE67A, 0xEE9A, 0xE69A, 0xEEBA, 0xEEBA, 0xE69A, 0xCD75, 0xBCF3, 0xBCF3, 0xBCF3, 0xBCF3, 0xBCF3,
  0xBCF3, 0xAC71, 0xA450, 0xCD75, 0xD5F6, 0xD5F6, 0xCDF5, 0xD5F5, 0xDDF6, 0xCD94, 0x93CE, 0x93AE, 0x830C, 0x9BAF, 0xA3CF, 0xA3CF,
  0x9BCF, 0xA3EF, 0xBCB3, 0xC4F4, 0xBCF3, 0xBCF3, 0xBCF4, 0xA410, 0xB492, 0xB4B3, 0xAC71, 0xAC51, 0xAC71, 0xB492, 0xB4B2, 0xB4B2,
  0xB4B2, 0xB4D2, 0xBCD3, 0xBCF3, 0xBCF3, 0xC4F3, 0xAC51, 0x9BCF, 0xA3F0, 0xA3CF, 0x936D, 0x936D, 0x938D, 0xA40F, 0xBCD2, 0xBCF2,
  0xB512, 0x62CA, 0x18C2, 0x18E4, 0x18C3, 0x39A5, 0xB4D1, 0xD5B4, 0xD5F5, 0xD5F5, 0xD5D5, 0xD5B5, 0xCD94, 0xCD74, 0xCD74, 0xCD74,
  0xD594, 0xD595, 0xD5D5, 0xDDF6, 0xD5F5, 0xD5F5, 0xD5F5, 0xD5F5, 0xD5F5, 0xD5F5, 0xD5F5, 0xD5F5, 0xD5F5, 0xD5F5, 0xD5F5, 0xD5F5,
  0xD5F5, 0xD5F5, 0xD5F5, 0xD5F6, 0xD5F5, 0xD5F5, 0xD5F5, 0xD5F5, 0xD5F6, 0xD5F6, 0xD5F6, 0xD5F6, 0xD5F5, 0xD5F6, 0xD5F6, 0xD5F6,
  0xD5D6, 0xD5D6, 0xD5D6, 0xD5D6, 0xD5F5, 0xD5F5, 0xD5F5, 0xD5F5, 0xD5F5, 0xD615, 0xD5F5, 0xD5F5, 0xD5F5, 0xD5D5, 0xD5F5, 0xD5F6,
  0xD5F6, 0xD5F6, 0xD5F6, 0xD616, 0xD616, 0xD616, 0xD616, 0xD616, 0xDDF6, 0xDDF6, 0xDDF6, 0xDDF6, 0xDDF6, 0xDDF6, 0xDDF6, 0xDDF6,
  0xDDF6, 0xDDF6, 0xDDF6, 0xDDF6, 0xD5F6, 0xD5F6, 0xD5D5, 0xD5B5, 0xCD75, 0xBD14, 0xB4B2, 0xAC92, 0xAC51, 0xAC71, 0xB4B2, 0xBCF3,
  0xC514, 0xBCF3, 0xBCF3, 0xBCF3, 0xBCF3, 0xBCF3, 0xBD13, 0x7B0B, 0x5A27, 0x4185, 0x2904, 0x2125, 0x2125, 0x2125, 0x20E4, 0x2104,
  0x18E4, 0x2925, 0x2945, 0x2946, 0x2945, 0x2945, 0x2945, 0x2945, 0x2945, 0x2945, 0x2945, 0x2945, 0x2125, 0x39E8, 0x4A29, 0x4A49,
  0x41E8, 0x2946, 0x2125, 0x2925, 0x2925, 0x2925, 0x2925, 0x2945, 0x2925, 0x2925, 0x2925, 0x2925, 0x2945, 0x2945, 0x2945, 0x2945,
  0x2125, 0x18E4, 0x2925, 0x2925, 0x2925, 0x2925, 0x2925, 0x2925, 0x2125, 0x2104, 0x2925, 0x2945, 0x2146, 0x2104, 0x4A08, 0xCDD5,
  0xDE37, 0xD616, 0xD5F6, 0xCDD5, 0xD5F6, 0xD616, 0xD5F5, 0xD616, 0xAC91, 0xB4D2, 0xB4B1, 0xA3EF, 0xC4F3, 0xC4D3, 0xC4D4, 0xCCF5,
  0xAC71, 0xB4D2, 0xCD95, 0x6269, 0x20C3, 0x2945, 0x2945, 0x2945, 0x2926, 0x2945, 0x2164, 0x2144, 0x2125, 0x3105, 0x6167, 0x89E9,
  0x89A9, 0x89A9, 0x81C9, 0x79C9, 0x5947, 0x4966, 0x41A7, 0x2945, 0x3145, 0x3986, 0x41A7, 0x41A7, 0x39A6, 0x3986, 0x3986, 0x41A7,
  0x62CA, 0xAD13, 0xD657, 0x62E9, 0x6B09, 0xD676, 0xDEB6, 0xDEB5, 0xDE95, 0xCDF3, 0xC510, 0xAC2D, 0x9B8A, 0x72C8, 0x5A68, 0x4A08,
  0x41E8, 0x39A7, 0x3987, 0x3986, 0x3986, 0x3987, 0x3145, 0x3145, 0x51E6, 0x8B6B, 0xA36A, 0xA369, 0xA38A, 0xA3CB, 0xA3CB, 0xA38A,
  0x9329, 0x7A66, 0x61E4, 0x5963, 0x5163, 0x59A4, 0x6A25, 0x7AA7, 0x8AE8, 0x9309, 0x9329, 0x9309, 0x92E8, 0x92C8, 0x8AC7, 0x92E8,
  0xBCF4, 0xBD14, 0xB4D3, 0xB4F3, 0xE69A, 0xE69A, 0xEEBA, 0xE69A, 0xEEBA, 0xEE9A, 0xCD76, 0xBCF4, 0xBCF4, 0xBCF3, 0xBD13, 0xB4F2,
  0xA44F, 0xACB1, 0xD5D5, 0xD5F6, 0xD5F6, 0xD5F6, 0xD5F6, 0xD5F6, 0xD5F6, 0xD5F6, 0x9C30, 0x830C, 0x93AE, 0x9BF0, 0x9BCF, 0xA3D0,
  0xA3D0, 0xA3D0, 0xBC93, 0xC4F4, 0xC4F4, 0xBCF4, 0xC514, 0xAC51, 0x9BF0, 0x832D, 0x8B6E, 0x938E, 0xB4D3, 0xBD13, 0xB4F2, 0xB4D2,
  0xB4B1, 0xACB1, 0xAC91, 0xAC70, 0xA450, 0xA430, 0xA40F, 0x9BCE, 0x72AA, 0x6227, 0x8B6C, 0xAC70, 0xBCD1, 0xBCF2, 0xBCF1, 0xBCD1,
  0xC4D1, 0xBCD2, 0x72EA, 0x20E3, 0x20C3, 0x20C3, 0x940F, 0xD5F6, 0xD5F5, 0xD5F6, 0xD616, 0xD616, 0xD5F6, 0xD5F6, 0xD5F6, 0xD5F6,
  0xD5F6, 0xD5F6, 0xD5F6, 0xD5F6, 0xD5F6, 0xD5F6, 0xD5F6, 0xD5F6, 0xD5F5, 0xD5F5, 0xD5F5, 0xD5F5, 0xD5F5, 0xD5F5, 0xD5F5, 0xD5F5,
  0xD5F5, 0xD5F5, 0xD5F5, 0xD5F5, 0xD5F5, 0xD5F5, 0xD5F5, 0xD5F5, 0xD5F5, 0xD5F5, 0xD5F5, 0xD5F5, 0xD5F5, 0xD5F5, 0xD5F5, 0xD5F5,
  0xD5F5, 0xD5F5, 0xD5F5, 0xD5F5, 0xD5F5, 0xD5F5, 0xD5F5, 0xD5F5, 0xD5F5, 0xD5F5, 0xD5F5, 0xD5F5, 0xD5F6, 0xD5F6, 0xD5F6, 0xD5F6,
  0xD5F5, 0xD5F5, 0xD5F5, 0xD5F5, 0xD5F5, 0xD5F5, 0xD5F5, 0xD5F5, 0xD5F5, 0xD5F5, 0xD5F5, 0xD5F5, 0xD5F5, 0xD5F5, 0xD5F5, 0xD5F5,
  0xD5F5, 0xD5F5, 0xD5F5, 0xD5F5, 0xD5F5, 0xD5F5, 0xD5F5, 0xD5F6, 0xD5F6, 0xD5F6, 0xD5F6, 0xD5D5, 0xCD94, 0xBD12, 0xAC90, 0xA470,
  0xAC70, 0xB4D2, 0xBCF3, 0xBCF4, 0xC4F4, 0xBCD3, 0xC513, 0xA40F, 0x51E7, 0x3125, 0x2945, 0x2145, 0x2946, 0x2925, 0x20E4, 0x18A3,
  0x18C4, 0x2125, 0x2125, 0x2125, 0x2925, 0x2925, 0x2945, 0x2945, 0x2945, 0x2945, 0x2945, 0x2945, 0x2966, 0x4229, 0x422A, 0x422A,
  0x31A7, 0x2925, 0x2925, 0x2945, 0x2945, 0x2945, 0x2945, 0x2945, 0x2125, 0x2945, 0x2925, 0x2925, 0x2945, 0x2945, 0x2945, 0x2945,
  0x2125, 0x2104, 0x2945, 0x2945, 0x2945, 0x2945, 0x2945, 0x2925, 0x2105, 0x2125, 0x2945, 0x2925, 0x2945, 0x2125, 0x31A6, 0x8410,
  0x9430, 0x83AE, 0x5A8A, 0x83CE, 0xD616, 0xDDF5, 0xD5F6, 0xD5F6, 0xAC90, 0xB4D2, 0xA3EF, 0xBC92, 0xCCD4, 0xCCD4, 0xC4D4, 0xC4D4,
  0xA430, 0xCDB5, 0xCDB5, 0x62A9, 0x20E3, 0x2945, 0x2925, 0x2926, 0x2146, 0x2145, 0x2145, 0x2124, 0x2904, 0x40E5, 0x79C9, 0x89A9,
  0x91A9, 0x89A9, 0x81C9, 0x81E9, 0x71A8, 0x5105, 0x3945, 0x3185, 0x39A6, 0x3986, 0x4166, 0x4186, 0x3965, 0x39A6, 0x6AEB, 0xA4D2,
  0xBDD5, 0xA532, 0x5AC8, 0x736A, 0xD675, 0xE6B6, 0xDE34, 0xCD91, 0xAC6E, 0x9B8B, 0x8B09, 0x82A8, 0x7247, 0x7289, 0x5228, 0x5A6A,
  0x5228, 0x3986, 0x3986, 0x3966, 0x3986, 0x3986, 0x4186, 0x3944, 0x7286, 0x9BAB, 0x9BAB, 0xA3CB, 0x9B8A, 0x82E8, 0x7246, 0x61C4,
  0x5163, 0x5983, 0x69E5, 0x7A46, 0x8AC8, 0x9308, 0x9B29, 0x9B29, 0x9309, 0x8AE8, 0x8AC8, 0x8AC7, 0x8AE8, 0x9308, 0x9308, 0x9B28,
  0xBCD3, 0xBCF4, 0xB4D3, 0xB514, 0xE69A, 0xE69A, 0xEEBA, 0xE69A, 0xE69A, 0xEE9A, 0xCDB6, 0xBCF3, 0xBCF3, 0xB4B2, 0xAC71, 0xA470,
  0xBD33, 0xD5F6, 0xD5F5, 0xD5F6, 0xD5F6, 0xD5F6, 0xD5F6, 0xD5F6, 0xD5F6, 0xD5F6, 0xBD33, 0x832C, 0x93AE, 0x9BCF, 0x9BCF, 0x9BCF,
  0x9BEF, 0x9BCF, 0xB492, 0xC4F4, 0xC514, 0xC514, 0xBCF3, 0xBD14, 0xAC51, 0x938E, 0x8B6D, 0x8B8D, 0xD5B6, 0xDE17, 0xDE17, 0xD616,
  0xD5F6, 0xD5D6, 0xCD94, 0xBCF2, 0xB4D1, 0xBCD2, 0xB4B1, 0x938D, 0x7ACA, 0x9C0F, 0xBCF2, 0xBCF2, 0xBCF1, 0xBCF1, 0xBCF1, 0xC4F1,
  0xC4D1, 0xBCD1, 0xBD13, 0x838D, 0x3965, 0x1881, 0x6ACA, 0xCDF6, 0xD5F5, 0xD5F6, 0xD5F6, 0xD5F6, 0xD5F5, 0xD5F5, 0xD5F5, 0xD5F5,
  0xD5F6, 0xD5F6, 0xD5F6, 0xD5F6, 0xD5F6, 0xD5F6, 0xD5F6, 0xD5F6, 0xD5F5, 0xD5F5, 0xD5F5, 0xD5F5, 0xD5F5, 0xD5F5, 0xD5F5, 0xD5F5,
  0xD5F5, 0xD5F5, 0xD5F5, 0xD5F5, 0xD5F5, 0xD5F5, 0xD5F5, 0xD5F5, 0xD5F5, 0xD5F5, 0xD5F5, 0xD5F5, 0xD5F5, 0xD5F5, 0xD5F5, 0xD5F5,
  0xD5F5, 0xD5F5, 0xD5F5, 0xD5F5, 0xD5F5, 0xD5F5, 0xD5F5, 0xD5F5, 0xD5F5, 0xD5F5, 0xD5F5, 0xD5F5, 0xD5F6, 0xD5F6, 0xD5F6, 0xD5F6,
  0xD5F5, 0xD5F5, 0xD5F5, 0xD5F5, 0xD5F5, 0xD5F5, 0xD5F5, 0xD5F5, 0xD5F5, 0xD5F5, 0xD5F5, 0xD5F5, 0xD5F5, 0xD5F5, 0xD5F5, 0xD5F5,
  0xD5F5, 0xD5F5, 0xD5F5, 0xD5F5, 0xD5F5, 0xD5F5, 0xD5F5, 0xD5F5, 0xD5F5, 0xD5F5, 0xD5F5, 0xD5F6, 0xD5F6, 0xD616, 0xD5F6, 0xCDB4,
  0xBD12, 0xAC90, 0xAC50, 0xB4B2, 0xBCF4, 0xC4F3, 0xBCD3, 0xBCD3, 0x5A29, 0x2904, 0x2945, 0x2145, 0x2925, 0x2946, 0x2104, 0x10A2,
  0x2105, 0x2945, 0x2125, 0x2125, 0x2125, 0x2105, 0x2105, 0x2105, 0x2125, 0x2125, 0x2125, 0x2104, 0x31A7, 0x4A4A, 0x422A, 0x4229,
  0x2966, 0x2925, 0x2945, 0x2925, 0x2945, 0x2945, 0x2945, 0x2945, 0x2945, 0x2925, 0x2125, 0x2925, 0x2945, 0x2945, 0x2945, 0x2945,
  0x2125, 0x2104, 0x2945, 0x2945, 0x2945, 0x2945, 0x2946, 0x2105, 0x2105, 0x2925, 0x2945, 0x2925, 0x2945, 0x2125, 0x2925, 0x2125,
  0x2904, 0x2904, 0x20E4, 0x5A89, 0xCDD5, 0xD5F5, 0xDE16, 0xCDD5, 0xAC90, 0xA42F, 0xAC30, 0xCCD4, 0xC4B3, 0xCCD4, 0xCCF4, 0xB451,
  0xBCF2, 0xD5F6, 0xC5B5, 0x5A89, 0x20E3, 0x2945, 0x2926, 0x2926, 0x2925, 0x2946, 0x2125, 0x2925, 0x3104, 0x5967, 0x79E9, 0x89A9,
  0x91A9, 0x89CA, 0x81C9, 0x89C9, 0x8188, 0x7147, 0x5947, 0x4966, 0x41A6, 0x3966, 0x3924, 0x3124, 0x3164, 0x31A5, 0x4A47, 0x5268,
  0x5226, 0x5A87, 0x9C6E, 0xDE96, 0xDE55, 0xC571, 0xB48D, 0x9BCA, 0x936A, 0x8AE8, 0x8AE8, 0x92E9, 0x8B0A, 0x834C, 0x628A, 0x62AA,
  0x41C7, 0x3986, 0x3986, 0x3986, 0x3966, 0x49E7, 0x5227, 0x49A5, 0x9BAB, 0x9B8B, 0x8B09, 0x7226, 0x59A4, 0x5963, 0x59A4, 0x6A05,
  0x7A87, 0x8AE9, 0x9329, 0x9329, 0x9B29, 0x9308, 0x92E8, 0x92C7, 0x8AE7, 0x9308, 0x9328, 0x9328, 0x9B29, 0x9B29, 0x9B49, 0xA36A,
  0xBCD3, 0xBCF4, 0xB4D3, 0xBD14, 0xEE9A, 0xE69A, 0xEE9A, 0xF6DB, 0xEEBA, 0xE679, 0xC534, 0xAC71, 0xAC91, 0xAC91, 0xC533, 0xD5D5,
  0xD5F6, 0xD5D5, 0xD5F6, 0xD5F6, 0xD5F6, 0xD5F6, 0xD5F6, 0xD5F6, 0xD5F6, 0xD5F5, 0xD5F6, 0xBD13, 0xA42F, 0x9BEE, 0x93AE, 0x938E,
  0x93AE, 0x93CE, 0xA450, 0xB4B2, 0xB4B2, 0xB4B2, 0xB4B2, 0xB4D2, 0xB4B2, 0xA450, 0x93CE, 0xA470, 0xD5D6, 0xD5D5, 0xD5F6, 0xD5F6,
  0xD5B5, 0xCD74, 0xBD12, 0xBD12, 0xBCF2, 0xAC70, 0x9BEE, 0xA42F, 0xBCF2, 0xC513, 0xBCD2, 0xBCF2, 0xBD12, 0xBCF2, 0xBCF2, 0xBD11,
  0xBCF1, 0xBCF1, 0xBCD2, 0xBD13, 0xAC71, 0x6A89, 0x5206, 0xC574, 0xD5F6, 0xD5F5, 0xD5F6, 0xD5F5, 0xD5F5, 0xD5F5, 0xD5F5, 0xD5F5,
  0xD5F6, 0xD5F6, 0xD5F6, 0xD5F6, 0xD5F6, 0xD5F6, 0xD5F6, 0xD5F6, 0xD5F5, 0xD5F5, 0xD5F5, 0xD5F5, 0xD5F5, 0xD5F5, 0xD5F5, 0xD5F5,
  0xD5F5, 0xD5F5, 0xD5F5, 0xD5F5, 0xD5F5, 0xD5F5, 0xD5F5, 0xD5F5, 0xD5F5, 0xD5F5, 0xD5F5, 0xD5F5, 0xD5F5, 0xD5F5, 0xD5F5, 0xD5F5,
  0xD5F5, 0xD5F5, 0xD5F5, 0xD5F5, 0xD5F5, 0xD5F5, 0xD5F5, 0xD5F5, 0xD5F5, 0xD5F5, 0xD5F5, 0xD5F5, 0xD5F6, 0xD5F6, 0xD5F6, 0xD5F6,
  0xD5F5, 0xD5F5, 0xD5F5, 0xD5F5, 0xD5F5, 0xD5F5, 0xD5F5, 0xD5F5, 0xD5F5, 0xD5F5, 0xD5F5, 0xD5F5, 0xD5F5, 0xD5F5, 0xD5F5, 0xD5F5,
  0xD5F5, 0xD5F5, 0xD5F5, 0xD5F5, 0xD5F5, 0xD5F5, 0xD5F5, 0xD5F5, 0xD5D5, 0xD5D5, 0xD5F6, 0xD5F6, 0xD5F5, 0xD5F6, 0xD5D5, 0xD5F6,
  0xDE16, 0xD5D6, 0xCD75, 0x9BEF, 0x8B8D, 0xB4B2, 0xC4F3, 0xC514, 0x836E, 0x3105, 0x2946, 0x2945, 0x2946, 0x2945, 0x2104, 0x18C3,
  0x2125, 0x2945, 0x2945, 0x2945, 0x2945, 0x2945, 0x2925, 0x2945, 0x2145, 0x2145, 0x2125, 0x2946, 0x4209, 0x4229, 0x4A4A, 0x39E8,
  0x2925, 0x2945, 0x2945, 0x2925, 0x2945, 0x2945, 0x2945, 0x2945, 0x2945, 0x2925, 0x2125, 0x2125, 0x2945, 0x2945, 0x2945, 0x2945,
  0x2125, 0x2104, 0x2945, 0x2945, 0x2945, 0x2945, 0x2925, 0x2104, 0x2125, 0x2925, 0x2925, 0x2945, 0x2945, 0x2105, 0x2125, 0x2125,
  0x2925, 0x2925, 0x2105, 0x41E7, 0xC574, 0xD5F5, 0xD5F5, 0xCDD5, 0xA450, 0x9BCE, 0xC4D3, 0xC4D3, 0xC4D4, 0xC4D4, 0xBCB3, 0xA3EF,
  0xCD94, 0xD5D6, 0xC5B5, 0x5A69, 0x20E3, 0x2945, 0x2945, 0x2926, 0x2925, 0x2925, 0x2104, 0x2925, 0x3105, 0x5167, 0x6988, 0x7147,
  0x7147, 0x7988, 0x79A9, 0x89C9, 0x7948, 0x8168, 0x81A9, 0x6967, 0x8B2D, 0xA450, 0xA450, 0x83CD, 0x738B, 0x6B8B, 0x738B, 0x8C0D,
  0xB510, 0xDE34, 0xDE35, 0xC551, 0xAC6D, 0x9BCB, 0x9B8A, 0xA38A, 0xA3AA, 0xA38A, 0xA38A, 0x9B4A, 0x936B, 0x830B, 0x628A, 0x5A6A,
  0x39A7, 0x39A7, 0x3986, 0x3986, 0x3965, 0x6ACB, 0x49C6, 0x51E6, 0x7267, 0x61A4, 0x5963, 0x6184, 0x7226, 0x8288, 0x930A, 0x9B2A,
  0x9B49, 0x9329, 0x9308, 0x8B08, 0x8B08, 0x9308, 0x9328, 0x9B29, 0x9B49, 0x9B49, 0xA36A, 0xA38A, 0xA38A, 0xA38A, 0x9B49, 0x8AE8,
  0xBCF4, 0xBCF4, 0xB4D3, 0xBD14, 0xEE9A, 0xEEBA, 0xE659, 0xCD76, 0xACB2, 0xACB2, 0xC534, 0xC574, 0xCDB5, 0xD5F6, 0xD5F6, 0xD5D5,
  0xD5F5, 0xD5F5, 0xD5F6, 0xD5F5, 0xD5F6, 0xD5F6, 0xD5F6, 0xD5F6, 0xD5F5, 0xD5F5, 0xD5F5, 0xDE16, 0xDDF6, 0xD5B5, 0xCD74, 0xC554,
  0xC533, 0xBD12, 0xBD12, 0xBCF2, 0xB512, 0xBD12, 0xB512, 0xBD33, 0xC533, 0xC574, 0xCD95, 0xDDF6, 0xD5F6, 0xD5F5, 0xD5F5, 0xCD94,
  0xC533, 0xBCF2, 0xBCD1, 0xA42F, 0xA40F, 0xAC2F, 0xBCD1, 0xC533, 0xC553, 0xCD94, 0xCD74, 0xC533, 0xBD12, 0xBCF2, 0xBCF1, 0xBCF1,
  0xBD11, 0xBCF1, 0xC4F2, 0xC4D2, 0xC4D2, 0xBCF2, 0x9C0E, 0xACD1, 0xD616, 0xD5F5, 0xD5F6, 0xD5F5, 0xD5F5, 0xD5F5, 0xD5F5, 0xD5F5,
  0xD5F6, 0xD5F6, 0xD5F6, 0xD5F6, 0xD5F6, 0xD5F6, 0xD5F6, 0xD5F6, 0xD5F5, 0xD5F5, 0xD5F5, 0xD5F5, 0xD5F5, 0xD5F5, 0xD5F5, 0xD5F5,
  0xD5F5, 0xD5F5, 0xD5F5, 0xD5F5, 0xD5F5, 0xD5F5, 0xD5F5, 0xD5F5, 0xD5F5, 0xD5F5, 0xD5F5, 0xD5F5, 0xD5F5, 0xD5F5, 0xD5F5, 0xD5F5,
  0xD5F5, 0xD5F5, 0xD5F5, 0xD5F5, 0xD5F5, 0xD5F5, 0xD5F5, 0xD5F5, 0xD5F5, 0xD5F5, 0xD5F5, 0xD5F5, 0xD5F6, 0xD5F6, 0xD5F6, 0xD5F6,
  0xD5F5, 0xD5F5, 0xD5F5, 0xD5F5, 0xD5F5, 0xD5F5, 0xD5F5, 0xD5F5, 0xD5F5, 0xD5F5, 0xD5F5, 0xD5F5, 0xD5F5, 0xD5F5, 0xD5F5, 0xD5F5,
  0xD5F5, 0xD5F5, 0xD5F5, 0xD5F5, 0xD5F5, 0xD5F5, 0xD5F5, 0xD5F5, 0xD5F6, 0xD5F6, 0xD5F6, 0xD5F6, 0xD5F6, 0xD5F6, 0xD5F6, 0xD5F5,
  0xD5D5, 0xD5D6, 0xDDF6, 0xC534, 0x8B4C, 0x938D, 0x9BCF, 0xBCD3, 0xAC72, 0x3986, 0x2945, 0x2946, 0x2946, 0x2945, 0x2104, 0x18E3,
  0x2145, 0x2925, 0x2945, 0x2945, 0x2925, 0x2945, 0x2945, 0x2945, 0x2945, 0x2945, 0x2125, 0x31A7, 0x4229, 0x4229, 0x422A, 0x31A7,
  0x2125, 0x2945, 0x2925, 0x2945, 0x2945, 0x2945, 0x2945, 0x2945, 0x2925, 0x2945, 0x2125, 0x2105, 0x2945, 0x2945, 0x2945, 0x2945,
  0x2125, 0x2104, 0x2945, 0x2925, 0x2925, 0x2945, 0x2104, 0x2125, 0x2925, 0x2925, 0x2925, 0x2945, 0x2925, 0x2945, 0x2925, 0x2105,
  0x2905, 0x2946, 0x2125, 0x3165, 0xACD2, 0xDE16, 0xD5F5, 0xCDB5, 0x8B6D, 0xAC51, 0xC4F4, 0xC4D4, 0xC4D4, 0xCCF4, 0xA3F0, 0xA40F,
  0xDDF6, 0xD5D6, 0xC595, 0x4A28, 0x2104, 0x2945, 0x2945, 0x2945, 0x2925, 0x2105, 0x2125, 0x2945, 0x2925, 0x3105, 0x4126, 0x5126,
  0x5126, 0x5126, 0x50E5, 0x5906, 0x6927, 0x81A9, 0x8188, 0x7947, 0x79E8, 0x8AAB, 0xC4D2, 0xE678, 0xDEB7, 0xDEB7, 0xE6D7, 0xEEB7,
  0xE634, 0xC550, 0xAC4C, 0x9BAA, 0x9B8A, 0xA38A, 0xAB8B, 0xAB6A, 0xA369, 0xA349, 0xA349, 0x9B6A, 0xA3CC, 0x832B, 0x6AAA, 0x4A08,
  0x39A7, 0x39A7, 0x3986, 0x3986, 0x3965, 0x49A5, 0x3923, 0x4984, 0x59A4, 0x7226, 0x82A8, 0x9309, 0x9B4A, 0x9B4A, 0x9309, 0x9308,
  0x9307, 0x9308, 0x9328, 0x9B49, 0x9B69, 0x9B6A, 0x9B8A, 0xA3AB, 0xA3AB, 0xA3AB, 0x934A, 0x8AE9, 0x7267, 0x61C4, 0x5142, 0x4101,
  0xBCF4, 0xBCF4, 0xB4D3, 0xBCF4, 0xEE9A, 0xC535, 0x9BEF, 0x93CF, 0x938E, 0xAC91, 0xDE17, 0xD5F5, 0xD5F5, 0xD5F5, 0xD5F5, 0xD5D5,
  0xD5F6, 0xD5F5, 0xD5F6, 0xD5F6, 0xD5F6, 0xD5F6, 0xD5F6, 0xD5F6, 0xD5F5, 0xD5F5, 0xD5F5, 0xD5D5, 0xD5D5, 0xD5F6, 0xDDF6, 0xDDF6,
  0xD5F6, 0xD5F6, 0xD616, 0xD616, 0xD616, 0xD616, 0xD616, 0xD616, 0xDDF6, 0xDDF6, 0xD5F6, 0xD5F5, 0xD5F5, 0xD5D5, 0xC573, 0xBD12,
  0xBCF2, 0xBCF2, 0xB491, 0xB490, 0xBCF2, 0xC533, 0xCD74, 0xD5B5, 0xD5F5, 0xD5F6, 0xD5F6, 0xD5D5, 0xCD94, 0xC532, 0xBCF2, 0xBD12,
  0xBD11, 0xBCF1, 0xC4F2, 0xC4D2, 0xC4D2, 0xBCF2, 0xB4D1, 0xA490, 0xD5D5, 0xD5F6, 0xD5F6, 0xD5F5, 0xD5F5, 0xD5F5, 0xD5F5, 0xD5F5,
  0xD5F5, 0xD5F5, 0xD5F5, 0xD5F5, 0xD5F5, 0xD5F5, 0xD5F5, 0xD5F5, 0xD5F5, 0xD5F5, 0xD5F5, 0xD5F5, 0xD5F5, 0xD5F5, 0xD5F5, 0xD5F5,
  0xD5F5, 0xD5F5, 0xD5F5, 0xD5F5, 0xD5F6, 0xD5F6, 0xD5F6, 0xD5F6, 0xD5F6, 0xD5F5, 0xD5F5, 0xD5F5, 0xD5F5, 0xD5F5, 0xD5F5, 0xD5F5,
  0xD5F5, 0xD5F5, 0xD5F5, 0xD5F5, 0xD5F5, 0xD5F5, 0xD5F5, 0xD5F5, 0xD5F5, 0xD5F5, 0xD5F5, 0xD5F5, 0xD5F5, 0xD5F5, 0xD5F5, 0xD5F5,
  0xD5F5, 0xD5F5, 0xD5F5, 0xD5F5, 0xD5F5, 0xD5F5, 0xD5F5, 0xD5F5, 0xD5F5, 0xD5F5, 0xD5F5, 0xD5F5, 0xD5F5, 0xD5F5, 0xD5F5, 0xD5F5,
  0xD5F5, 0xD5F5, 0xD5F5, 0xD5F5, 0xD5F5, 0xD5F5, 0xD5F5, 0xD5F5, 0xD5F6, 0xD5F6, 0xD5F6, 0xD5F6, 0xD5F6, 0xD5F5, 0xD5F6, 0xD5F6,
  0xD5F6, 0xD5F6, 0xD5D5, 0xD5B5, 0xA42F, 0x9BCF, 0x93AE, 0x8B6D, 0xA451, 0x5209, 0x2925, 0x2966, 0x2125, 0x2946, 0x18E4, 0x1904,
  0x2945, 0x2945, 0x2945, 0x2945, 0x2925, 0x2945, 0x2945, 0x2945, 0x2945, 0x2945, 0x2145, 0x4208, 0x4229, 0x4A4A, 0x4209, 0x2946,
  0x2925, 0x2925, 0x2925, 0x2925, 0x2925, 0x2925, 0x2925, 0x2925, 0x2925, 0x2945, 0x2945, 0x2105, 0x2925, 0x2945, 0x2945, 0x2945,
  0x2125, 0x2105, 0x2945, 0x2945, 0x2945, 0x2125, 0x2105, 0x2125, 0x2925, 0x2925, 0x2925, 0x2925, 0x2945, 0x2945, 0x2125, 0x2104,
  0x2925, 0x2946, 0x2125, 0x2925, 0x9C50, 0xDE16, 0xDDF5, 0xC553, 0x8B4C, 0xC4F3, 0xC4D3, 0xC4D4, 0xCCD4, 0xBC93, 0x8B6D, 0xBCD3,
  0xD5F6, 0xD5F6, 0xBD95, 0x41C6, 0x2104, 0x2945, 0x2945, 0x2945, 0x2925, 0x2105, 0x2145, 0x2145, 0x2145, 0x2925, 0x3105, 0x3105,
  0x3125, 0x3104, 0x3104, 0x30C3, 0x40C4, 0x5946, 0x6947, 0x81A9, 0x89C9, 0x81A8, 0x71A7, 0x9B8C, 0xE636, 0xE675, 0xDE14, 0xC510,
  0xAC2C, 0x9BAA, 0x9B8A, 0xA38A, 0xA38A, 0xA36A, 0xA34A, 0xA34A, 0xA369, 0xA38A, 0xABAB, 0xABEC, 0x9BAC, 0x72A9, 0x628A, 0x41A7,
  0x3987, 0x3986, 0x3986, 0x3944, 0x3944, 0x38E2, 0x51A5, 0x7AA9, 0x9329, 0x9B4A, 0x9B6A, 0x9329, 0x9328, 0x9328, 0x9B28, 0x9B49,
  0x9B69, 0x9B69, 0x9B69, 0xA38A, 0xA3CB, 0x9BAB, 0x9B8A, 0x8B09, 0x7A87, 0x61E5, 0x5163, 0x4102, 0x40E1, 0x4102, 0x4943, 0x51A5,
  0xBCF4, 0xBCF4, 0xB4D3, 0xB4D3, 0xBCF3, 0x938E, 0x9BEF, 0xA410, 0x9BCF, 0xAC71, 0xD5D5, 0xD5F5, 0xD5F5, 0xD5F5, 0xD5F5, 0xD5F6,
  0xD5F6, 0xD5F6, 0xD5F6, 0xD5F6, 0xD5F6, 0xD5F6, 0xD5F6, 0xD5F6, 0xD5F5, 0xD5F5, 0xD5F5, 0xD5F5, 0xD5F5, 0xD5F5, 0xD5F5, 0xD5F5,
  0xD5F5, 0xD5F5, 0xD5F5, 0xD5F5, 0xD5F5, 0xD5F5, 0xD5F5, 0xD5F5, 0xD5F5, 0xD5F5, 0xD5F5, 0xD5F5, 0xCDB4, 0xC532, 0xBCF2, 0xBD12,
  0xC512, 0xC533, 0xCD74, 0xD5B5, 0xD5D5, 0xD5D5, 0xD5F6, 0xD5F5, 0xD5F5, 0xD5F5, 0xD5F5, 0xD5F5, 0xD5F6, 0xD5D5, 0xC573, 0xBD12,
  0xBD12, 0xBCF2, 0xC4F2, 0xC4D1, 0xC4D2, 0xC4F2, 0xBCF1, 0xAC6F, 0xC573, 0xDE16, 0xD5F6, 0xD5F5, 0xD5F6, 0xD5F5, 0xD5F5, 0xD5F5,
  0xD5F5, 0xD5F5, 0xD5F5, 0xD5F5, 0xD5F5, 0xD5F5, 0xD5F5, 0xD5F5, 0xD5F5, 0xD5F5, 0xD5F5, 0xD5F5, 0xD5F5, 0xD5F5, 0xD5F5, 0xD5F5,
  0xD5F5, 0xD5F5, 0xD5F5, 0xD5F5, 0xD5F6, 0xD5F6, 0xD5F6, 0xD5F6, 0xD5F6, 0xD5F5, 0xD5F5, 0xD5F5, 0xD5F5, 0xD5F5, 0xD5F5, 0xD5F5,
  0xD5F5, 0xD5F5, 0xD5F5, 0xD5F5, 0xD5F5, 0xD5F5, 0xD5F5, 0xD5F5, 0xD5F5, 0xD5F5, 0xD5F5, 0xD5F5, 0xD5F5, 0xD5F5, 0xD5F5, 0xD5F5,
  0xD5F5, 0xD5F5, 0xD5F5, 0xD5F5, 0xD5F5, 0xD5F5, 0xD5F5, 0xD5F5, 0xD5F5, 0xD5F5, 0xD5F5, 0xD5F5, 0xD5F5, 0xD5F5, 0xD5F5, 0xD5F5,
  0xD5F5, 0xD5F5, 0xD5F5, 0xD5F5, 0xD5F5, 0xD5F5, 0xD5F5, 0xD5F5, 0xD5F6, 0xD5F6, 0xD5F6, 0xD5F6, 0xD5F6, 0xD5F6, 0xD5F6, 0xD5F6,
  0xD5F5, 0xD5F5, 0xD5F5, 0xDDF6, 0xB4B1, 0x93AE, 0xA410, 0x9BCF, 0x834D, 0x3986, 0x2125, 0x2966, 0x2125, 0x2945, 0x18E4, 0x1904,
  0x2945, 0x2945, 0x2945, 0x2945, 0x2925, 0x2945, 0x2945, 0x2945, 0x2966, 0x2125, 0x3186, 0x4229, 0x4229, 0x4A4A, 0x31C8, 0x2125,
  0x2925, 0x2925, 0x2925, 0x2925, 0x2925, 0x2925, 0x2925, 0x2925, 0x2925, 0x2945, 0x2945, 0x2125, 0x2105, 0x2946, 0x2945, 0x2945,
  0x2125, 0x2105, 0x2925, 0x2945, 0x2925, 0x2104, 0x2125, 0x2945, 0x2925, 0x2925, 0x2925, 0x2925, 0x2945, 0x2125, 0x2104, 0x2125,
  0x2945, 0x2946, 0x2145, 0x2904, 0x8BCE, 0xDE16, 0xD5F5, 0xBCF2, 0xA430, 0xC4F4, 0xC4D3, 0xC4B3, 0xC4D4, 0xA3CF, 0x9BCF, 0xC574,
  0xD5F5, 0xD5F6, 0xB533, 0x3165, 0x2925, 0x2945, 0x2945, 0x2945, 0x2125, 0x2125, 0x1924, 0x2145, 0x2145, 0x2145, 0x2945, 0x2945,
  0x2145, 0x2945, 0x3165, 0x20E3, 0x2924, 0x3925, 0x5105, 0x79A9, 0x89A9, 0x89C9, 0x89E9, 0x79C6, 0xA3AC, 0xCD31, 0xAC2C, 0xA3AA,
  0x9B89, 0xA38A, 0xA3AA, 0xABAA, 0xA36A, 0xA36A, 0x9B4A, 0xA3AB, 0xABEC, 0xA3CB, 0x9329, 0x7287, 0x51A4, 0x6248, 0x5A69, 0x3986,
  0x3987, 0x41A6, 0x3944, 0x5A07, 0x6A88, 0x5184, 0x8309, 0x934A, 0x9329, 0x9328, 0x9349, 0x9B49, 0x9B69, 0x9B8A, 0xA3AA, 0xA3AA,
  0xA3AB, 0xA3CB, 0x9B8B, 0x9329, 0x7AA7, 0x6205, 0x5162, 0x4101, 0x4102, 0x4922, 0x4963, 0x59E5, 0x59E5, 0x6A67, 0x6A67, 0x7288,
  0xBCD3, 0xBCF4, 0xBD14, 0xAC51, 0x8B6E, 0x9BF0, 0xA410, 0xA3F0, 0x9BCF, 0xA410, 0xD5B5, 0xD5F5, 0xD5F5, 0xD5F5, 0xD5F6, 0xD5D6,
  0xD5F6, 0xD5F6, 0xD5F6, 0xD5F6, 0xD5F6, 0xD5F6, 0xD5F6, 0xD5F6, 0xD5F5, 0xD5F5, 0xD5F5, 0xD5F5, 0xD5F5, 0xD5F5, 0xD5F5, 0xD5F5,
  0xD5F6, 0xD5F6, 0xD5F6, 0xD5F6, 0xD5F6, 0xD5F6, 0xD5F6, 0xD5F6, 0xD5F5, 0xD5F5, 0xD5F5, 0xD5F5, 0xCDB4, 0xCD74, 0xCD94, 0xD5B5,
  0xD5D5, 0xD5D5, 0xDDF6, 0xD5F5, 0xD5F5, 0xD5F5, 0xD5F5, 0xD5F5, 0xD5F5, 0xD5F5, 0xD5F5, 0xD5F5, 0xD5F5, 0xD5F6, 0xDE16, 0xCD94,
  0xC533, 0xC512, 0xC4F2, 0xC4F2, 0xBCF2, 0xC4F2, 0xC4F2, 0xB490, 0xACB1, 0xD5F6, 0xD5D5, 0xD5F6, 0xD5F5, 0xD5F5, 0xD5F5, 0xD5F5,
  0xD5F5, 0xD5F5, 0xD5F5, 0xD5F5, 0xD5F5, 0xD5F5, 0xD5F5, 0xD5F5, 0xD5F5, 0xD5F5, 0xD5F5, 0xD5F5, 0xD5F5, 0xD5F5, 0xD5F5, 0xD5F5,
  0xD5F5, 0xD5F5, 0xD5F5, 0xD5F5, 0xD5F6, 0xD5F6, 0xD5F6, 0xD5F6, 0xD5F6, 0xD5F5, 0xD5F5, 0xD5F5, 0xD5F5, 0xD5F5, 0xD5F5, 0xD5F5,
  0xD5F5, 0xD5F5, 0xD5F5, 0xD5F5, 0xD5F5, 0xD5F5, 0xD5F5, 0xD5F5, 0xD5F5, 0xD5F5, 0xD5F5, 0xD5F5, 0xD5F5, 0xD5F5, 0xD5F5, 0xD5F5,
  0xD5F5, 0xD5F5, 0xD5F5, 0xD5F5, 0xD5F5, 0xD5F5, 0xD5F5, 0xD5F5, 0xD5F5, 0xD5F5, 0xD5F5, 0xD5F5, 0xD5F5, 0xD5F5, 0xD5F5, 0xD5F5,
  0xD5F5, 0xD5F5, 0xD5F5, 0xD5F5, 0xD5F5, 0xD5F5, 0xD5F5, 0xD5F5, 0xD5F6, 0xD5F6, 0xD5F6, 0xD5F6, 0xD5F6, 0xD5F6, 0xD5F6, 0xD5F6,
  0xD5F5, 0xD5F5, 0xD5F5, 0xDE16, 0xC554, 0x93AD, 0x9BCF, 0x9BD0, 0x51E8, 0x2904, 0x2945, 0x2145, 0x2946, 0x2925, 0x20E4, 0x2124,
  0x2945, 0x2945, 0x2945, 0x2945, 0x2925, 0x2945, 0x2945, 0x2945, 0x2945, 0x2145, 0x39E8, 0x4229, 0x4229, 0x4209, 0x2967, 0x2126,
  0x2925, 0x2925, 0x2925, 0x2925, 0x2925, 0x2925, 0x2925, 0x2925, 0x2925, 0x2925, 0x2945, 0x2125, 0x2104, 0x2946, 0x2945, 0x2945,
  0x2125, 0x2105, 0x2925, 0x2925, 0x2125, 0x2105, 0x2945, 0x2945, 0x2925, 0x2925, 0x2925, 0x2945, 0x2125, 0x20E4, 0x2125, 0x2925,
  0x2945, 0x2145, 0x2146, 0x2104, 0x7B4C, 0xDDF6, 0xD5F6, 0xAC91, 0xB492, 0xC4D3, 0xC4D3, 0xCCF4, 0xB452, 0x936D, 0xAC51, 0xCD95,
  0xD5F5, 0xD616, 0xA491, 0x3145, 0x2925, 0x2945, 0x2945, 0x2125, 0x2104, 0x20E4, 0x2125, 0x2105, 0x2125, 0x2945, 0x2946, 0x2125,
  0x2945, 0x39A7, 0x2904, 0x2104, 0x31A6, 0x3986, 0x4925, 0x6947, 0x81AA, 0x89A9, 0x91C9, 0x81C7, 0x8268, 0xABCC, 0x9B8A, 0xA3AA,
  0xA3AA, 0xABAB, 0xA38A, 0xA36A, 0xA36A, 0xA3AB, 0xA3EC, 0x9BAB, 0x8309, 0x6205, 0x5183, 0x4983, 0x49A5, 0x6289, 0x49E8, 0x3987,
  0x41A7, 0x3965, 0x5A27, 0x8BAC, 0x6205, 0x6A25, 0x934A, 0x9329, 0x9B49, 0x9B69, 0xA38A, 0xA3AA, 0xA3CB, 0xA3CB, 0xA3CB, 0x9B8A,
  0x82E9, 0x7266, 0x59C4, 0x4942, 0x4921, 0x4121, 0x4942, 0x59A4, 0x6A05, 0x7A87, 0x7A87, 0x7AA7, 0x7246, 0x7AA7, 0x82A7, 0x7A66,
  0xBCF4, 0xBCF4, 0xBCF4, 0xBCD3, 0x9BCF, 0x8B6E, 0x9BAF, 0xA3F0, 0xA3F0, 0x9BCF, 0xCDB5, 0xD616, 0xD5F5, 0xD5F5, 0xD5F6, 0xD5D6,
  0xD5F6, 0xD5F6, 0xD5F6, 0xD5F6, 0xD5F6, 0xD5F6, 0xD5F6, 0xD5F6, 0xD5F6, 0xD5F6, 0xD5F6, 0xD5F6, 0xD5F5, 0xD5F5, 0xD5F5, 0xD5F5,
  0xD5F6, 0xD5F6, 0xD5F6, 0xD5F6, 0xD5F6, 0xD5F6, 0xD5F6, 0xD5F6, 0xD5F5, 0xD5F5, 0xD5F5, 0xD5F5, 0xD5F6, 0xDDF6, 0xDDF6, 0xDDD6,
  0xD5D5, 0xD5F5, 0xD5F5, 0xD5F5, 0xD5F5, 0xD5F5, 0xD5F5, 0xD5F5, 0xD5F5, 0xD5F5, 0xD5F5, 0xD5F5, 0xD5F6, 0xD5F6, 0xD5F6, 0xDDF6,
  0xD5B5, 0xCD53, 0xBCF2, 0xBCF2, 0xBD12, 0xBCD1, 0xC4F2, 0xBCD1, 0xA46F, 0xCD94, 0xD5F6, 0xD5F5, 0xD5F5, 0xD5F5, 0xD5F5, 0xD5F5,
  0xD5F5, 0xD5F5, 0xD5F5, 0xD5F5, 0xD5F5, 0xD5F5, 0xD5F5, 0xD5F5, 0xD5F5, 0xD5F5, 0xD5F5, 0xD5F5, 0xD5F5, 0xD5F5, 0xD5F5, 0xD5F5,
  0xD5F5, 0xD5F5, 0xD5F5, 0xD5F5, 0xD5F6, 0xD5F6, 0xD5F6, 0xD5F6, 0xD5F6, 0xD5F5, 0xD5F5, 0xD5F5, 0xD5F5, 0xD5F5, 0xD5F5, 0xD5F5,
  0xD5F5, 0xD5F5, 0xD5F5, 0xD5F5, 0xD5F5, 0xD5F5, 0xD5F5, 0xD5F5, 0xD5F5, 0xD5F5, 0xD5F5, 0xD5F5, 0xD5F5, 0xD5F5, 0xD5F5, 0xD5F5,
  0xD5F5, 0xD5F5, 0xD5F5, 0xD5F5, 0xD5F5, 0xD5F5, 0xD5F5, 0xD5F5, 0xD5F5, 0xD5F5, 0xD5F5, 0xD5F5, 0xD5F5, 0xD5F5, 0xD5F5, 0xD5F5,
  0xD5F5, 0xD5F5, 0xD5F5, 0xD5F5, 0xD5F5, 0xD5F5, 0xD5F5, 0xD5F5, 0xD5F6, 0xD5F6, 0xD5F6, 0xD5F6, 0xD5F6, 0xD5F6, 0xD5F6, 0xD5F6,
  0xD5F6, 0xD5F5, 0xD5F5, 0xD5F5, 0xD5D5, 0x9BEF, 0x93CF, 0x6249, 0x3104, 0x3145, 0x2945, 0x2145, 0x2946, 0x2925, 0x20E4, 0x2925,
  0x2945, 0x2945, 0x2945, 0x2945, 0x2925, 0x2945, 0x2945, 0x2946, 0x2125, 0x3186, 0x4229, 0x4229, 0x4229, 0x3187, 0x2125, 0x2946,
  0x2925, 0x2925, 0x2925, 0x2925, 0x2925, 0x2925, 0x2925, 0x2925, 0x2925, 0x2925, 0x2945, 0x2945, 0x2105, 0x2125, 0x2945, 0x2945,
  0x2125, 0x2105, 0x2925, 0x2125, 0x2104, 0x2945, 0x2945, 0x2925, 0x2925, 0x2925, 0x2945, 0x2125, 0x2104, 0x2104, 0x2925, 0x2125,
  0x2945, 0x2145, 0x2946, 0x20E3, 0x6AEA, 0xD5F6, 0xD5B5, 0xA451, 0xBCD3, 0xC4D3, 0xC4D4, 0xCCF4, 0x9B6E, 0x9BCF, 0xAC91, 0xD5D6,
  0xD5F5, 0xD616, 0x8BEE, 0x2104, 0x2945, 0x2945, 0x2125, 0x18E4, 0x20E4, 0x2105, 0x20E4, 0x2105, 0x2925, 0x2925, 0x2925, 0x2925,
  0x3987, 0x3966, 0x28E4, 0x2925, 0x39C6, 0x3965, 0x4925, 0x6967, 0x7168, 0x89CA, 0x89C9, 0x81A7, 0x9B0A, 0xA3AC, 0xA3AB, 0xA3CB,
  0xA3AB, 0xA36A, 0xA38A, 0xABCB, 0xABCC, 0x936A, 0x7286, 0x59C3, 0x5183, 0x59E5, 0x72A8, 0x72C9, 0x5227, 0x5248, 0x3987, 0x39A7,
  0x4186, 0x49A6, 0x834B, 0x7288, 0x5983, 0x9329, 0x9B4A, 0xA36A, 0xA38A, 0xA3AB, 0xA3AB, 0xA3AB, 0x934A, 0x7AA7, 0x6205, 0x5162,
  0x4102, 0x4922, 0x5163, 0x59C4, 0x6A46, 0x6A46, 0x7267, 0x7AC8, 0x7AA7, 0x8B09, 0x82A7, 0x82A7, 0x7A45, 0x8266, 0x8AC7, 0x8266,
  0xBCF3, 0xBCF3, 0xBCD3, 0xBCF3, 0xBCF4, 0xAC72, 0x9BCF, 0x938E, 0x9BAE, 0x9BAE, 0xCD94, 0xD5F6, 0xD5F5, 0xD5F5, 0xD5F5, 0xD5F6,
  0xD5F5, 0xD5F5, 0xD5F5, 0xD5F5, 0xD5F5, 0xD5F5, 0xD5F5, 0xD5F5, 0xD5F5, 0xD5F5, 0xD5F5, 0xD5F5, 0xD5F5, 0xD5F5, 0xD5F5, 0xD5F5,
  0xD5F5, 0xD5F5, 0xD5F5, 0xD5F5, 0xD5F5, 0xD5F5, 0xD5F5, 0xD5F5, 0xD5F6, 0xD5F6, 0xD5F6, 0xD5F6, 0xD5F6, 0xD5F6, 0xD5F6, 0xD5F6,
  0xD5F6, 0xD5F6, 0xD5F6, 0xD5F6, 0xD5F6, 0xD5F6, 0xD5F6, 0xD5F5, 0xD5F5, 0xD5F5, 0xD5F5, 0xD5F5, 0xD5F5, 0xD5F5, 0xD5F5, 0xD5F5,
  0xD5F5, 0xD5D5, 0xCD74, 0xBD12, 0xBCF2, 0xBCF2, 0xC4F2, 0xC4F2, 0xAC50, 0xBCF2, 0xDDF6, 0xD5D5, 0xD5F5, 0xD5F5, 0xD5F5, 0xD5F5,
  0xD5F5, 0xD5F5, 0xD5F5, 0xD5F5, 0xD5F5, 0xD5F5, 0xD5F5, 0xD5F5, 0xD5F5, 0xD5F5, 0xD5F5, 0xD5F5, 0xD5F5, 0xD5F5, 0xD5F5, 0xD5F5,
  0xD5F6, 0xD5F6, 0xD5F6, 0xD5F6, 0xD5F5, 0xD5F5, 0xD5F5, 0xD5F5, 0xD5F5, 0xD5F5, 0xD5F5, 0xD5F5, 0xD5F5, 0xD5F5, 0xD5F5, 0xD5F5,
  0xD5F5, 0xD5F5, 0xD5F5, 0xD5F5, 0xD5F5, 0xD5F5, 0xD5F5, 0xD5F5, 0xD5F5, 0xD5F5, 0xD5F5, 0xD5F5, 0xD5F5, 0xD5F5, 0xD5F5, 0xD5F5,
  0xD5F5, 0xD5F5, 0xD5F5, 0xD5F5, 0xD5F5, 0xD5F5, 0xD5F5, 0xD5F5, 0xD5F5, 0xD5F5, 0xD5F5, 0xD5F5, 0xD5F5, 0xD5F5, 0xD5F5, 0xD5F5,
  0xD5F5, 0xD5F5, 0xD5F5, 0xD5F5, 0xD5F5, 0xD5F5, 0xD5F5, 0xD5F5, 0xD5F5, 0xD5F5, 0xD5F5, 0xD5F5, 0xD5F5, 0xD5F5, 0xD5F5, 0xD5F5,
  0xD5D6, 0xD5F6, 0xD5F5, 0xD5F5, 0xDE16, 0xAC91, 0x5249, 0x2925, 0x2946, 0x2945, 0x2945, 0x2945, 0x2945, 0x2125, 0x2125, 0x2945,
  0x2945, 0x2925, 0x2925, 0x2945, 0x2945, 0x2945, 0x2945, 0x2125, 0x2945, 0x4208, 0x4229, 0x4229, 0x39C7, 0x2925, 0x2125, 0x2945,
  0x2925, 0x2925, 0x2925, 0x2925, 0x2925, 0x2925, 0x2925, 0x2925, 0x2945, 0x2945, 0x2945, 0x2945, 0x2125, 0x2125, 0x2945, 0x2945,
  0x2125, 0x2125, 0x2925, 0x2104, 0x2125, 0x2925, 0x2945, 0x2925, 0x2125, 0x2945, 0x2125, 0x2104, 0x2105, 0x2125, 0x2925, 0x2925,
  0x2945, 0x2145, 0x2946, 0x20E4, 0x5AA9, 0xD5F6, 0xC534, 0xAC30, 0xC4D3, 0xC4D4, 0xCCD4, 0xC4B4, 0xAC10, 0xB492, 0xB492, 0xDDF6,
  0xD5D5, 0xD616, 0x6B0B, 0x20E3, 0x2945, 0x2125, 0x2105, 0x2105, 0x2104, 0x18E4, 0x2104, 0x2945, 0x2945, 0x2945, 0x2905, 0x3166,
  0x39A7, 0x3165, 0x28E3, 0x3165, 0x39A7, 0x3966, 0x59C7, 0x71E7, 0x7167, 0x81C8, 0x79C7, 0x9AC9, 0xABAB, 0xA38B, 0xA38B, 0x9B8A,
  0xA3AB, 0xA3EC, 0xA3CC, 0x8B2A, 0x6A26, 0x5183, 0x59A3, 0x7225, 0x8AC6, 0x9308, 0x938C, 0x6269, 0x5249, 0x4A08, 0x3986, 0x4165,
  0x51A5, 0x830A, 0x830A, 0x5183, 0x82C8, 0xA3CB, 0xA3AA, 0xABCB, 0xA3AC, 0x8B2A, 0x7287, 0x59C4, 0x4943, 0x40E1, 0x4922, 0x5984,
  0x61C4, 0x7246, 0x7A86, 0x8AC7, 0x9329, 0x82C7, 0x7A86, 0x82E8, 0x8287, 0x8AE8, 0x82A7, 0x82A7, 0x82A7, 0x7A86, 0x82C7, 0x8286,
  0xBCF3, 0xBCF3, 0xBCF3, 0xBCF3, 0xBCD3, 0xBCF3, 0xBCF3, 0xB492, 0x9BEF, 0x832C, 0xC554, 0xD5F6, 0xD5F5, 0xD5F5, 0xD5F5, 0xD5F6,
  0xD5F5, 0xD5F5, 0xD5F5, 0xD5F5, 0xD5F5, 0xD5F5, 0xD5F5, 0xD5F5, 0xD5F5, 0xD5F5, 0xD5F5, 0xD5F5, 0xD5F5, 0xD5F5, 0xD5F5, 0xD5F5,
  0xD5F5, 0xD5F5, 0xD5F5, 0xD5F5, 0xD5F5, 0xD5F5, 0xD5F5, 0xD5F5, 0xD5F6, 0xD5F6, 0xD5F6, 0xD5F6, 0xD5F6, 0xD5F6, 0xD5F6, 0xD5F6,
  0xD5F6, 0xD5F6, 0xD5F6, 0xD5F6, 0xD5F6, 0xD5F6, 0xD5F6, 0xD5F6, 0xD5F5, 0xD5F5, 0xD5F5, 0xD5F5, 0xD5F5, 0xD5F5, 0xD5F5, 0xD5F5,
  0xD5F5, 0xD5F6, 0xDDF6, 0xCD74, 0xBD12, 0xBCF2, 0xBCF2, 0xC4F2, 0xBCB1, 0xAC50, 0xD5D5, 0xD5F6, 0xD5F5, 0xD5F5, 0xD5F5, 0xD5F5,
  0xD5F5, 0xD5F5, 0xD5F5, 0xD5F5, 0xD5F5, 0xD5F5, 0xD5F5, 0xD5F5, 0xD5F5, 0xD5F5, 0xD5F5, 0xD5F5, 0xD5F5, 0xD5F5, 0xD5F5, 0xD5F5,
  0xD5F6, 0xD5F6, 0xD5F6, 0xD5F6, 0xD5F5, 0xD5F5, 0xD5F5, 0xD5F5, 0xD5F5, 0xD5F5, 0xD5F5, 0xD5F5, 0xD5F5, 0xD5F5, 0xD5F5, 0xD5F5,
  0xD5F5, 0xD5F5, 0xD5F5, 0xD5F5, 0xD5F5, 0xD5F5, 0xD5F5, 0xD5F5, 0xD5F5, 0xD5F5, 0xD5F5, 0xD5F5, 0xD5F5, 0xD5F5, 0xD5F5, 0xD5F5,
  0xD5F5, 0xD5F5, 0xD5F5, 0xD5F5, 0xD5F5, 0xD5F5, 0xD5F5, 0xD5F5, 0xD5F5, 0xD5F5, 0xD5F5, 0xD5F5, 0xD5F5, 0xD5F5, 0xD5F5, 0xD5F5,
  0xD5F6, 0xD5F6, 0xD5F6, 0xD5F6, 0xD5F5, 0xD5F5, 0xD5F5, 0xD5F5, 0xD5F5, 0xD5F5, 0xD5F5, 0xD5F5, 0xD5F5, 0xD5F5, 0xD5F5, 0xD5F5,
  0xD5D5, 0xD5F6, 0xD5F6, 0xD5F5, 0xDE15, 0xC573, 0x41C7, 0x2946, 0x2946, 0x2945, 0x2945, 0x2945, 0x2945, 0x2925, 0x2925, 0x2945,
  0x2945, 0x2945, 0x2945, 0x2925, 0x2945, 0x2945, 0x2945, 0x2105, 0x31A7, 0x4A29, 0x4A29, 0x39C7, 0x2945, 0x2925, 0x2945, 0x2945,
  0x2925, 0x2925, 0x2925, 0x2925, 0x2945, 0x2945, 0x2945, 0x2925, 0x2945, 0x2945, 0x2945, 0x2925, 0x2125, 0x2125, 0x2945, 0x2945,
  0x2125, 0x2105, 0x2105, 0x2125, 0x2945, 0x2925, 0x2945, 0x2945, 0x2945, 0x2945, 0x2104, 0x2104, 0x2925, 0x2925, 0x2945, 0x2945,
  0x2945, 0x2946, 0x2946, 0x2104, 0x5268, 0xCDF6, 0xAC91, 0xB471, 0xC4D3, 0xC4D4, 0xC4D4, 0xC4D4, 0xCD14, 0xAC71, 0xC513, 0xCD95,
  0xCD94, 0xCDD5, 0x4A07, 0x2104, 0x2945, 0x18E4, 0x18E4, 0x20C4, 0x18C3, 0x2104, 0x2945, 0x2145, 0x2945, 0x2925, 0x3145, 0x3986,
  0x39A7, 0x3145, 0x2904, 0x3986, 0x39A7, 0x4186, 0x59E7, 0x932B, 0x79C7, 0x6985, 0x92C9, 0xAB8B, 0xA38A, 0x9B8A, 0xA3CB, 0xA3EC,
  0x9B8A, 0x82C8, 0x61E4, 0x5183, 0x61C4, 0x7A87, 0x8AE9, 0x9309, 0x9B28, 0x9B8A, 0x7B0A, 0x5A69, 0x526A, 0x41A7, 0x4185, 0x49C5,
  0x832A, 0x93CC, 0x6205, 0x72A7, 0xA3EC, 0x9B8B, 0x8B09, 0x7246, 0x59A4, 0x4922, 0x4922, 0x4963, 0x59C4, 0x59C4, 0x7288, 0x82C9,
  0x82C8, 0x9329, 0x8AC7, 0x8AE7, 0x9B28, 0x8AE7, 0x7A86, 0x8AE7, 0x82A7, 0x8AE8, 0x82C8, 0x7A66, 0x8AC8, 0x82A7, 0x82C7, 0x82A7,
  0xBCF3, 0xC4F4, 0xC514, 0xC514, 0xC4F4, 0xC4F4, 0xBCD3, 0xBCD3, 0xAC71, 0x93CE, 0xCD94, 0xD5F6, 0xD5F5, 0xD5F5, 0xD5F5, 0xD5D6,
  0xD5F5, 0xD5F5, 0xD5F5, 0xD5F5, 0xD5F5, 0xD5F5, 0xD5F5, 0xD5F5, 0xD5F5, 0xD5F5, 0xD5F5, 0xD5F5, 0xD5F5, 0xD5F5, 0xD5F5, 0xD5F5,
  0xD5F5, 0xD5F5, 0xD5F5, 0xD5F5, 0xD5F5, 0xD5F5, 0xD5F5, 0xD5F5, 0xD5F6, 0xD5F6, 0xD5F6, 0xD5F6, 0xD5F6, 0xD5F6, 0xD5F6, 0xD5F6,
  0xD5F6, 0xD5F6, 0xD5F6, 0xD5F6, 0xD5F6, 0xD5F6, 0xD5F6, 0xD5F6, 0xD5F5, 0xD5F5, 0xD5F5, 0xD5F5, 0xD5F5, 0xD5F5, 0xD5F5, 0xD5F5,
  0xD5F5, 0xD5F5, 0xD5F5, 0xDDF6, 0xD595, 0xC512, 0xBCF2, 0xBCF2, 0xC4F2, 0xA44F, 0xC533, 0xD5F6, 0xD5F5, 0xD5F5, 0xD5F5, 0xD5F5,
  0xD5F5, 0xD5F5, 0xD5F5, 0xD5F5, 0xD5F5, 0xD5F5, 0xD5F5, 0xD5F5, 0xD5F5, 0xD5F5, 0xD5F5, 0xD5F5, 0xD5F5, 0xD5F5, 0xD5F5, 0xD5F5,
  0xD5F6, 0xD5F6, 0xD5F6, 0xD5F6, 0xD5F5, 0xD5F5, 0xD5F5, 0xD5F5, 0xD5F5, 0xD5F5, 0xD5F5, 0xD5F5, 0xD5F5, 0xD5F5, 0xD5F5, 0xD5F5,
  0xD5F5, 0xD5F5, 0xD5F5, 0xD5F5, 0xD5F5, 0xD5F5, 0xD5F5, 0xD5F5, 0xD5F5, 0xD5F5, 0xD5F5, 0xD5F5, 0xD5F5, 0xD5F5, 0xD5F5, 0xD5F5,
  0xD5F5, 0xD5F5, 0xD5F5, 0xD5F5, 0xD5F5, 0xD5F5, 0xD5F5, 0xD5F5, 0xD5F5, 0xD5F5, 0xD5F5, 0xD5F5, 0xD5F5, 0xD5F5, 0xD5F5, 0xD5F5,
  0xD5F6, 0xD5F6, 0xD5F6, 0xD5F6, 0xD5F5, 0xD5F5, 0xD5F5, 0xD5F5, 0xD5F5, 0xD5F5, 0xD5F5, 0xD5F5, 0xD5F5, 0xD5F5, 0xD5F5, 0xD5F5,
  0xD5F5, 0xD5F6, 0xD5F6, 0xD5F5, 0xD5D5, 0xD5F5, 0x62CB, 0x2125, 0x2966, 0x2945, 0x2945, 0x2945, 0x2945, 0x2945, 0x2945, 0x2945,
  0x2945, 0x2945, 0x2945, 0x2946, 0x2925, 0x2945, 0x2925, 0x2966, 0x4209, 0x4229, 0x39C8, 0x2945, 0x2945, 0x2945, 0x2925, 0x2945,
  0x2925, 0x2925, 0x2925, 0x2925, 0x2945, 0x2125, 0x2125, 0x2925, 0x2925, 0x2925, 0x2945, 0x2925, 0x2945, 0x2105, 0x2925, 0x2945,
  0x2125, 0x2104, 0x2104, 0x2945, 0x2945, 0x2945, 0x2945, 0x2945, 0x2125, 0x2104, 0x2125, 0x2925, 0x2945, 0x2945, 0x2945, 0x2945,
  0x2945, 0x2945, 0x2946, 0x2104, 0x5268, 0xC574, 0xAC50, 0xC4D3, 0xC4D3, 0xC4D4, 0xC4D4, 0xC4D4, 0xC4F4, 0xAC30, 0xCD95, 0xC553,
  0xCDB4, 0xACF2, 0x3124, 0x2104, 0x18E4, 0x10A3, 0x18A3, 0x18A3, 0x2104, 0x2145, 0x2945, 0x2945, 0x2945, 0x2925, 0x3166, 0x41A7,
  0x39A7, 0x3125, 0x3145, 0x39A7, 0x39A7, 0x4186, 0x51C6, 0x9B8C, 0x930A, 0x9309, 0xA38B, 0x9B8A, 0xA3CA, 0xA3EB, 0x9BAA, 0x7AA6,
  0x59A3, 0x5162, 0x6A04, 0x82A7, 0x9329, 0x9B8B, 0x9B6A, 0x9B4A, 0x9B8B, 0x832A, 0x6A89, 0x62AA, 0x49C7, 0x3945, 0x51C6, 0x8B6C,
  0x9C2D, 0x6AA7, 0x6246, 0x8B4A, 0x7267, 0x5984, 0x4902, 0x4902, 0x5963, 0x61C5, 0x7246, 0x7287, 0x82E8, 0x7267, 0x82E8, 0x934A,
  0x8AC8, 0x9329, 0x8AE8, 0x8AE7, 0x9B29, 0x8B08, 0x7A86, 0x8AE8, 0x82A7, 0x8AE8, 0x8AE8, 0x7A66, 0x82C7, 0x8287, 0x82C7, 0x8AC8,
  0x9BCF, 0x9BCF, 0x9BEF, 0xA3F0, 0xA3EF, 0x9BCF, 0x9BCF, 0x8B4D, 0x832C, 0xCD95, 0xD5D6, 0xD5F5, 0xD5F5, 0xD5F5, 0xD5D5, 0xD5D6,
  0xD5F5, 0xD5F5, 0xD5F5, 0xD5F5, 0xD5F5, 0xD5F5, 0xD5F5, 0xD5F5, 0xD5F5, 0xD5F5, 0xD5F5, 0xD5F5, 0xD5F5, 0xD5F5, 0xD5F5, 0xD5F5,
  0xD5F5, 0xD5F5, 0xD5F5, 0xD5F5, 0xD5F5, 0xD5F5, 0xD5F5, 0xD5F5, 0xD5F6, 0xD5F6, 0xD5F6, 0xD5F6, 0xD5F6, 0xD5F6, 0xD5F6, 0xD5F6,
  0xD5F6, 0xD5F6, 0xD5F6, 0xD5F6, 0xD5F6, 0xD5F6, 0xD5F6, 0xD5F6, 0xD5F5, 0xD5F5, 0xD5F5, 0xD5F5, 0xD5F5, 0xD5F5, 0xD5F5, 0xD5F5,
  0xD5F5, 0xD5F5, 0xD5D5, 0xD5F5, 0xD5F6, 0xD5B5, 0xBD12, 0xBCF2, 0xBCF2, 0xB4B1, 0xAC70, 0xD5F5, 0xD5F5, 0xD5F5, 0xD5F5, 0xD5F5,
  0xD5F5, 0xD5F5, 0xD5F5, 0xD5F5, 0xD5F5, 0xD5F5, 0xD5F5, 0xD5F5, 0xD5F5, 0xD5F5, 0xD5F5, 0xD5F5, 0xD5F5, 0xD5F5, 0xD5F5, 0xD5F5,
  0xD5F6, 0xD5F6, 0xD5F6, 0xD5F6, 0xD5F5, 0xD5F5, 0xD5F5, 0xD5F5, 0xD5F5, 0xD5F5, 0xD5F5, 0xD5F5, 0xD5F5, 0xD5F5, 0xD5F5, 0xD5F5,
  0xD5F5, 0xD5F5, 0xD5F5, 0xD5F5, 0xD5F5, 0xD5F5, 0xD5F5, 0xD5F5, 0xD5F5, 0xD5F5, 0xD5F5, 0xD5F5, 0xD5F5, 0xD5F5, 0xD5F5, 0xD5F5,
  0xD5F5, 0xD5F5, 0xD5F5, 0xD5F5, 0xD5F5, 0xD5F5, 0xD5F5, 0xD5F5, 0xD5F5, 0xD5F5, 0xD5F5, 0xD5F5, 0xD5F5, 0xD5F5, 0xD5F5, 0xD5F5,
  0xD5F5, 0xD5F5, 0xD5F5, 0xD5F5, 0xD5F5, 0xD5F5, 0xD5F5, 0xD5F5, 0xD5F5, 0xD5F5, 0xD5F5, 0xD5F5, 0xD5F5, 0xD5F5, 0xD5F5, 0xD5F5,
  0xD5F5, 0xD5F6, 0xD5F6, 0xD5F5, 0xD5D5, 0xDE16, 0x8BCE, 0x2925, 0x2946, 0x2945, 0x2945, 0x2945, 0x2945, 0x2945, 0x2945, 0x2945,
  0x2945, 0x2105, 0x2105, 0x2945, 0x2925, 0x2945, 0x2105, 0x39C7, 0x4A29, 0x39C8, 0x2946, 0x2945, 0x2925, 0x2945, 0x2925, 0x2945,
  0x2925, 0x2925, 0x2925, 0x2925, 0x2945, 0x2945, 0x2125, 0x18C4, 0x2105, 0x2925, 0x2945, 0x2945, 0x2945, 0x2105, 0x2125, 0x2945,
  0x2125, 0x18E4, 0x2125, 0x2945, 0x2925, 0x2945, 0x2925, 0x2125, 0x2104, 0x2125, 0x2125, 0x2945, 0x2945, 0x2945, 0x2945, 0x2925,
  0x2945, 0x2945, 0x2946, 0x20E4, 0x5A69, 0xACD2, 0xAC51, 0xC4D4, 0xC4D3, 0xC4D4, 0xC4D4, 0xC4D4, 0xBCB3, 0xAC71, 0xD5B5, 0xC573,
  0xBD53, 0x7B6C, 0x18A2, 0x18C3, 0x10A3, 0x10A3, 0x18A3, 0x2104, 0x2125, 0x2945, 0x2145, 0x2945, 0x2925, 0x2925, 0x3987, 0x41A7,
  0x3987, 0x3145, 0x3986, 0x39A6, 0x39A7, 0x41A6, 0x51C5, 0x8B2A, 0x9B8B, 0xA3AB, 0xA3CB, 0xA3EB, 0x938A, 0x7286, 0x59A3, 0x5183,
  0x6A05, 0x82C8, 0x9349, 0x9B6A, 0x9B8A, 0xA38B, 0x9B8A, 0x9B8A, 0x832A, 0x6A88, 0x6ACA, 0x49E7, 0x3944, 0x6268, 0x9BCD, 0x9BCD,
  0x6267, 0x4142, 0x51A4, 0x4942, 0x4122, 0x5163, 0x6206, 0x6A47, 0x7A87, 0x82C8, 0x8AE9, 0x8B08, 0x8B08, 0x7A86, 0x82C7, 0x9349,
  0x8AE8, 0x9309, 0x9308, 0x8AC7, 0x9328, 0x9308, 0x7A86, 0x82C8, 0x82C7, 0x8AE8, 0x8B08, 0x7A66, 0x8AE8, 0x82A7, 0x82A7, 0x8AC8,
  0x9BCF, 0x9BAF, 0x9BAE, 0x938E, 0x9BAE, 0x93AE, 0x9BCF, 0x936E, 0x7AEB, 0xC534, 0xD5F6, 0xD5F5, 0xD5F5, 0xD5F5, 0xD5D5, 0xD5D6,
  0xD5F5, 0xD5F5, 0xD5F5, 0xD5F5, 0xD5F5, 0xD5F5, 0xD5F5, 0xD5F5, 0xD5F5, 0xD5F5, 0xD5F5, 0xD5F5, 0xD5F5, 0xD5F5, 0xD5F5, 0xD5F5,
  0xD5F5, 0xD5F5, 0xD5F5, 0xD5F5, 0xD5F5, 0xD5F5, 0xD5F5, 0xD5F5, 0xD5F6, 0xD5F6, 0xD5F6, 0xD5F6, 0xD5F6, 0xD5F6, 0xD5F6, 0xD5F6,
  0xD5F6, 0xD5F6, 0xD5F6, 0xD5F6, 0xD5F6, 0xD5F6, 0xD5F6, 0xD5F6, 0xD5F5, 0xD5F5, 0xD5F5, 0xD5F5, 0xD5F5, 0xD5F5, 0xD5F5, 0xD5F5,
  0xD5F5, 0xD5F5, 0xD5F5, 0xD5F5, 0xD5F5, 0xD5F6, 0xCDB4, 0xBD33, 0xBCF2, 0xBCF2, 0xA44F, 0xC553, 0xD5F6, 0xD5F5, 0xD5F5, 0xD5F5,
  0xD5F5, 0xD5F5, 0xD5F5, 0xD5F5, 0xD5F5, 0xD5F5, 0xD5F5, 0xD5F5, 0xD5F5, 0xD5F5, 0xD5F5, 0xD5F5, 0xD5F5, 0xD5F5, 0xD5F5, 0xD5F5,
  0xD5F5, 0xD5F5, 0xD5F5, 0xD5F5, 0xD5F5, 0xD5F5, 0xD5F5, 0xD5F5, 0xD5F5, 0xD5F5, 0xD5F5, 0xD5F5, 0xD5F5, 0xD5F5, 0xD5F5, 0xD5F5,
  0xD5F5, 0xD5F5, 0xD5F5, 0xD5F5, 0xD5F5, 0xD5F5, 0xD5F5, 0xD5F5, 0xD5F5, 0xD5F5, 0xD5F5, 0xD5F5, 0xD5F5, 0xD5F5, 0xD5F5, 0xD5F5,
  0xD5F5, 0xD5F5, 0xD5F5, 0xD5F5, 0xD5F5, 0xD5F5, 0xD5F5, 0xD5F5, 0xD5F5, 0xD5F5, 0xD5F5, 0xD5F5, 0xD5F5, 0xD5F5, 0xD5F5, 0xD5F5,
  0xD5F5, 0xD5F5, 0xD5F5, 0xD5F5, 0xD5F5, 0xD5F5, 0xD5F5, 0xD5F5, 0xD5F5, 0xD5F5, 0xD5F5, 0xD5F5, 0xD5F5, 0xD5F5, 0xD5F5, 0xD5F5,
  0xD5F5, 0xD5F6, 0xD5F6, 0xD5F6, 0xD5D5, 0xDE16, 0xACF2, 0x3165, 0x2945, 0x2945, 0x2945, 0x2945, 0x2945, 0x2925, 0x2945, 0x2945,
  0x2125, 0x18C4, 0x2125, 0x2945, 0x2945, 0x2125, 0x2966, 0x4209, 0x4209, 0x2966, 0x2925, 0x2945, 0x2925, 0x2925, 0x2925, 0x2945,
  0x2925, 0x2925, 0x2925, 0x2925, 0x2945, 0x2925, 0x2945, 0x18E4, 0x18C3, 0x2104, 0x2945, 0x2925, 0x2946, 0x2125, 0x2105, 0x2945,
  0x2925, 0x2105, 0x2925, 0x2945, 0x2925, 0x2125, 0x2105, 0x2105, 0x2925, 0x2925, 0x2925, 0x2925, 0x2925, 0x2925, 0x2925, 0x2925,
  0x2945, 0x2945, 0x2946, 0x20E4, 0x5A8A, 0xA450, 0xBCB2, 0xC4B4, 0xC4D4, 0xC4D4, 0xC4D4, 0xC4F4, 0xBC92, 0xB491, 0xD5F6, 0xC594,
  0xA491, 0x49E7, 0x1882, 0x18C3, 0x10A4, 0x10A4, 0x2104, 0x2925, 0x2925, 0x2145, 0x2145, 0x2945, 0x2925, 0x2945, 0x39A7, 0x3987,
  0x3987, 0x3966, 0x3986, 0x39A7, 0x39A7, 0x3986, 0x51C6, 0x9B8C, 0xA3EC, 0xA3EC, 0x938A, 0x7266, 0x5983, 0x5983, 0x6A26, 0x82E9,
  0x934A, 0x9B6A, 0x9349, 0x9B8A, 0x9B8A, 0x9B8B, 0x9B6A, 0x8AE9, 0x72A9, 0x6A89, 0x5207, 0x51E7, 0x72CA, 0x834B, 0x6A47, 0x4942,
  0x38C2, 0x4123, 0x4943, 0x59E5, 0x6A46, 0x6A25, 0x8308, 0x8B29, 0x8B09, 0x8B09, 0x8AE8, 0x8AE8, 0x8AE8, 0x82A6, 0x82A6, 0x9369,
  0x8AE8, 0x9308, 0x9328, 0x8AC7, 0x9329, 0x9308, 0x7A66, 0x82C8, 0x8AC8, 0x82C7, 0x9309, 0x7A86, 0x82C7, 0x82C7, 0x8287, 0x8AC8,
  0xA3EF, 0xA3EF, 0xA3EF, 0x9BCF, 0xA3EF, 0xA3EF, 0xA3F0, 0x8B6D, 0x834C, 0x9C0F, 0xD5D6, 0xD5F6, 0xD5F5, 0xD5F5, 0xD5F5, 0xD5D6,
  0xD5F5, 0xD5F5, 0xD5F5, 0xD5F5, 0xD5F5, 0xD5F5, 0xD5F5, 0xD5F5, 0xD5F5, 0xD5F5, 0xD5F5, 0xD5F5, 0xD5F5, 0xD5F5, 0xD5F5, 0xD5F5,
  0xD5F5, 0xD5F5, 0xD5F5, 0xD5F5, 0xD5F5, 0xD5F5, 0xD5F5, 0xD5F5, 0xD5F6, 0xD5F6, 0xD5F6, 0xD5F6, 0xD5F6, 0xD5F6, 0xD5F6, 0xD5F6,
  0xD5F6, 0xD5F6, 0xD5F6, 0xD5F6, 0xD5F6, 0xD5F6, 0xD5F6, 0xD5F6, 0xD5F5, 0xD5F5, 0xD5F5, 0xD5F5, 0xD5F5, 0xD5F5, 0xD5F5, 0xD5F5,
  0xD5F5, 0xD5F5, 0xD5F5, 0xD5F5, 0xD5F6, 0xD5F6, 0xD5F5, 0xCDB5, 0xBD12, 0xBCF2, 0xB4B1, 0xAC4F, 0xDDF6, 0xD5F5, 0xD5F6, 0xD5F5,
  0xD5F5, 0xD5F5, 0xD5F5, 0xD5F5, 0xD5F5, 0xD5F5, 0xD5F5, 0xD5F5, 0xD5F5, 0xD5F5, 0xD5F5, 0xD5F5, 0xD5F5, 0xD5F5, 0xD5F5, 0xD5F5,
  0xD5F5, 0xD5F5, 0xD5F5, 0xD5F5, 0xD5F5, 0xD5F5, 0xD5F5, 0xD5F5, 0xD5F5, 0xD5F5, 0xD5F5, 0xD5F5, 0xD5F5, 0xD5F5, 0xD5F5, 0xD5F5,
  0xD5F5, 0xD5F5, 0xD5F5, 0xD5F5, 0xD5F5, 0xD5F5, 0xD5F5, 0xD5F5, 0xD5F5, 0xD5F5, 0xD5F5, 0xD5F5, 0xD5F5, 0xD5F5, 0xD5F5, 0xD5F5,
  0xD5F5, 0xD5F5, 0xD5F5, 0xD5F5, 0xD5F5, 0xD5F5, 0xD5F5, 0xD5F5, 0xD5F5, 0xD5F5, 0xD5F5, 0xD5F5, 0xD5F5, 0xD5F5, 0xD5F5, 0xD5F5,
  0xD5F5, 0xD5F5, 0xD5F5, 0xD5F5, 0xD5F5, 0xD5F5, 0xD5F5, 0xD5F5, 0xD5F5, 0xD5F5, 0xD5F5, 0xD5F5, 0xD5F5, 0xD5F5, 0xD5F5, 0xD5F5,
  0xD5F5, 0xD5F6, 0xD5F6, 0xDDF6, 0xDDF5, 0xDDF6, 0xC595, 0x4A08, 0x2925, 0x2945, 0x2945, 0x2945, 0x2945, 0x2945, 0x2946, 0x2925,
  0x18E4, 0x20E4, 0x2945, 0x2945, 0x2945, 0x2925, 0x39E8, 0x4209, 0x3186, 0x2925, 0x2125, 0x2925, 0x2925, 0x2925, 0x2925, 0x2945,
  0x2925, 0x2925, 0x2925, 0x2925, 0x2945, 0x2925, 0x2945, 0x2125, 0x18C3, 0x18A3, 0x20E4, 0x2925, 0x2945, 0x2925, 0x2105, 0x2925,
  0x2945, 0x2105, 0x2125, 0x2125, 0x2105, 0x2105, 0x2125, 0x2925, 0x2925, 0x2925, 0x2925, 0x2925, 0x2925, 0x2925, 0x2925, 0x2925,
  0x2945, 0x2945, 0x2926, 0x2104, 0x5228, 0xA430, 0xC4D4, 0xC4B4, 0xC4D4, 0xC4D4, 0xC4D4, 0xC4F4, 0xB492, 0xBCF2, 0xD5F6, 0xCDB4,
  0x730B, 0x20C3, 0x18C3, 0x18C4, 0x10C4, 0x2105, 0x2945, 0x2945, 0x2925, 0x2945, 0x2945, 0x2945, 0x2925, 0x3146, 0x41A7, 0x39A7,
  0x41A7, 0x4187, 0x41A6, 0x39A7, 0x39C7, 0x3966, 0x5A07, 0xA3ED, 0x938B, 0x7267, 0x5983, 0x5983, 0x7226, 0x82E9, 0x9B6B, 0x9B6B,
  0x9B6A, 0x9B69, 0x9B8A, 0x9B8A, 0x9B6A, 0x934A, 0x7AA8, 0x7288, 0x6268, 0x5207, 0x5A27, 0x6248, 0x59C5, 0x4922, 0x40E1, 0x5163,
  0x59A5, 0x7248, 0x7A88, 0x7AC8, 0x8309, 0x7266, 0x82E7, 0x8B28, 0x8B08, 0x8B09, 0x8B08, 0x8AE8, 0x9308, 0x82C7, 0x7A86, 0x9349,
  0x8B08, 0x9328, 0x9328, 0x82A6, 0x9328, 0x9329, 0x7A87, 0x82C8, 0x8AE8, 0x82A7, 0x9329, 0x82A7, 0x8287, 0x8AE8, 0x7A66, 0x8AC8,
  0xA3CF, 0xA3CF, 0xA3CF, 0xA3CF, 0xA3CF, 0xA3CF, 0xA3F0, 0x8B2D, 0x938E, 0x938D, 0xBD33, 0xD5F6, 0xD5F5, 0xD5F5, 0xD5F5, 0xD5F6,
  0xD5F5, 0xD5F5, 0xD5F5, 0xD5F5, 0xD5F5, 0xD5F5, 0xD5F5, 0xD5F5, 0xD5F5, 0xD5F5, 0xD5F5, 0xD5F5, 0xD5F5, 0xD5F5, 0xD5F5, 0xD5F5,
  0xD5F5, 0xD5F5, 0xD5F5, 0xD5F5, 0xD5F5, 0xD5F5, 0xD5F5, 0xD5F5, 0xD5F6, 0xD5F6, 0xD5F6, 0xD5F6, 0xD5F6, 0xD5F6, 0xD5F6, 0xD5F6,
  0xD5F6, 0xD5F6, 0xD5F6, 0xD5F6, 0xD5F6, 0xD5F6, 0xD5F6, 0xD5F6, 0xD5F5, 0xD5F5, 0xD5F5, 0xD5F5, 0xD5F5, 0xD5F5, 0xD5F5, 0xD5F5,
  0xD5F5, 0xD5F5, 0xD5F5, 0xD5F5, 0xD5F5, 0xD5F5, 0xD5F5, 0xD5F6, 0xCD94, 0xBD12, 0xBCF2, 0xAC4F, 0xBD12, 0xD5F6, 0xD5F5, 0xD616,
  0xD5F5, 0xD5F5, 0xD5F5, 0xD5F5, 0xD5F5, 0xD5F5, 0xD5F5, 0xD5F5, 0xD5F5, 0xD5F5, 0xD5F5, 0xD5F5, 0xD5F5, 0xD5F5, 0xD5F5, 0xD5F5,
  0xD5F5, 0xD5F5, 0xD5F5, 0xD5F5, 0xD5F5, 0xD5F5, 0xD5F5, 0xD5F5, 0xD5F5, 0xD5F5, 0xD5F5, 0xD5F5, 0xD5F5, 0xD5F5, 0xD5F5, 0xD5F5,
  0xD5F5, 0xD5F5, 0xD5F5, 0xD5F5, 0xD5F5, 0xD5F5, 0xD5F5, 0xD5F5, 0xD5F5, 0xD5F5, 0xD5F5, 0xD5F5, 0xD5F5, 0xD5F5, 0xD5F5, 0xD5F5,
  0xD5F5, 0xD5F5, 0xD5F5, 0xD5F5, 0xD5F5, 0xD5F5, 0xD5F5, 0xD5F5, 0xD5F5, 0xD5F5, 0xD5F5, 0xD5F5, 0xD5F5, 0xD5F5, 0xD5F5, 0xD5F5,
  0xD5F5, 0xD5F5, 0xD5F5, 0xD5F5, 0xD5F5, 0xD5F5, 0xD5F5, 0xD5F5, 0xD5F5, 0xD5F5, 0xD5F5, 0xD5F5, 0xD5F5, 0xD5F5, 0xD5F5, 0xD5F5,
  0xD5F5, 0xD5F6, 0xD5F6, 0xDDF6, 0xDDD5, 0xD5D5, 0xD5F6, 0x62CA, 0x18E4, 0x2945, 0x2945, 0x2945, 0x2945, 0x2945, 0x2945, 0x2104,
  0x18C4, 0x2125, 0x2945, 0x2945, 0x2925, 0x3186, 0x4229, 0x31A7, 0x2125, 0x2125, 0x2945, 0x2945, 0x2925, 0x2925, 0x2925, 0x2945,
  0x2925, 0x2925, 0x2925, 0x2925, 0x2945, 0x2945, 0x2945, 0x2945, 0x2104, 0x10A3, 0x18A3, 0x18E4, 0x2125, 0x2945, 0x2125, 0x2125,
  0x2925, 0x20E4, 0x2105, 0x2125, 0x2925, 0x2925, 0x2945, 0x2945, 0x2925, 0x2925, 0x2925, 0x2925, 0x2925, 0x2925, 0x2925, 0x2925,
  0x2945, 0x2945, 0x2926, 0x2105, 0x49C7, 0xACB2, 0xC4D4, 0xC494, 0xC4D4, 0xC4D4, 0xC4D4, 0xC4F4, 0xAC51, 0xC533, 0xD5F5, 0xD5F5,
  0x5A48, 0x1882, 0x18C4, 0x10A4, 0x18C4, 0x2105, 0x2925, 0x2925, 0x2945, 0x2945, 0x2145, 0x2125, 0x2105, 0x3166, 0x41C7, 0x41A7,
  0x41A7, 0x41A6, 0x41A6, 0x39A6, 0x39A7, 0x3986, 0x51E7, 0x7268, 0x5983, 0x5983, 0x7246, 0x8B09, 0x9B6A, 0x9B49, 0x9B49, 0x9B6A,
  0xA38A, 0xA3AA, 0x9349, 0x8AE8, 0x82C8, 0x7287, 0x7288, 0x6227, 0x51C6, 0x51A5, 0x4964, 0x4963, 0x4963, 0x59A4, 0x7247, 0x7AC8,
  0x7A67, 0x8AE9, 0x9329, 0x8AE8, 0x9329, 0x7A66, 0x82C7, 0x8B08, 0x8B08, 0x8B28, 0x9328, 0x8B08, 0x9329, 0x8AE8, 0x7A66, 0x8B29,
  0x8B28, 0x9308, 0x9329, 0x82A6, 0x9308, 0x9329, 0x8287, 0x7A87, 0x8AE8, 0x8287, 0x8B08, 0x82C7, 0x7A66, 0x8AE8, 0x7A66, 0x82C7,
  0xA3CF, 0xA3CF, 0xA3CF, 0xA3CF, 0xA3CF, 0x9BCF, 0xA3EF, 0x8B2C, 0x9B8E, 0x9BCE, 0x9C0F, 0xD5D5, 0xD5F5, 0xD5F5, 0xD5F5, 0xD5F6,
  0xD5F5, 0xD5F5, 0xD5F5, 0xD5F5, 0xD5F5, 0xD5F5, 0xD5F5, 0xD5F5, 0xD5F5, 0xD5F5, 0xD5F5, 0xD5F5, 0xD5F5, 0xD5F5, 0xD5F5, 0xD5F5,
  0xD5F5, 0xD5F5, 0xD5F5, 0xD5F5, 0xD5F5, 0xD5F5, 0xD5F5, 0xD5F5, 0xD5F6, 0xD5F6, 0xD5F6, 0xD5F6, 0xD5F6, 0xD5F6, 0xD5F6, 0xD5F6,
  0xD5F6, 0xD5F6, 0xD5F6, 0xD5F6, 0xD5F6, 0xD5F6, 0xD5F6, 0xD5F6, 0xD5F5, 0xD5F5, 0xD5F5, 0xD5F5, 0xD5F5, 0xD5F5, 0xD5F5, 0xD5F5,
  0xD5F5, 0xD5F5, 0xD5F5, 0xD5F5, 0xD5F5, 0xD5F5, 0xD5F5, 0xD5D5, 0xD5F6, 0xCD94, 0xBD12, 0xB4B1, 0xAC70, 0xD5D5, 0xD5F5, 0xD616,
  0xD5F5, 0xD5F5, 0xD5F5, 0xD5F5, 0xD5F5, 0xD5F5, 0xD5F5, 0xD5F5, 0xD5F5, 0xD5F5, 0xD5F5, 0xD5F5, 0xD5F5, 0xD5F5, 0xD5F5, 0xD5F5,
  0xD5F5, 0xD5F5, 0xD5F5, 0xD5F5, 0xD5F5, 0xD5F5, 0xD5F5, 0xD5F5, 0xD5F5, 0xD5F5, 0xD5F5, 0xD5F5, 0xD5F5, 0xD5F5, 0xD5F5, 0xD5F5,
  0xD5F5, 0xD5F5, 0xD5F5, 0xD5F5, 0xD5F5, 0xD5F5, 0xD5F5, 0xD5F5, 0xD5F5, 0xD5F5, 0xD5F5, 0xD5F5, 0xD5F5, 0xD5F5, 0xD5F5, 0xD5F5,
  0xD5F5, 0xD5F5, 0xD5F5, 0xD5F5, 0xD5F5, 0xD5F5, 0xD5F5, 0xD5F5, 0xD5F5, 0xD5F5, 0xD5F5, 0xD5F5, 0xD5F5, 0xD5F5, 0xD5F5, 0xD5F5,
  0xD5F5, 0xD5F5, 0xD5F5, 0xD5F5, 0xD5F5, 0xD5F5, 0xD5F5, 0xD5F5, 0xD5F5, 0xD5F5, 0xD5F5, 0xD5F5, 0xD5F5, 0xD5F5, 0xD5F5, 0xD5F5,
  0xD5F5, 0xD5F6, 0xD5F6, 0xD5F6, 0xDDD5, 0xD5D5, 0xD5F6, 0x9450, 0x528A, 0x3187, 0x2945, 0x2945, 0x2125, 0x2946, 0x2125, 0x18C3,
  0x2104, 0x2945, 0x2925, 0x2945, 0x2125, 0x39E8, 0x4208, 0x2945, 0x2125, 0x2946, 0x2125, 0x2125, 0x2925, 0x2925, 0x2925, 0x2925,
  0x2925, 0x2925, 0x2925, 0x2925, 0x2945, 0x2945, 0x2945, 0x2945, 0x2925, 0x18C4, 0x10A3, 0x18C3, 0x2105, 0x2945, 0x2125, 0x2105,
  0x2105, 0x2105, 0x2945, 0x2925, 0x2925, 0x2945, 0x2925, 0x2925, 0x2925, 0x2925, 0x2925, 0x2925, 0x2925, 0x2925, 0x2925, 0x2925,
  0x2945, 0x2945, 0x2925, 0x2104, 0x730C, 0xBD14, 0xC4B3, 0xC4B4, 0xC4D4, 0xC4D4, 0xC4D4, 0xC4F4, 0xAC50, 0xCD94, 0xD5F5, 0xD615,
  0x62CA, 0x1882, 0x18C4, 0x10C4, 0x10A4, 0x18C4, 0x18C3, 0x20E4, 0x2104, 0x18E4, 0x18E4, 0x2104, 0x2125, 0x3166, 0x39A7, 0x3986,
  0x41A7, 0x41A6, 0x41A6, 0x39A6, 0x39A7, 0x41A7, 0x3924, 0x5984, 0x7246, 0x9329, 0x9B6A, 0x9B8A, 0x9B69, 0xA389, 0xA3A9, 0xABCA,
  0xA3AA, 0xA3CB, 0xABEC, 0xA3CB, 0x934A, 0x72A8, 0x51C5, 0x4964, 0x4943, 0x4943, 0x59E5, 0x7267, 0x7AA8, 0x7A87, 0x82C8, 0x8B2A,
  0x82A7, 0x82C7, 0x9349, 0x8AE8, 0x9309, 0x8287, 0x8AA7, 0x8AC8, 0x82E7, 0x82E7, 0x8B08, 0x8B08, 0x9329, 0x9329, 0x7A66, 0x8B09,
  0x8B28, 0x8B08, 0x9349, 0x8AC7, 0x8AE8, 0x9B49, 0x82A7, 0x7A67, 0x8AE8, 0x8287, 0x82C7, 0x8AE8, 0x7A66, 0x8AE8, 0x7A86, 0x82A7,
  0x9BEF, 0x9BEF, 0xA3EF, 0xA3CF, 0xA3CF, 0x9BCF, 0x9BEF, 0x832C, 0x9B8E, 0xA3EF, 0x938E, 0xB4D2, 0xD5F6, 0xD5F5, 0xD5F5, 0xD5F5,
  0xD5F5, 0xD5F5, 0xD5F5, 0xD5F5, 0xD5F5, 0xD5F5, 0xD5F5, 0xD5F5, 0xD5F5, 0xD5F5, 0xD5F5, 0xD5F5, 0xD5F5, 0xD5F5, 0xD5F5, 0xD5F5,
  0xD5F5, 0xD5F5, 0xD5F5, 0xD5F5, 0xD5F5, 0xD5F5, 0xD5F5, 0xD5F5, 0xD5F5, 0xD5F5, 0xD5F5, 0xD5F5, 0xD5F5, 0xD5F5, 0xD5F5, 0xD5F5,
  0xD5F5, 0xD5F5, 0xD5F5, 0xD5F5, 0xD5F5, 0xD5F5, 0xD5F5, 0xD5F5, 0xD5F5, 0xD5F5, 0xD5F5, 0xD5F5, 0xD5F5, 0xD5F5, 0xD5F5, 0xD5F5,
  0xD5F5, 0xD5F5, 0xD5F5, 0xD5F5, 0xD5F5, 0xD5F5, 0xD5F5, 0xD5F5, 0xD5F5, 0xD5F5, 0xCD74, 0xC512, 0xAC50, 0xCD74, 0xD5F6, 0xCDF6,
  0xD5F6, 0xD5F6, 0xD5F6, 0xD5F5, 0xD5F5, 0xD5F5, 0xD5F5, 0xD5F5, 0xD5F5, 0xD5F5, 0xD5F5, 0xD5F5, 0xD5F5, 0xD5F5, 0xD5F5, 0xD5F5,
  0xD5F5, 0xD5F5, 0xD5F5, 0xD5F5, 0xD5F5, 0xD5F5, 0xD5F5, 0xD5F5, 0xD5F5, 0xD5F5, 0xD5F5, 0xD5F5, 0xD5F5, 0xD5F5, 0xD5F5, 0xD5F5,
  0xD5F5, 0xD5F5, 0xD5F5, 0xD5F5, 0xD5F5, 0xD5F5, 0xD5F5, 0xD5F5, 0xD5F5, 0xD5F5, 0xD5F5, 0xD5F5, 0xD5F5, 0xD5F5, 0xD5F5, 0xD5F5,
  0xD5F5, 0xD5F5, 0xD5F5, 0xD5F5, 0xD5F5, 0xD5F5, 0xD5F5, 0xD5F5, 0xD5F5, 0xD5F5, 0xD5F5, 0xD5F5, 0xD5F5, 0xD5F5, 0xD5F5, 0xD5F5,
  0xD5F5, 0xD5F5, 0xD5F5, 0xD5F5, 0xD5F5, 0xD5F5, 0xD5F5, 0xD5F5, 0xD5F5, 0xD5F5, 0xD5F5, 0xD5F5, 0xD5F5, 0xD5F5, 0xD5F5, 0xD5F5,
  0xD5F5, 0xD5F6, 0xD5F6, 0xD5F6, 0xD5F6, 0xD5F5, 0xD5F6, 0xB513, 0xC5F7, 0x7BAE, 0x2104, 0x2145, 0x2146, 0x2125, 0x20E3, 0x20E3,
  0x2125, 0x2146, 0x2146, 0x2146, 0x2146, 0x4229, 0x39A7, 0x2925, 0x2925, 0x2925, 0x2925, 0x2925, 0x2925, 0x2925, 0x2925, 0x2925,
  0x2945, 0x2945, 0x2925, 0x2925, 0x2945, 0x2945, 0x2945, 0x2945, 0x2945, 0x2105, 0x18C3, 0x18A3, 0x20E4, 0x2925, 0x2945, 0x2104,
  0x2104, 0x2945, 0x2925, 0x2925, 0x2925, 0x2925, 0x2925, 0x2925, 0x2925, 0x2925, 0x2925, 0x2925, 0x2945, 0x2945, 0x2945, 0x2945,
  0x2946, 0x2146, 0x2145, 0x3965, 0xA431, 0xC4D4, 0xC4B3, 0xC4D4, 0xC4B4, 0xC4D4, 0xC4D3, 0xC4D3, 0xAC50, 0xD5B5, 0xD5F5, 0xD616,
  0x6B0C, 0x1082, 0x18C3, 0x10A3, 0x18C4, 0x18C4, 0x18A3, 0x18A3, 0x18A3, 0x18E4, 0x2104, 0x2945, 0x2925, 0x3166, 0x39A7, 0x3146,
  0x39A7, 0x41A6, 0x41A6, 0x39A7, 0x31A8, 0x3986, 0x5A06, 0x9329, 0x9B8A, 0x9B6A, 0x9B69, 0xA38A, 0xA3AA, 0xA3AA, 0xABCA, 0xABCA,
  0xA3EC, 0x9BCC, 0x8B29, 0x6246, 0x4983, 0x3922, 0x4142, 0x51A4, 0x7246, 0x7246, 0x8AE8, 0x9349, 0x9329, 0x82A7, 0x82C8, 0x8B29,
  0x8AC7, 0x82A7, 0x9349, 0x8AE8, 0x8B08, 0x8AC8, 0x8AC8, 0x8AE8, 0x8AE8, 0x8B08, 0x8AE8, 0x8AE8, 0x8B08, 0x9349, 0x7A86, 0x8AE8,
  0x9308, 0x8B08, 0x9329, 0x8AC7, 0x8AE7, 0x9349, 0x82C7, 0x7A66, 0x8B08, 0x82A7, 0x82A7, 0x8AE8, 0x7A86, 0x82C7, 0x8287, 0x7A86,
  0x9BEF, 0xA3EF, 0xA3CF, 0xA3CF, 0xA3CF, 0x9BEF, 0x9BEF, 0x832C, 0x9B8E, 0xA3CF, 0x9BCF, 0x93AE, 0xCD95, 0xD5F6, 0xD5F5, 0xD5F5,
  0xD5F5, 0xD5F5, 0xD5F5, 0xD5F5, 0xD5F5, 0xD5F5, 0xD5F5, 0xD5F5, 0xD5F5, 0xD5F5, 0xD5F5, 0xD5F5, 0xD5F5, 0xD5F5, 0xD5F5, 0xD5F5,
  0xD5F5, 0xD5F5, 0xD5F5, 0xD5F5, 0xD5F5, 0xD5F5, 0xD5F5, 0xD5F5, 0xD5F5, 0xD5F5, 0xD5F5, 0xD5F5, 0xD5F5, 0xD5F5, 0xD5F5, 0xD5F5,
  0xD5F5, 0xD5F5, 0xD5F5, 0xD5F5, 0xD5F5, 0xD5F5, 0xD5F5, 0xD5F5, 0xD5F5, 0xD5F5, 0xD5F5, 0xD5F5, 0xD5F5, 0xD5F5, 0xD5F5, 0xD5F5,
  0xD5F5, 0xD5F5, 0xD5F5, 0xD5F5, 0xD5F5, 0xD5F5, 0xD5F5, 0xD5F6, 0xD615, 0xD5F5, 0xDDF6, 0xCD74, 0xB4D1, 0xAC91, 0xDE17, 0xCDD5,
  0xD5F6, 0xD5F6, 0xD5F6, 0xD5F5, 0xD5F5, 0xD5F5, 0xD5F5, 0xD5F5, 0xD5F5, 0xD5F5, 0xD5F5, 0xD5F5, 0xD5F5, 0xD5F5, 0xD5F5, 0xD5F5,
  0xD5F5, 0xD5F5, 0xD5F5, 0xD5F5, 0xD5F5, 0xD5F5, 0xD5F5, 0xD5F5, 0xD5F5, 0xD5F5, 0xD5F5, 0xD5F5, 0xD5F5, 0xD5F5, 0xD5F5, 0xD5F5,
  0xD5F5, 0xD5F5, 0xD5F5, 0xD5F5, 0xD5F5, 0xD5F5, 0xD5F5, 0xD5F5, 0xD5F5, 0xD5F5, 0xD5F5, 0xD5F5, 0xD5F5, 0xD5F5, 0xD5F5, 0xD5F5,
  0xD5F5, 0xD5F5, 0xD5F5, 0xD5F5, 0xD5F5, 0xD5F5, 0xD5F5, 0xD5F5, 0xD5F5, 0xD5F5, 0xD5F5, 0xD5F5, 0xD5F5, 0xD5F5, 0xD5F5, 0xD5F5,
  0xD5F5, 0xD5F5, 0xD5F5, 0xD5F5, 0xD5F5, 0xD5F5, 0xD5F5, 0xD5F5, 0xD5F5, 0xD5F5, 0xD5F5, 0xD5F5, 0xD5F5, 0xD5F5, 0xD5F5, 0xD5F5,
  0xD5F6, 0xD5F6, 0xD5F6, 0xD5F6, 0xD5F6, 0xD5D5, 0xD5F6, 0xC574, 0xA4D2, 0x4A28, 0x2125, 0x2146, 0x2125, 0x18E4, 0x1882, 0x20E3,
  0x2925, 0x2945, 0x2145, 0x2146, 0x2966, 0x4229, 0x3186, 0x2925, 0x2925, 0x2925, 0x2925, 0x2925, 0x2925, 0x2925, 0x2925, 0x2925,
  0x2125, 0x2945, 0x2925, 0x2945, 0x2945, 0x2945, 0x2945, 0x2945, 0x2925, 0x2925, 0x20E4, 0x10A3, 0x18C3, 0x2925, 0x2946, 0x2125,
  0x2104, 0x2945, 0x2945, 0x2925, 0x2925, 0x2925, 0x2925, 0x2925, 0x2925, 0x2925, 0x2925, 0x2925, 0x2945, 0x2945, 0x2945, 0x2945,
  0x2925, 0x2946, 0x2124, 0x628A, 0xC4D4, 0xC4B3, 0xC4B3, 0xC4D4, 0xC4D4, 0xC4D4, 0xC4D3, 0xBCB2, 0xB491, 0xDDD6, 0xD5D5, 0xD616,
  0x734C, 0x1882, 0x18C3, 0x18C3, 0x18C4, 0x18C3, 0x18C3, 0x20E4, 0x2105, 0x2125, 0x2925, 0x2945, 0x2945, 0x3166, 0x3986, 0x3146,
  0x39A7, 0x41A6, 0x41A6, 0x39A7, 0x39C8, 0x3986, 0x8309, 0xA38A, 0x9B69, 0x9B6A, 0xA3AA, 0xA3AB, 0xA3CB, 0xABEC, 0xABEB, 0xA3AA,
  0x82C8, 0x61E5, 0x4962, 0x4142, 0x51A3, 0x51C4, 0x6A47, 0x7AA8, 0x8B09, 0x8AE8, 0x9308, 0x9B69, 0x9348, 0x82C7, 0x82C7, 0x9329,
  0x8AE8, 0x82A7, 0x9329, 0x8AE8, 0x9309, 0x8AE8, 0x8AE8, 0x8AE8, 0x8AE8, 0x9308, 0x82C7, 0x8B08, 0x8B08, 0x9349, 0x82A7, 0x82A7,
  0x9328, 0x8B08, 0x9349, 0x8AE8, 0x8AC7, 0x9349, 0x8AE8, 0x7A66, 0x8AE8, 0x8287, 0x8287, 0x8AC8, 0x8287, 0x82A7, 0x82A7, 0x7A66,
  0xA3CF, 0xA3CF, 0xA3CF, 0xA3CF, 0xA3CF, 0xA3EF, 0x9BEF, 0x832C, 0x9B8F, 0xA3CF, 0xA3EF, 0x93AE, 0xAC70, 0xDDF6, 0xD5F5, 0xD5F6,
  0xD5F5, 0xD5F5, 0xD5F5, 0xD5F5, 0xD5F5, 0xD5F5, 0xD5F5, 0xD5F5, 0xD5F5, 0xD5F5, 0xD5F5, 0xD5F5, 0xD5F5, 0xD5F5, 0xD5F5, 0xD5F5,
  0xD5F5, 0xD5F5, 0xD5F5, 0xD5F5, 0xD5F5, 0xD5F5, 0xD5F5, 0xD5F5, 0xD5F5, 0xD5F5, 0xD5F5, 0xD5F5, 0xD5F5, 0xD5F5, 0xD5F5, 0xD5F5,
  0xD5F5, 0xD5F5, 0xD5F5, 0xD5F5, 0xD5F5, 0xD5F5, 0xD5F5, 0xD5F5, 0xD5F5, 0xD5F5, 0xD5F5, 0xD5F5, 0xD5F5, 0xD5F5, 0xD5F5, 0xD5F5,
  0xD5F5, 0xD5F5, 0xD5F5, 0xD5F5, 0xD5F5, 0xD5F5, 0xD5F5, 0xD5F5, 0xD5F5, 0xD5F5, 0xD5F6, 0xD5D5, 0xC553, 0xA470, 0xCDB5, 0xDE37,
  0xD5D6, 0xD5F6, 0xD5F6, 0xD5F5, 0xD5F5, 0xD5F5, 0xD5F5, 0xD5F5, 0xD5F5, 0xD5F5, 0xD5F5, 0xD5F5, 0xD5F5, 0xD5F5, 0xD5F5, 0xD5F5,
  0xD5F5, 0xD5F5, 0xD5F5, 0xD5F5, 0xD5F5, 0xD5F5, 0xD5F5, 0xD5F5, 0xD5F5, 0xD5F5, 0xD5F5, 0xD5F5, 0xD5F5, 0xD5F5, 0xD5F5, 0xD5F5,
  0xD5F5, 0xD5F5, 0xD5F5, 0xD5F5, 0xD5F5, 0xD5F5, 0xD5F5, 0xD5F5, 0xD5F5, 0xD5F5, 0xD5F5, 0xD5F5, 0xD5F5, 0xD5F5, 0xD5F5, 0xD5F5,
  0xD5F5, 0xD5F5, 0xD5F5, 0xD5F5, 0xD5F5, 0xD5F5, 0xD5F5, 0xD5F5, 0xD5F5, 0xD5F5, 0xD5F5, 0xD5F5, 0xD5F5, 0xD5F5, 0xD5F5, 0xD5F5,
  0xD5F5, 0xD5F5, 0xD5F5, 0xD5F5, 0xD5F5, 0xD5F5, 0xD5F5, 0xD5F5, 0xD5F5, 0xD5F5, 0xD5F5, 0xD5F5, 0xD5F5, 0xD5F5, 0xD5F5, 0xD5F5,
  0xD5F6, 0xD5F6, 0xD5F6, 0xD5F6, 0xD5F6, 0xD5F6, 0xD5D5, 0xCDD5, 0x62CA, 0x2925, 0x2945, 0x2946, 0x2105, 0x18A3, 0x4A08, 0x5A8A,
  0x3145, 0x2924, 0x3165, 0x2925, 0x2966, 0x4208, 0x2966, 0x2925, 0x2925, 0x2925, 0x2925, 0x2925, 0x2925, 0x2925, 0x2925, 0x2125,
  0x2104, 0x2125, 0x2945, 0x2945, 0x2945, 0x2945, 0x2945, 0x2945, 0x2925, 0x2945, 0x2125, 0x18E4, 0x18A3, 0x2105, 0x2945, 0x2925,
  0x2105, 0x2105, 0x2945, 0x2925, 0x2925, 0x2925, 0x2925, 0x2925, 0x2925, 0x2925, 0x2925, 0x2925, 0x2945, 0x2945, 0x2945, 0x2925,
  0x2946, 0x2945, 0x3145, 0x9410, 0xC4F4, 0xC4B3, 0xC4D4, 0xC4D4, 0xC4D4, 0xC4D4, 0xC4F3, 0xB491, 0xB4D2, 0xDDF6, 0xD5D5, 0xD616,
  0x734D, 0x1082, 0x18A3, 0x18C3, 0x18C4, 0x2104, 0x2925, 0x2925, 0x2925, 0x2945, 0x2945, 0x2945, 0x2925, 0x39A7, 0x3986, 0x3966,
  0x3987, 0x41A6, 0x41A6, 0x39A6, 0x41A7, 0x49A5, 0x8B2A, 0xA38A, 0xA3AA, 0xA3CB, 0xABCB, 0xAC0C, 0xAC0D, 0x9B8B, 0x7A87, 0x5983,
  0x4922, 0x5163, 0x6205, 0x6A46, 0x7AE8, 0x7AA7, 0x82C8, 0x8AE9, 0x8B09, 0x8B08, 0x8AE7, 0x9B69, 0x9B69, 0x8AE7, 0x82A7, 0x9349,
  0x9309, 0x82A7, 0x9329, 0x8B08, 0x8B08, 0x8AE8, 0x8AE8, 0x82C7, 0x8AE7, 0x8B08, 0x82A7, 0x8AE8, 0x9349, 0x9B49, 0x8AC7, 0x82A7,
  0x9328, 0x8AE8, 0x9349, 0x8B08, 0x82C7, 0x9349, 0x9309, 0x7A66, 0x82C7, 0x82A7, 0x82A7, 0x8AE8, 0x82A7, 0x7A86, 0x8AC8, 0x7A66,
  0xA3CF, 0xA3CF, 0xA3CF, 0xA3CF, 0xA3CF, 0xA3F0, 0x9BCF, 0x832C, 0x9BAF, 0x9BAF, 0x9BCF, 0x9BEF, 0x8B8D, 0xC533, 0xDDF6, 0xD5F6,
  0xD5F5, 0xD5F5, 0xD5F5, 0xD5F5, 0xD5F5, 0xD5F5, 0xD5F5, 0xD5F5, 0xD5F5, 0xD5F5, 0xD5F5, 0xD5F5, 0xD5F5, 0xD5F5, 0xD5F5, 0xD5F5,
  0xD5F5, 0xD5F5, 0xD5F5, 0xD5F5, 0xD5F5, 0xD5F5, 0xD5F5, 0xD5F5, 0xD5F5, 0xD5F5, 0xD5F5, 0xD5F5, 0xD5F5, 0xD5F5, 0xD5F5, 0xD5F5,
  0xD5F5, 0xD5F5, 0xD5F5, 0xD5F5, 0xD5F5, 0xD5F5, 0xD5F5, 0xD5F5, 0xD5F5, 0xD5F5, 0xD5F5, 0xD5F5, 0xD5F5, 0xD5F5, 0xD5F5, 0xD5F5,
  0xD5F5, 0xD5F5, 0xD5F5, 0xD5F5, 0xD5F5, 0xD5F5, 0xD5F5, 0xD5F5, 0xD5F5, 0xD5F5, 0xD5F5, 0xDDF6, 0xD5D5, 0xBD13, 0xACB1, 0xE658,
  0xD5F6, 0xD5F6, 0xD5F6, 0xD5F5, 0xD5F6, 0xD5F5, 0xD5F5, 0xD5F5, 0xD5F5, 0xD5F5, 0xD5F5, 0xD5F5, 0xD5F5, 0xD5F5, 0xD5F5, 0xD5F5,
  0xD5F5, 0xD5F5, 0xD5F5, 0xD5F5, 0xD5F5, 0xD5F5, 0xD5F5, 0xD5F5, 0xD5F5, 0xD5F5, 0xD5F5, 0xD5F5, 0xD5F5, 0xD5F5, 0xD5F5, 0xD5F5,
  0xD5F5, 0xD5F5, 0xD5F5, 0xD5F5, 0xD5F5, 0xD5F5, 0xD5F5, 0xD5F5, 0xD5F5, 0xD5F5, 0xD5F5, 0xD5F5, 0xD5F5, 0xD5F5, 0xD5F5, 0xD5F5,
  0xD5F5, 0xD5F5, 0xD5F5, 0xD5F5, 0xD5F5, 0xD5F5, 0xD5F5, 0xD5F5, 0xD5F5, 0xD5F5, 0xD5F5, 0xD5F5, 0xD5F5, 0xD5F5, 0xD5F5, 0xD5F5,
  0xD5F5, 0xD5F5, 0xD5F5, 0xD5F5, 0xD5F5, 0xD5F5, 0xD5F5, 0xD5F5, 0xD5F5, 0xD5F5, 0xD5F5, 0xD5F5, 0xD5F5, 0xD5F5, 0xD5F5, 0xD5F5,
  0xD5F6, 0xD5F6, 0xD5F6, 0xD5F6, 0xD5F6, 0xD5F6, 0xD5F5, 0xD5F6, 0x62AA, 0x2904, 0x2945, 0x2105, 0x20E4, 0x20E4, 0x83AE, 0xCDF7,
  0x940F, 0x4185, 0x2924, 0x2945, 0x2945, 0x41E8, 0x3187, 0x2925, 0x2925, 0x2925, 0x2925, 0x2925, 0x2925, 0x2925, 0x2925, 0x2125,
  0x18E4, 0x2125, 0x2945, 0x2945, 0x2945, 0x2945, 0x2945, 0x2945, 0x2925, 0x2125, 0x2945, 0x2125, 0x18E4, 0x18E4, 0x2945, 0x2925,
  0x2105, 0x18E4, 0x2125, 0x2945, 0x2925, 0x2925, 0x2925, 0x2925, 0x2925, 0x2925, 0x2925, 0x2925, 0x2925, 0x2945, 0x2945, 0x2945,
  0x2946, 0x2905, 0x628A, 0xBCD3, 0xBCB3, 0xC4D4, 0xC4B4, 0xC4D4, 0xC4D4, 0xC4D4, 0xC4F4, 0xAC71, 0xC533, 0xDDF6, 0xD5D5, 0xD616,
  0x732C, 0x18A2, 0x2104, 0x2125, 0x2945, 0x2925, 0x2925, 0x2925, 0x2925, 0x2945, 0x2945, 0x2945, 0x2125, 0x4208, 0x41C8, 0x4187,
  0x3987, 0x41A7, 0x3986, 0x3986, 0x4165, 0x5A06, 0xA3AB, 0xABAA, 0xA3CB, 0xAC0C, 0xAC0C, 0x936A, 0x7287, 0x5183, 0x4122, 0x5163,
  0x6205, 0x82C8, 0x936A, 0x82E8, 0x8B09, 0x8B08, 0x82C8, 0x8B08, 0x8B09, 0x9329, 0x8AC7, 0x9B69, 0xA38A, 0x8B08, 0x82A7, 0x934A,
  0x9329, 0x82A7, 0x9329, 0x9309, 0x8AE8, 0x8AE8, 0x8AE8, 0x8AC8, 0x8AE8, 0x9328, 0x82C7, 0x82C7, 0x9329, 0x9B49, 0x8B08, 0x82A7,
  0x9328, 0x8AE8, 0x9349, 0x9328, 0x82C7, 0x9329, 0x9329, 0x7A86, 0x82C7, 0x82A7, 0x82A7, 0x8AE8, 0x82C7, 0x7A86, 0x8AC8, 0x82A7,
  0xA410, 0xA3EF, 0xA410, 0xA3F0, 0xA3CF, 0xA3EF, 0x9BAE, 0x832C, 0x9BCF, 0x9BCF, 0x9BCF, 0xA3EF, 0x9BCE, 0x9BEE, 0xD5B5, 0xD5D6,
  0xD5F5, 0xD5F5, 0xD5F5, 0xD5F5, 0xD5F5, 0xD5F5, 0xD5F5, 0xD5F5, 0xD5F5, 0xD5F5, 0xD5F5, 0xD5F5, 0xD5F5, 0xD5F5, 0xD5F5, 0xD5F5,
  0xD5F5, 0xD5F5, 0xD5F5, 0xD5F5, 0xD5F5, 0xD5F5, 0xD5F5, 0xD5F5, 0xD5F5, 0xD5F5, 0xD5F5, 0xD5F5, 0xD5F5, 0xD5F5, 0xD5F5, 0xD5F5,
  0xD5F5, 0xD5F5, 0xD5F5, 0xD5F5, 0xD5F5, 0xD5F5, 0xD5F5, 0xD5F5, 0xD5F5, 0xD5F5, 0xD5F5, 0xD5F5, 0xD5F5, 0xD5F5, 0xD5F5, 0xD5F5,
  0xD5F5, 0xD5F5, 0xD5F5, 0xD5F5, 0xD5F5, 0xD5F5, 0xD5F5, 0xD5F5, 0xD5F5, 0xD5F5, 0xD5F5, 0xD5D5, 0xDDF6, 0xD5D5, 0xACB1, 0xBD53,
  0xEE99, 0xD5F6, 0xD5F6, 0xD5F6, 0xD5F6, 0xD5F6, 0xD5F6, 0xD5F5, 0xD5F5, 0xD5F5, 0xD5F5, 0xD5F5, 0xD5F5, 0xD5F5, 0xD5F5, 0xD5F5,
  0xD5F5, 0xD5F5, 0xD5F5, 0xD5F5, 0xD5F5, 0xD5F5, 0xD5F5, 0xD5F5, 0xD5F5, 0xD5F5, 0xD5F5, 0xD5F5, 0xD5F5, 0xD5F5, 0xD5F5, 0xD5F5,
  0xD5F5, 0xD5F5, 0xD5F5, 0xD5F5, 0xD5F5, 0xD5F5, 0xD5F5, 0xD5F5, 0xD5F5, 0xD5F5, 0xD5F5, 0xD5F5, 0xD5F5, 0xD5F5, 0xD5F5, 0xD5F5,
  0xD5F5, 0xD5F5, 0xD5F5, 0xD5F5, 0xD5F5, 0xD5F5, 0xD5F5, 0xD5F5, 0xD5F5, 0xD5F5, 0xD5F5, 0xD5F5, 0xD5F5, 0xD5F5, 0xD5F5, 0xD5F5,
  0xD5F5, 0xD5F5, 0xD5F5, 0xD5F5, 0xD5F5, 0xD5F5, 0xD5F5, 0xD5F5, 0xD5F5, 0xD5F5, 0xD5F5, 0xD5F5, 0xD5F5, 0xD5F5, 0xD5F5, 0xD5F5,
  0xD5D5, 0xD5F6, 0xD5F6, 0xD5F6, 0xD5F6, 0xD5F6, 0xD5D5, 0xDE17, 0x734D, 0x20E3, 0x2925, 0x2946, 0x3166, 0x2905, 0x41A7, 0xACF3,
  0xD637, 0xA4B2, 0x41C7, 0x2945, 0x2925, 0x39C8, 0x39A7, 0x2125, 0x2925, 0x2925, 0x2925, 0x2925, 0x2925, 0x2925, 0x2925, 0x2125,
  0x18E4, 0x2925, 0x2945, 0x2925, 0x2925, 0x2925, 0x2925, 0x2925, 0x2925, 0x2925, 0x2925, 0x2925, 0x2125, 0x2104, 0x2125, 0x2946,
  0x2105, 0x18A3, 0x18E4, 0x2125, 0x2945, 0x2125, 0x2125, 0x2945, 0x2945, 0x2945, 0x2925, 0x2125, 0x2925, 0x2945, 0x2945, 0x2925,
  0x2945, 0x3125, 0x93CF, 0xC4F4, 0xC4B3, 0xC4B3, 0xC4B4, 0xC4B4, 0xC4D4, 0xC4B3, 0xC4F3, 0xAC71, 0xCD74, 0xDDF6, 0xD5F5, 0xD616,
  0x6B2C, 0x2104, 0x2945, 0x2945, 0x2946, 0x2945, 0x2945, 0x2945, 0x2945, 0x2945, 0x2945, 0x2945, 0x2125, 0x41E8, 0x5229, 0x41A7,
  0x3986, 0x41A7, 0x39A7, 0x3966, 0x3924, 0x72A8, 0xABEC, 0xABEC, 0xAC0C, 0x9B8A, 0x7266, 0x5162, 0x4921, 0x59A4, 0x6206, 0x7AA8,
  0x8B09, 0x936B, 0x9B8B, 0x8B09, 0x8AE8, 0x9329, 0x82C7, 0x9308, 0x82E8, 0x9349, 0x8AE7, 0x9B49, 0xA38A, 0x9328, 0x82A7, 0x9329,
  0x934A, 0x82A7, 0x8B08, 0x9349, 0x8AC8, 0x8B08, 0x9309, 0x8AE8, 0x8B08, 0x9329, 0x8AE8, 0x8AE8, 0x8B08, 0x9349, 0x9328, 0x8286,
  0x9308, 0x9308, 0x9329, 0x9329, 0x82C7, 0x9329, 0x9329, 0x7A86, 0x82C7, 0x82A7, 0x82A7, 0x8AE8, 0x8AE8, 0x7A86, 0x82C7, 0x8AC8,
  0x9C0F, 0x9BEF, 0x93AE, 0x9BCF, 0xA410, 0xA3EF, 0x93AE, 0x8B2C, 0x9BEF, 0x9BCF, 0xA3CF, 0xA3CF, 0xA3EF, 0x938E, 0xAC91, 0xDDF6,
  0xD5F6, 0xD5F5, 0xD5F5, 0xD5F6, 0xD5F5, 0xD5F5, 0xD5F5, 0xD5F5, 0xD5F5, 0xD5F5, 0xD5F5, 0xD5F5, 0xD5F5, 0xD5F5, 0xD5F5, 0xD5F5,
  0xD5F5, 0xD5F5, 0xD5F5, 0xD5F5, 0xD5F5, 0xD5F5, 0xD5F5, 0xD5F5, 0xD5F5, 0xD5F5, 0xD5F5, 0xD5F5, 0xD5F5, 0xD5F5, 0xD5F5, 0xD5F5,
  0xD5F5, 0xD5F5, 0xD5F5, 0xD5F5, 0xD5F5, 0xD5F5, 0xD5F5, 0xD5F5, 0xD5F5, 0xD5F5, 0xD5F5, 0xD5F5, 0xD5F5, 0xD5F5, 0xD5F5, 0xD5F5,
  0xD5F5, 0xD5F5, 0xD5F5, 0xD5F5, 0xD5F5, 0xD5F5, 0xD5F5, 0xD5F5, 0xD5F5, 0xD5F5, 0xD5F5, 0xD5F6, 0xD5F6, 0xD5F6, 0xCD95, 0xA450,
  0xDE37, 0xE658, 0xD5F6, 0xD5F6, 0xD5F6, 0xD5F6, 0xD5F6, 0xD5F5, 0xD5F5, 0xD5F5, 0xD5F5, 0xD5F5, 0xD5F5, 0xD5F5, 0xD5F5, 0xD5F5,
  0xD5F5, 0xD5F5, 0xD5F5, 0xD5F5, 0xD5F5, 0xD5F5, 0xD5F5, 0xD5F5, 0xD5F5, 0xD5F5, 0xD5F5, 0xD5F5, 0xD5F5, 0xD5F5, 0xD5F5, 0xD5F5,
  0xD5F5, 0xD5F5, 0xD5F5, 0xD5F5, 0xD5F5, 0xD5F5, 0xD5F5, 0xD5F5, 0xD5F5, 0xD5F5, 0xD5F5, 0xD5F5, 0xD5F5, 0xD5F5, 0xD5F5, 0xD5F5,
  0xD5F5, 0xD5F5, 0xD5F5, 0xD5F5, 0xD5F5, 0xD5F5, 0xD5F5, 0xD5F5, 0xD5F5, 0xD5F5, 0xD5F5, 0xD5F5, 0xD5F5, 0xD5F5, 0xD5F5, 0xD5F5,
  0xD5F5, 0xD5F5, 0xD5F5, 0xD5F5, 0xD5F5, 0xD5F5, 0xD5F5, 0xD5F5, 0xD5F5, 0xD5F5, 0xD5F5, 0xD5F5, 0xD5F5, 0xD5F5, 0xD5F5, 0xD5F5,
  0xD5D5, 0xD5F6, 0xD5F6, 0xD5F6, 0xD5F6, 0xD5F6, 0xD5D5, 0xDE37, 0x83CE, 0x2924, 0x39C7, 0x4229, 0x31A7, 0x3187, 0x3145, 0x49E7,
  0xA4B1, 0xC5B5, 0x83EF, 0x2104, 0x2125, 0x3166, 0x41E8, 0x2925, 0x2945, 0x2925, 0x2925, 0x2925, 0x2925, 0x2925, 0x2925, 0x2125,
  0x20E4, 0x2945, 0x2945, 0x2945, 0x2925, 0x2925, 0x2925, 0x2925, 0x2925, 0x2925, 0x2925, 0x2925, 0x2945, 0x2125, 0x2104, 0x2925,
  0x2104, 0x10A3, 0x18A3, 0x18E4, 0x2125, 0x2945, 0x2945, 0x2945, 0x2945, 0x2945, 0x2945, 0x2925, 0x2945, 0x2945, 0x2945, 0x2945,
  0x2925, 0x5A09, 0xBCB3, 0xC4B3, 0xC4B3, 0xC4B3, 0xC4D4, 0xC4B4, 0xC4D4, 0xC4D3, 0xC4D3, 0xAC71, 0xD5B5, 0xD5F6, 0xD615, 0xCDF5,
  0x62CA, 0x2924, 0x2946, 0x2945, 0x2946, 0x2945, 0x2945, 0x2945, 0x2945, 0x2945, 0x2945, 0x2945, 0x2125, 0x39A7, 0x4A29, 0x41A7,
  0x4186, 0x3987, 0x3987, 0x3145, 0x4184, 0x938C, 0xAC0D, 0x9B8B, 0x7266, 0x5162, 0x4921, 0x59A3, 0x6A25, 0x82E8, 0x8B09, 0x8B29,
  0x8B29, 0x9B6A, 0x9B8A, 0x9B49, 0x8AC7, 0x9349, 0x82C7, 0x9329, 0x82E8, 0x9B6A, 0x8AE8, 0x9348, 0xA38A, 0x9349, 0x82A7, 0x8B09,
  0x9B4A, 0x82C7, 0x82C7, 0x9B4A, 0x8AE8, 0x9329, 0x9349, 0x82C7, 0x8AE7, 0x9349, 0x9308, 0x8B08, 0x9329, 0x9349, 0x9329, 0x8286,
  0x9308, 0x9328, 0x9329, 0x9349, 0x8AE8, 0x8AE8, 0x9329, 0x7A86, 0x82A7, 0x82A7, 0x7A86, 0x8B08, 0x8B08, 0x8287, 0x82A7, 0x8B08,
  0xC5B6, 0xD638, 0xBD34, 0xAC51, 0x9BAF, 0x9BCF, 0x9BAF, 0x8B2D, 0x9BEF, 0x9BCF, 0xA3CF, 0xA3CF, 0x9BCF, 0x9BEF, 0x938E, 0xC534,
  0xD5F6, 0xD5F5, 0xD5F6, 0xD5F6, 0xD5F5, 0xD5F5, 0xD5F5, 0xD5F5, 0xD5F5, 0xD5F5, 0xD5F5, 0xD5F5, 0xD5F5, 0xD5F5, 0xD5F5, 0xD5F5,
  0xD5F5, 0xD5F5, 0xD5F5, 0xD5F5, 0xD5F5, 0xD5F5, 0xD5F5, 0xD5F5, 0xD5F5, 0xD5F5, 0xD5F5, 0xD5F5, 0xD5F5, 0xD5F5, 0xD5F5, 0xD5F5,
  0xD5F5, 0xD5F5, 0xD5F5, 0xD5F5, 0xD5F5, 0xD5F5, 0xD5F5, 0xD5F5, 0xD5F5, 0xD5F5, 0xD5F5, 0xD5F5, 0xD5F5, 0xD5F5, 0xD5F5, 0xD5F5,
  0xD5F5, 0xD5F5, 0xD5F5, 0xD5F5, 0xD5F5, 0xD5F5, 0xD5F5, 0xD5F5, 0xD5F5, 0xD5F5, 0xD5F5, 0xD5F6, 0xD5F6, 0xD5D5, 0xD5F6, 0xC553,
  0xACB2, 0xF6DA, 0xDE37, 0xD5D6, 0xD5F6, 0xD5F6, 0xD5F6, 0xD5F5, 0xD5F5, 0xD5F5, 0xD5F5, 0xD5F5, 0xD5F5, 0xD5F5, 0xD5F5, 0xD5F5,
  0xD5F5, 0xD5F5, 0xD5F5, 0xD5F5, 0xD5F5, 0xD5F5, 0xD5F5, 0xD5F5, 0xD5F5, 0xD5F5, 0xD5F5, 0xD5F5, 0xD5F5, 0xD5F5, 0xD5F5, 0xD5F5,
  0xD5F5, 0xD5F5, 0xD5F5, 0xD5F5, 0xD5F5, 0xD5F5, 0xD5F5, 0xD5F5, 0xD5F5, 0xD5F5, 0xD5F5, 0xD5F5, 0xD5F5, 0xD5F5, 0xD5F5, 0xD5F5,
  0xD5F5, 0xD5F5, 0xD5F5, 0xD5F5, 0xD5F5, 0xD5F5, 0xD5F5, 0xD5F5, 0xD5F5, 0xD5F5, 0xD5F5, 0xD5F5, 0xD5F5, 0xD5F5, 0xD5F5, 0xD5F5,
  0xD5F5, 0xD5F5, 0xD5F5, 0xD5F5, 0xD5F5, 0xD5F5, 0xD5F5, 0xD5F5, 0xD5F5, 0xD5F5, 0xD5F5, 0xD5F5, 0xD5F5, 0xD5F5, 0xD5F5, 0xD5F5,
  0xD5D5, 0xD5F6, 0xD5F6, 0xD5F6, 0xD5F6, 0xD5F6, 0xD5D5, 0xDE16, 0x8C0F, 0x39A6, 0x4A28, 0x4229, 0x3A09, 0x4229, 0x39E8, 0x2945,
  0x3144, 0x39A6, 0x39A6, 0x2945, 0x2945, 0x2925, 0x39E8, 0x3186, 0x2125, 0x2925, 0x2925, 0x2925, 0x2925, 0x2925, 0x2925, 0x2125,
  0x2105, 0x2945, 0x2925, 0x2945, 0x2925, 0x2925, 0x2925, 0x2925, 0x2925, 0x2925, 0x2925, 0x2925, 0x2945, 0x2945, 0x2105, 0x2105,
  0x18E4, 0x18C3, 0x18C3, 0x18C3, 0x18C3, 0x20E4, 0x2125, 0x2945, 0x2945, 0x2945, 0x2945, 0x2945, 0x2945, 0x2945, 0x2125, 0x2125,
  0x20E4, 0x8BAF, 0xCCD4, 0xC4B3, 0xC4B3, 0xC4D3, 0xC4B4, 0xCCB4, 0xC4D4, 0xC4F4, 0xBCB2, 0xB492, 0xDDF6, 0xD5F6, 0xD5F5, 0xCDD5,
  0x4A07, 0x2104, 0x2945, 0x2945, 0x2946, 0x2945, 0x2945, 0x2945, 0x2945, 0x2945, 0x2945, 0x2945, 0x2125, 0x3166, 0x4A09, 0x3986,
  0x4186, 0x3986, 0x3187, 0x2925, 0x6268, 0x9BAC, 0x7267, 0x4963, 0x4922, 0x59A4, 0x7266, 0x82E8, 0x8B29, 0x9B6A, 0x9369, 0x8B08,
  0x9328, 0x9349, 0x9B6A, 0x9B6A, 0x8AC7, 0x9349, 0x82C7, 0x8B49, 0x8AE8, 0x9349, 0x9328, 0x9328, 0xA38A, 0x9B69, 0x82C7, 0x8AE8,
  0x9B6A, 0x8AE8, 0x82A7, 0x9B4A, 0x9309, 0x9309, 0x9B4A, 0x8AC8, 0x82C7, 0x9B49, 0x9329, 0x8AC7, 0x9329, 0x9349, 0x9349, 0x82A7,
  0x8AC7, 0x9B49, 0x9329, 0x9349, 0x8B08, 0x8AC8, 0x9329, 0x7A86, 0x82A7, 0x8AE8, 0x7A86, 0x8B08, 0x9329, 0x82C7, 0x7A86, 0x8AE8,
  0xCE38, 0xEEDB, 0xEEDB, 0xEE7A, 0xD5B6, 0xAC31, 0x8B4D, 0x8B4D, 0x9BEF, 0x9BCF, 0xA3CF, 0xA3CF, 0xA3CF, 0x9BCF, 0x9BCF, 0x93CE,
  0xCDB5, 0xD5F6, 0xD5F6, 0xD5F5, 0xD5F5, 0xD5F5, 0xD5F5, 0xD5F5, 0xD5F5, 0xD5F5, 0xD5F5, 0xD5F5, 0xD5F5, 0xD5F5, 0xD5F5, 0xD5F5,
  0xD5F5, 0xD5F5, 0xD5F5, 0xD5F5, 0xD5F5, 0xD5F5, 0xD5F5, 0xD5F5, 0xD5F5, 0xD5F5, 0xD5F5, 0xD5F5, 0xD5F5, 0xD5F5, 0xD5F5, 0xD5F5,
  0xD5F5, 0xD5F5, 0xD5F5, 0xD5F5, 0xD5F5, 0xD5F5, 0xD5F5, 0xD5F5, 0xD5F5, 0xD5F5, 0xD5F5, 0xD5F5, 0xD5F5, 0xD5F5, 0xD5F5, 0xD5F5,
  0xD5F5, 0xD5F5, 0xD5F5, 0xD5F5, 0xD5F5, 0xD5F5, 0xD5F5, 0xD5F5, 0xD5F5, 0xD5F5, 0xD5F5, 0xD5F5, 0xD5F6, 0xD5F6, 0xD5F6, 0xD5F6,
  0xB4D2, 0xCD95, 0xF6FA, 0xD5F6, 0xD5F6, 0xD5F6, 0xD5F6, 0xD5D5, 0xD5F5, 0xD5F5, 0xD5F5, 0xD5F5, 0xD5F5, 0xD5F5, 0xD5F5, 0xD5F5,
  0xD5F5, 0xD5F5, 0xD5F5, 0xD5F5, 0xD5F5, 0xD5F5, 0xD5F5, 0xD5F5, 0xD5F5, 0xD5F5, 0xD5F5, 0xD5F5, 0xD5F5, 0xD5F5, 0xD5F5, 0xD5F5,
  0xD5F5, 0xD5F5, 0xD5F5, 0xD5F5, 0xD5F5, 0xD5F5, 0xD5F5, 0xD5F5, 0xD5F5, 0xD5F5, 0xD5F5, 0xD5F5, 0xD5F5, 0xD5F5, 0xD5F5, 0xD5F5,
  0xD5F5, 0xD5F5, 0xD5F5, 0xD5F5, 0xD5F5, 0xD5F5, 0xD5F5, 0xD5F5, 0xD5F5, 0xD5F5, 0xD5F5, 0xD5F5, 0xD5F5, 0xD5F5, 0xD5F5, 0xD5F5,
  0xD5F5, 0xD5F5, 0xD5F5, 0xD5F5, 0xD5F5, 0xD5F5, 0xD5F5, 0xD5F5, 0xD5F5, 0xD5F5, 0xD5F5, 0xD5F5, 0xD5F5, 0xD5F5, 0xD5F5, 0xD5F5,
  0xD5D5, 0xD5F6, 0xD5F6, 0xD5F6, 0xD5F6, 0xD5F5, 0xD5F6, 0xD5F6, 0x83AD, 0x62CA, 0x6B4C, 0x4228, 0x3A08, 0x39C7, 0x4229, 0x4A29,
  0x41E7, 0x2904, 0x2104, 0x2925, 0x2945, 0x2125, 0x3186, 0x39E8, 0x2925, 0x2925, 0x2925, 0x2925, 0x2925, 0x2925, 0x2925, 0x2125,
  0x2125, 0x2945, 0x2925, 0x2945, 0x2925, 0x2925, 0x2925, 0x2925, 0x2925, 0x2925, 0x2925, 0x2925, 0x2925, 0x2945, 0x2925, 0x18E4,
  0x10A3, 0x18C3, 0x18A3, 0x10A3, 0x18A3, 0x18A3, 0x18C3, 0x18E4, 0x20E4, 0x20E4, 0x2104, 0x2104, 0x2104, 0x20E4, 0x18E4, 0x10A3,
  0x5228, 0xBCD4, 0xC493, 0xCCB3, 0xC4B3, 0xC4D3, 0xC4B4, 0xCCB4, 0xC4B4, 0xC4F4, 0xB492, 0xBCD2, 0xDDF6, 0xD5F5, 0xD616, 0xB532,
  0x3124, 0x18A3, 0x2104, 0x2945, 0x2946, 0x2945, 0x2945, 0x2945, 0x2945, 0x2945, 0x2945, 0x2945, 0x2925, 0x4208, 0x41E8, 0x3986,
  0x4186, 0x3966, 0x2946, 0x3145, 0x4985, 0x4963, 0x4102, 0x51A4, 0x6226, 0x7AA8, 0x936B, 0x9B8B, 0x9349, 0x9B69, 0xA38A, 0x9308,
  0x9328, 0x9349, 0x9B69, 0xA38A, 0x8AE8, 0x9349, 0x82E8, 0x8B29, 0x8B09, 0x8B08, 0x9349, 0x9328, 0x9B8A, 0x9B8A, 0x8B08, 0x8AE8,
  0x9B8A, 0x9309, 0x82A7, 0x9329, 0x9309, 0x8AC8, 0x9B4A, 0x8B08, 0x82C7, 0x9B49, 0x9B49, 0x8AE7, 0x8AE8, 0x9349, 0x9349, 0x8AC7,
  0x8AC7, 0x9B49, 0x9329, 0x9349, 0x9308, 0x8AC8, 0x9309, 0x7A86, 0x82A7, 0x8AE8, 0x82A7, 0x8B08, 0x9329, 0x8B08, 0x7A86, 0x82A7,
  0xDE39, 0xEEBB, 0xE69A, 0xEEBA, 0xEEBB, 0xEEBA, 0x93AE, 0x8B4D, 0xA3EF, 0xA3CF, 0xA3CF, 0xA3CF, 0xA3CF, 0xA3CF, 0xA3CF, 0x938E,
  0xA450, 0xD5F6, 0xD5D5, 0xD5F5, 0xD5F5, 0xD5F5, 0xD5F6, 0xD5F6, 0xD5F5, 0xD5F5, 0xD5F5, 0xD5F5, 0xD5F5, 0xD5F5, 0xD5F5, 0xD5F5,
  0xD5F5, 0xD5F5, 0xD5F5, 0xD5F5, 0xD5F5, 0xD5F5, 0xD5F5, 0xD5F5, 0xD5F6, 0xD5F6, 0xD5F6, 0xD5F6, 0xD5F6, 0xD5F6, 0xD5F6, 0xD5F6,
  0xD5F5, 0xD5F5, 0xD5F5, 0xD5F5, 0xD5F5, 0xD5F5, 0xD5F5, 0xD5F5, 0xD5F5, 0xD5F5, 0xD5F5, 0xD5F5, 0xD5F5, 0xD5F5, 0xD5F5, 0xD5F5,
  0xD5F6, 0xD5F6, 0xD5F6, 0xD5F6, 0xD5F6, 0xD5F6, 0xD5F6, 0xD5F6, 0xD5F6, 0xD5F6, 0xD5F6, 0xD5F6, 0xD5F6, 0xD5F6, 0xD5F6, 0xD5F6,
  0xD5D5, 0xACB1, 0xE678, 0xEEDA, 0xCDF6, 0xD5F6, 0xD5F5, 0xD5F5, 0xD5F6, 0xD5F5, 0xD5F5, 0xD5F5, 0xD5F5, 0xD5F5, 0xD5F5, 0xD5F5,
  0xD5F5, 0xD5F5, 0xD5F5, 0xD5F5, 0xD5F5, 0xD5F5, 0xD5F5, 0xD5F5, 0xD5F5, 0xD5F5, 0xD5F5, 0xD5F5, 0xD5F5, 0xD5F5, 0xD5F5, 0xD5F5,
  0xD5F6, 0xD5F6, 0xD5F6, 0xD5F6, 0xD5F6, 0xD5F6, 0xD5F6, 0xD5F6, 0xD5F6, 0xD5F6, 0xD5F6, 0xD5F6, 0xD5F6, 0xD5F6, 0xD5F6, 0xD5F6,
  0xD5F5, 0xD5F5, 0xD5F5, 0xD5F5, 0xD5F6, 0xD5F6, 0xD5F6, 0xD5F6, 0xD5F6, 0xD5F6, 0xD5F6, 0xD5F6, 0xD5F6, 0xD5F6, 0xD5F6, 0xD5F6,
  0xD5F6, 0xD5F6, 0xD5F6, 0xD5F6, 0xD5F6, 0xD5F6, 0xD5F6, 0xD5F6, 0xD5F6, 0xD5F6, 0xD5F6, 0xD5F6, 0xD5F6, 0xD5F6, 0xD5F6, 0xD5F6,
  0xD5F6, 0xD5F6, 0xD5F6, 0xD5F5, 0xD5F5, 0xD5F5, 0xD616, 0xB533, 0xAD33, 0x944F, 0x9C6E, 0x83AB, 0x83CB, 0x734A, 0x4A48, 0x4228,
  0x4A49, 0x4209, 0x3167, 0x2925, 0x2125, 0x2925, 0x2105, 0x39C9, 0x3187, 0x2125, 0x2945, 0x2925, 0x2945, 0x2925, 0x2925, 0x2925,
  0x2925, 0x2925, 0x2925, 0x2925, 0x2925, 0x2925, 0x2925, 0x2925, 0x2925, 0x2925, 0x2925, 0x2925, 0x2925, 0x2925, 0x2925, 0x18E4,
  0x10A3, 0x10C3, 0x10A3, 0x10A3, 0x18A3, 0x18A3, 0x10A3, 0x18A3, 0x18A3, 0x18A3, 0x18C3, 0x18C3, 0x18C3, 0x18A3, 0x18C3, 0x28E4,
  0x9BAF, 0xC4D4, 0xC493, 0xC4B4, 0xC4B4, 0xC4B4, 0xC4B4, 0xC4B4, 0xCCB4, 0xC4F4, 0xAC71, 0xCD75, 0xDE17, 0xD5D6, 0xDE37, 0x8BCD,
  0x18A3, 0x18C3, 0x18C3, 0x2104, 0x2925, 0x2945, 0x2945, 0x2945, 0x2945, 0x2945, 0x2945, 0x2925, 0x3186, 0x524A, 0x41A7, 0x3987,
  0x3986, 0x2925, 0x2925, 0x3125, 0x3104, 0x4984, 0x6205, 0x82C8, 0x82E8, 0x8AE8, 0x9B8A, 0x9B8A, 0x9B49, 0x9B49, 0xA38A, 0x9329,
  0x9329, 0x9349, 0x9B6A, 0x9B6A, 0x9329, 0x9349, 0x82C8, 0x82E8, 0x9349, 0x8AE8, 0x9B6A, 0x8B08, 0x9B6A, 0x9B8A, 0x9349, 0x8AC7,
  0x9B6A, 0x9329, 0x82A7, 0x8B08, 0x9329, 0x82A7, 0x9329, 0x9329, 0x82C7, 0x9329, 0x9B6A, 0x8B08, 0x82C7, 0x9329, 0x9B69, 0x8AE8,
  0x82A7, 0x9349, 0x9B49, 0x9B49, 0x9328, 0x8AE7, 0x8B08, 0x82A7, 0x82A7, 0x8AE8, 0x82A7, 0x8AE8, 0x9329, 0x8AE8, 0x7A86, 0x8287,
  0xE67A, 0xEEBA, 0xE6BA, 0xEEBA, 0xEEDA, 0xDDF8, 0x9BCF, 0x9BAF, 0xA3CF, 0xA3CF, 0xA3CF, 0xA3CF, 0xA3CF, 0xA3CF, 0xA3CF, 0xA3EF,
  0x8B8D, 0xBCF3, 0xD5F6, 0xD5F5, 0xD5F5, 0xD5F5, 0xD5F6, 0xD5F6, 0xD5F5, 0xD5F5, 0xD5F5, 0xD5F5, 0xD5F5, 0xD5F5, 0xD5F5, 0xD5F5,
  0xD5F5, 0xD5F5, 0xD5F5, 0xD5F5, 0xD5F5, 0xD5F5, 0xD5F5, 0xD5F5, 0xD5F6, 0xD5F6, 0xD5F6, 0xD5F6, 0xD5F6, 0xD5F6, 0xD5F6, 0xD5F6,
  0xD5F5, 0xD5F5, 0xD5F5, 0xD5F5, 0xD5F5, 0xD5F5, 0xD5F5, 0xD5F5, 0xD5F5, 0xD5F5, 0xD5F5, 0xD5F5, 0xD5F5, 0xD5F5, 0xD5F5, 0xD5F5,
  0xD5F6, 0xD5F6, 0xD5F6, 0xD5F6, 0xD5F6, 0xD5F6, 0xD5F6, 0xD5F6, 0xD5F6, 0xD5F6, 0xD5F6, 0xD5F6, 0xD5F6, 0xD5F6, 0xD5F6, 0xD5F6,
  0xDDF6, 0xCD94, 0xB4F2, 0xF71A, 0xE699, 0xCDF5, 0xD5F6, 0xD5F5, 0xD5F6, 0xD5F5, 0xD5F5, 0xD5F5, 0xD5F5, 0xD5F5, 0xD5F5, 0xD5F5,
  0xD5F5, 0xD5F5, 0xD5F5, 0xD5F5, 0xD5F5, 0xD5F5, 0xD5F5, 0xD5F5, 0xD5F5, 0xD5F5, 0xD5F5, 0xD5F5, 0xD5F5, 0xD5F5, 0xD5F5, 0xD5F5,
  0xD5F6, 0xD5F6, 0xD5F6, 0xD5F6, 0xD5F6, 0xD5F6, 0xD5F6, 0xD5F6, 0xD5F6, 0xD5F6, 0xD5F6, 0xD5F6, 0xD5F6, 0xD5F6, 0xD5F6, 0xD5F6,
  0xD5F5, 0xD5F5, 0xD5F5, 0xD5F5, 0xD5F6, 0xD5F6, 0xD5F6, 0xD5F6, 0xD5F6, 0xD5F6, 0xD5F6, 0xD5F6, 0xD5F6, 0xD5F6, 0xD5F6, 0xD5F6,
  0xD5F6, 0xD5F6, 0xD5F6, 0xD5F6, 0xD5F6, 0xD5F6, 0xD5F6, 0xD5F6, 0xD5F6, 0xD5F6, 0xD5F6, 0xD5F6, 0xD5F6, 0xD5F6, 0xD5F6, 0xD5F6,
  0xD5F6, 0xD5F6, 0xD5F5, 0xD5F5, 0xD5F5, 0xD616, 0xC595, 0xA4D2, 0xD678, 0xA4F1, 0x942D, 0xA48E, 0xA48D, 0x9C6E, 0x83ED, 0x630A,
  0x5288, 0x5248, 0x4A28, 0x3985, 0x3164, 0x3164, 0x2104, 0x3187, 0x39E8, 0x2945, 0x2125, 0x2925, 0x2945, 0x2925, 0x2925, 0x2925,
  0x2925, 0x2925, 0x2925, 0x2925, 0x2925, 0x2925, 0x2925, 0x2925, 0x2925, 0x2925, 0x2925, 0x2925, 0x2945, 0x2925, 0x2945, 0x2105,
  0x10C3, 0x10A3, 0x10A3, 0x18C3, 0x18A3, 0x18A3, 0x18A3, 0x18A3, 0x18A3, 0x18C3, 0x18C3, 0x10C3, 0x18C3, 0x18C3, 0x1062, 0x5A6A,
  0xC4D4, 0xC4B3, 0xC4D4, 0xC4B4, 0xC4B4, 0xC4B4, 0xC4B4, 0xC4B4, 0xCCB3, 0xC4F4, 0x93CE, 0x8BCE, 0xBD13, 0xD5D6, 0xCDD6, 0x4A07,
  0x10A3, 0x18C4, 0x18C3, 0x18C3, 0x18E4, 0x2125, 0x2945, 0x2945, 0x2945, 0x2945, 0x2945, 0x2925, 0x4A49, 0x4A09, 0x3987, 0x3987,
  0x2925, 0x2905, 0x2905, 0x2905, 0x3985, 0x6AA9, 0x7AA8, 0x8B08, 0x8AE8, 0x8AE8, 0x9B6A, 0xA38A, 0x9B69, 0x9B49, 0xA38A, 0x9309,
  0x9349, 0x9349, 0x9349, 0x9B49, 0x9B6A, 0x9349, 0x8AE8, 0x82A8, 0x9349, 0x82C7, 0x934A, 0x9329, 0x9B69, 0x9B49, 0x9B49, 0x8AC7,
  0x9349, 0x9349, 0x82A7, 0x8AC8, 0x9329, 0x82C7, 0x8AC8, 0x9309, 0x8AE8, 0x8B08, 0x9B49, 0x9308, 0x82A7, 0x9329, 0x9B6A, 0x9308,
  0x7A87, 0x9329, 0x9349, 0x9B69, 0x9328, 0x8AE7, 0x8B08, 0x82A7, 0x82C7, 0x8B08, 0x82C7, 0x8AC8, 0x8B08, 0x9309, 0x8287, 0x7A86,
  0xE69A, 0xEEBA, 0xEEDB, 0xE679, 0xBD14, 0x93AF, 0x9BCF, 0xA3F0, 0xA3CF, 0xA3CF, 0xA3CF, 0xA3CF, 0xA3CF, 0xA3CF, 0xA3CF, 0xA3EF,
  0x9BEF, 0x8B8D, 0xC574, 0xDE16, 0xD5F6, 0xD5F6, 0xD5F6, 0xD5F6, 0xD5F6, 0xD5F5, 0xD5F5, 0xD5F5, 0xD5F5, 0xD5F5, 0xD5F5, 0xD5F5,
  0xD5F5, 0xD5F5, 0xD5F5, 0xD5F5, 0xD5F5, 0xD5F5, 0xD5F5, 0xD5F5, 0xD5F6, 0xD5F6, 0xD5F6, 0xD5F6, 0xD5F6, 0xD5F6, 0xD5F6, 0xD5F6,
  0xD5F5, 0xD5F5, 0xD5F5, 0xD5F5, 0xD5F5, 0xD5F5, 0xD5F5, 0xD5F5, 0xD5F5, 0xD5F5, 0xD5F5, 0xD5F5, 0xD5F5, 0xD5F5, 0xD5F5, 0xD5F5,
  0xD5F6, 0xD5F6, 0xD5F6, 0xD5F6, 0xD5F6, 0xD5F6, 0xD5F6, 0xD5F6, 0xD5F6, 0xD5F6, 0xD5F6, 0xD5F6, 0xD5F6, 0xD5F6, 0xD5F6, 0xD5F6,
  0xD5F5, 0xD5F6, 0xBD33, 0xC595, 0xFF3B, 0xE678, 0xD5F6, 0xD5F6, 0xD5F6, 0xD5F6, 0xD5F6, 0xD5F5, 0xD5F5, 0xD5F5, 0xD5F5, 0xD5F5,
  0xD5F5, 0xD5F5, 0xD5F5, 0xD5F5, 0xD5F5, 0xD5F5, 0xD5F5, 0xD5F5, 0xD5F5, 0xD5F5, 0xD5F5, 0xD5F5, 0xD5F5, 0xD5F5, 0xD5F5, 0xD5F5,
  0xD5F6, 0xD5F6, 0xD5F6, 0xD5F6, 0xD5F6, 0xD5F6, 0xD5F6, 0xD5F6, 0xD5F6, 0xD5F6, 0xD5F6, 0xD5F6, 0xD5F6, 0xD5F6, 0xD5F6, 0xD5F6,
  0xD5F5, 0xD5F5, 0xD5F5, 0xD5F5, 0xD5F6, 0xD5F6, 0xD5F6, 0xD5F6, 0xD5F6, 0xD5F6, 0xD5F6, 0xD5F6, 0xD5F6, 0xD5F6, 0xD5F6, 0xD5F6,
  0xD5F6, 0xD5F6, 0xD5F6, 0xD5F6, 0xD5F6, 0xD5F6, 0xD5F6, 0xD5F6, 0xD5F6, 0xD5F6, 0xD5F6, 0xD5F6, 0xD5F6, 0xD5F6, 0xD5F6, 0xD5F6,
  0xD5F5, 0xD5F5, 0xD5F5, 0xD5F5, 0xD5F5, 0xD5F6, 0xACD2, 0xCDD7, 0xD679, 0xC5F6, 0x944E, 0x9C8E, 0x9C6D, 0x9C6D, 0x9C6E, 0x946E,
  0x8C2C, 0x83CB, 0x7B8B, 0x6B29, 0x6B28, 0x6B49, 0x6B2A, 0x39C6, 0x4209, 0x31A7, 0x2125, 0x2945, 0x2925, 0x2925, 0x2925, 0x2925,
  0x2925, 0x2925, 0x2925, 0x2925, 0x2925, 0x2925, 0x2925, 0x2925, 0x2925, 0x2925, 0x2925, 0x2925, 0x2945, 0x2945, 0x2945, 0x2945,
  0x18C3, 0x10A3, 0x18A3, 0x10A3, 0x18A3, 0x18A3, 0x18A3, 0x18A3, 0x10A3, 0x10C3, 0x10C3, 0x18E4, 0x10A3, 0x20C4, 0x5A4A, 0x93F0,
  0xC4D4, 0xC4B4, 0xC4B4, 0xC4B4, 0xC4D4, 0xC4B4, 0xC4D4, 0xC4D4, 0xCCB4, 0xC4F4, 0x6AAA, 0x28E3, 0x3145, 0x628A, 0x732C, 0x2104,
  0x18A3, 0x18C3, 0x18C3, 0x10A3, 0x18A3, 0x18C4, 0x18C4, 0x18E4, 0x18E4, 0x2104, 0x18E4, 0x41E8, 0x526A, 0x3987, 0x3966, 0x2925,
  0x2904, 0x2925, 0x2125, 0x2945, 0x3124, 0x6AC9, 0x8309, 0x82E8, 0x8B09, 0x8B09, 0x9B4A, 0xA3AA, 0x9B69, 0x9B49, 0xA38A, 0x9309,
  0x8B29, 0x9349, 0x9349, 0x9328, 0x9B49, 0x9B4A, 0x8AE9, 0x7A87, 0x934A, 0x82E8, 0x9329, 0x9349, 0x9B49, 0x9349, 0x9349, 0x8AE7,
  0x9309, 0x9B6A, 0x8AC8, 0x82A7, 0x9329, 0x8AE8, 0x8287, 0x8AE8, 0x8AE8, 0x8B08, 0x9349, 0x9349, 0x82C7, 0x9308, 0x9B6A, 0x9329,
  0x7A87, 0x8B08, 0x9328, 0x9B49, 0x9B49, 0x8AE7, 0x8AE8, 0x82C7, 0x82A7, 0x8B08, 0x8AE8, 0x82A7, 0x82A7, 0x9309, 0x82C7, 0x7A86,
  0xE69A, 0xEEBA, 0xC576, 0x9BF0, 0x93AE, 0x9BEF, 0xA3CF, 0xA3CF, 0xA3CF, 0xA3CF, 0xA3CF, 0xA3CF, 0xA3CF, 0xA3CF, 0xA3CF, 0xA3CF,
  0xA40F, 0x93AE, 0x93CE, 0xD5B5, 0xD5F6, 0xD5F6, 0xD5F6, 0xD5F6, 0xD5F5, 0xD5F6, 0xD5F6, 0xD5F5, 0xD5F5, 0xD5F5, 0xD5F5, 0xD5F5,
  0xD5F5, 0xD5F5, 0xD5F5, 0xD5F5, 0xD5F5, 0xD5F5, 0xD5F5, 0xD5F5, 0xD5F6, 0xD5F6, 0xD5F6, 0xD5F6, 0xD5F6, 0xD5F6, 0xD5F6, 0xD5F6,
  0xD5F5, 0xD5F5, 0xD5F5, 0xD5F5, 0xD5F5, 0xD5F5, 0xD5F5, 0xD5F5, 0xD5F5, 0xD5F5, 0xD5F5, 0xD5F5, 0xD5F5, 0xD5F5, 0xD5F5, 0xD5F5,
  0xD5F6, 0xD5F6, 0xD5F6, 0xD5F6, 0xD5F6, 0xD5F6, 0xD5F6, 0xD5F6, 0xD5F6, 0xD5F6, 0xD5F6, 0xD5F6, 0xD5F6, 0xD5F6, 0xD5F6, 0xD5F6,
  0xD5F5, 0xD5F5, 0xD5F6, 0xB512, 0xDE37, 0xFF3B, 0xDE37, 0xD5F6, 0xD5F6, 0xD5F6, 0xD5F6, 0xD5F5, 0xD5F5, 0xD5F5, 0xD5F5, 0xD5F5,
  0xD5F5, 0xD5F5, 0xD5F5, 0xD5F5, 0xD5F5, 0xD5F5, 0xD5F5, 0xD5F5, 0xD5F5, 0xD5F5, 0xD5F5, 0xD5F5, 0xD5F5, 0xD5F5, 0xD5F5, 0xD5F5,
  0xD5F6, 0xD5F6, 0xD5F6, 0xD5F6, 0xD5F6, 0xD5F6, 0xD5F6, 0xD5F6, 0xD5F6, 0xD5F6, 0xD5F6, 0xD5F6, 0xD5F6, 0xD5F6, 0xD5F6, 0xD5F6,
  0xD5F5, 0xD5F5, 0xD5F5, 0xD5F5, 0xD5F6, 0xD5F6, 0xD5F6, 0xD5F6, 0xD5F6, 0xD5F6, 0xD5F6, 0xD5F6, 0xD5F6, 0xD5F6, 0xD5F6, 0xD5F6,
  0xD5F6, 0xD5F6, 0xD5F6, 0xD5F6, 0xD5F6, 0xD5F6, 0xD5F6, 0xD5F6, 0xD5F6, 0xD5F6, 0xD5F6, 0xD5F6, 0xD5F6, 0xD5F6, 0xD5F6, 0xD5F6,
  0xD5F5, 0xD5F5, 0xD5F5, 0xD5F6, 0xD616, 0xACF3, 0xBD75, 0xD659, 0xCE58, 0xD678, 0xA4D0, 0x944D, 0x9C8D, 0x9C6C, 0x9C6C, 0x944C,
  0x946C, 0x944C, 0x944C, 0x944C, 0x944C, 0x8C2C, 0x83EC, 0x4A26, 0x39E8, 0x39E8, 0x2945, 0x2945, 0x2925, 0x2925, 0x2925, 0x2925,
  0x2925, 0x2925, 0x2925, 0x2925, 0x2925, 0x2925, 0x2925, 0x2925, 0x2925, 0x2925, 0x2925, 0x2925, 0x2945, 0x2945, 0x2945, 0x2925,
  0x2104, 0x10A3, 0x1083, 0x18C3, 0x18A3, 0x18A3, 0x18A3, 0x10A3, 0x10C3, 0x10C3, 0x18C3, 0x1883, 0x3987, 0x838F, 0xB4D4, 0x9BF1,
  0xBC93, 0xC4D4, 0xC4B4, 0xC4D4, 0xC4D4, 0xC4D4, 0xC4D4, 0xC4D4, 0xCCD4, 0xBCB3, 0x49E8, 0x2904, 0x2905, 0x20C4, 0x18A3, 0x18C3,
  0x18C3, 0x18A3, 0x18C3, 0x18C4, 0x18C4, 0x18A3, 0x18C3, 0x18C4, 0x18A3, 0x10A3, 0x39C7, 0x52AB, 0x39C7, 0x3146, 0x2925, 0x2104,
  0x2104, 0x2125, 0x2945, 0x2945, 0x2903, 0x6268, 0x8329, 0x82E8, 0x9329, 0x9329, 0x9349, 0xA3AA, 0x9B69, 0x9B69, 0xA38A, 0x9329,
  0x82E8, 0x9B6A, 0x9B6A, 0x9328, 0x8B08, 0x9B6A, 0x8B09, 0x7A87, 0x9349, 0x8B08, 0x8B08, 0x9349, 0x9B49, 0x9B69, 0x9329, 0x9308,
  0x8B08, 0x9B8A, 0x8B08, 0x82A7, 0x9329, 0x8AC8, 0x8287, 0x8AE8, 0x8AE8, 0x8AE8, 0x9329, 0x9B6A, 0x8AC7, 0x8AE8, 0x9B6A, 0x9B49,
  0x82A7, 0x8AE8, 0x8AE8, 0x9328, 0x9B69, 0x8AE7, 0x82C8, 0x82C8, 0x8287, 0x8AE8, 0x9309, 0x82C7, 0x7A66, 0x8AE8, 0x8AE8, 0x7A86,
  0xE679, 0xB4D3, 0x8B8E, 0x93CF, 0xA3EF, 0xA3EF, 0xA3CF, 0xA3CF, 0xA3CF, 0xA3CF, 0xA3CF, 0xA3CF, 0xA3CF, 0xA3CF, 0xA3CF, 0xA3CF,
  0x9BCF, 0xA40F, 0x830C, 0xAC71, 0xEEB9, 0xE678, 0xE678, 0xDE78, 0xD616, 0xD5F6, 0xD5F6, 0xD5F6, 0xD5F5, 0xD5F5, 0xD5D5, 0xD5F5,
  0xD5F5, 0xD5F5, 0xD5F5, 0xD5F5, 0xD5F5, 0xD5F5, 0xD5F5, 0xD5F5, 0xD5F5, 0xD5F5, 0xD5F5, 0xD5F5, 0xD5F6, 0xD5F6, 0xD5F6, 0xD5F6,
  0xD5F5, 0xD5F5, 0xD5F5, 0xD5F5, 0xD5F5, 0xD5F5, 0xD5F5, 0xD5F5, 0xD5F5, 0xD5F5, 0xD5F5, 0xD5F5, 0xD5F5, 0xD5F5, 0xD5F5, 0xD5F5,
  0xD5F6, 0xD5F6, 0xD5F6, 0xD5F6, 0xD5F6, 0xD5F6, 0xD5F6, 0xD5F6, 0xD5F5, 0xD5F5, 0xD5F5, 0xD5F5, 0xD5F6, 0xD5F6, 0xD5F6, 0xD5F6,
  0xD5F6, 0xD5F6, 0xD5F5, 0xD5F5, 0xB512, 0xEEB9, 0xF71A, 0xDE37, 0xD5F6, 0xD5F6, 0xD5F6, 0xD5F6, 0xD5F6, 0xD5F5, 0xD5F5, 0xD5F5,
  0xD5F5, 0xD5F5, 0xD5F5, 0xD5F5, 0xD5F5, 0xD5F5, 0xD5F5, 0xD5F5, 0xD5F5, 0xD5F5, 0xD5F5, 0xD5F5, 0xD5F5, 0xD5F5, 0xD5F5, 0xD5F5,
  0xD5F6, 0xD5F6, 0xD5F6, 0xD5F6, 0xD5F5, 0xD5F5, 0xD5F5, 0xD5F5, 0xD5F6, 0xD5F6, 0xD5F6, 0xD5F6, 0xD5F5, 0xD5F5, 0xD5F5, 0xD5F5,
  0xD5F6, 0xD5F6, 0xD5F6, 0xD5F6, 0xD5F5, 0xD5F5, 0xD5F5, 0xD5F5, 0xD5F6, 0xD5F6, 0xD5F6, 0xD5F6, 0xD5F5, 0xD5F5, 0xD5F5, 0xD5F5,
  0xD5F5, 0xD5F5, 0xD5F5, 0xD5F5, 0xD5F6, 0xD5F6, 0xD5F6, 0xD5F6, 0xD5F5, 0xD5F5, 0xD5F5, 0xD5F5, 0xD5F6, 0xD5F6, 0xD5F6, 0xD5F6,
  0xD5F5, 0xD5F5, 0xD5F5, 0xD616, 0xB554, 0xAD13, 0xDE79, 0xD639, 0xCE79, 0xD699, 0xB574, 0x8C2D, 0x9C8D, 0x9C8C, 0x9C6C, 0x9C6C,
  0x9C6B, 0x944C, 0x942C, 0x942C, 0x8C2B, 0x8C0B, 0x8BEC, 0x5A88, 0x39C7, 0x4229, 0x3187, 0x2925, 0x2945, 0x2945, 0x2945, 0x2945,
  0x2925, 0x2925, 0x2925, 0x2925, 0x2925, 0x2925, 0x2925, 0x2925, 0x2925, 0x2925, 0x2925, 0x2925, 0x2945, 0x2945, 0x2945, 0x2945,
  0x2105, 0x39A7, 0x39A7, 0x18A3, 0x18C3, 0x18C3, 0x18C3, 0x18C3, 0x18C3, 0x18A3, 0x20A3, 0x628B, 0x9C32, 0x8B6F, 0x6A4B, 0x59A8,
  0xAC52, 0xC4D4, 0xC4D4, 0xC4D4, 0xC4B4, 0xCCD4, 0xC4D4, 0xC4D4, 0xCCF4, 0xA431, 0x3966, 0x2945, 0x2126, 0x2105, 0x18A3, 0x10C3,
  0x18C3, 0x18C3, 0x18C4, 0x18C3, 0x18C3, 0x18C3, 0x18C3, 0x18C4, 0x2105, 0x4208, 0x526A, 0x3186, 0x20E4, 0x18A3, 0x20E4, 0x20E4,
  0x2104, 0x2145, 0x2146, 0x2945, 0x2103, 0x5207, 0x832A, 0x82C7, 0x934A, 0x9349, 0x9349, 0xA3AA, 0x9B89, 0x9B6A, 0xA38A, 0x9B49,
  0x82E8, 0x9349, 0xA38A, 0x9B69, 0x8AC7, 0x9B4A, 0x934A, 0x7A87, 0x8B09, 0x8B29, 0x82C8, 0x9349, 0x9328, 0x9B8A, 0x9328, 0x9308,
  0x8AE8, 0x9B6A, 0x8B08, 0x82A7, 0x9329, 0x8AE8, 0x8AC8, 0x8B08, 0x82C7, 0x8AE8, 0x8B08, 0x9B6A, 0x8AE8, 0x8AC7, 0x9B6A, 0x9B49,
  0x82C7, 0x8AE8, 0x8B08, 0x9308, 0x9B69, 0x9328, 0x82A7, 0x82A7, 0x82A7, 0x8AE8, 0x9309, 0x8AE8, 0x7A66, 0x8AC8, 0x9329, 0x82A7,
  0xA471, 0x93AE, 0xA410, 0xA3EF, 0xA3CF, 0xA3CF, 0x9BCF, 0x9BCF, 0xA3CF, 0xA3CF, 0xA3CF, 0xA3CF, 0xA3CF, 0xA3CF, 0xA3CF, 0xA3CF,
  0xA3EF, 0xA3CF, 0x8B4D, 0x836D, 0xD5D7, 0xFF5C, 0xF73B, 0xF73B, 0xEEDA, 0xD617, 0xCDD6, 0xD5F6, 0xD5F6, 0xD5F5, 0xD5F5, 0xD5F5,
  0xD5F5, 0xD5F5, 0xD5F5, 0xD5F5, 0xD5F5, 0xD5F5, 0xD5F5, 0xD5F5, 0xD5F5, 0xD5F5, 0xD5F5, 0xD5F5, 0xD5F6, 0xD5F6, 0xD5F6, 0xD5F6,
  0xD5F5, 0xD5F5, 0xD5F5, 0xD5F5, 0xD5F5, 0xD5F5, 0xD5F5, 0xD5F5, 0xD5F5, 0xD5F5, 0xD5F5, 0xD5F5, 0xD5F5, 0xD5F5, 0xD5F5, 0xD5F5,
  0xD5F6, 0xD5F6, 0xD5F6, 0xD5F6, 0xD5F6, 0xD5F6, 0xD5F6, 0xD5F6, 0xD5F5, 0xD5F5, 0xD5F5, 0xD5F5, 0xD5F6, 0xD5F6, 0xD5F6, 0xD5F6,
  0xD5F5, 0xD5F6, 0xD5F5, 0xD5F6, 0xCD94, 0xB513, 0xF71B, 0xF6FB, 0xD637, 0xD5F6, 0xD5F6, 0xD5F6, 0xD5F6, 0xD5F5, 0xD5F5, 0xD5F5,
  0xD5F5, 0xD5F5, 0xD5F5, 0xD5F5, 0xD5F5, 0xD5F5, 0xD5F5, 0xD5F5, 0xD5F5, 0xD5F5, 0xD5F5, 0xD5F5, 0xD5F5, 0xD5F5, 0xD5F5, 0xD5F5,
  0xD5F6, 0xD5F6, 0xD5F6, 0xD5F6, 0xD5F5, 0xD5F5, 0xD5F5, 0xD5F5, 0xD5F6, 0xD5F6, 0xD5F6, 0xD5F6, 0xD5F5, 0xD5F5, 0xD5F5, 0xD5F5,
  0xD5F6, 0xD5F6, 0xD5F6, 0xD5F6, 0xD5F5, 0xD5F5, 0xD5F5, 0xD5F5, 0xD5F6, 0xD5F6, 0xD5F6, 0xD5F6, 0xD5F5, 0xD5F5, 0xD5F5, 0xD5F5,
  0xD5F5, 0xD5F5, 0xD5F5, 0xD5F5, 0xD5F6, 0xD5F6, 0xD5F6, 0xD5F6, 0xD5F5, 0xD5F5, 0xD5F5, 0xD5F5, 0xD5F6, 0xD5F6, 0xD5F6, 0xD5F5,
  0xD5F5, 0xD5F5, 0xD616, 0xBD75, 0xACF3, 0xD638, 0xD659, 0xD659, 0xD679, 0xCE78, 0xCE57, 0x946E, 0x9C6E, 0x9C8D, 0x9C8C, 0x9C6C,
  0x9C4C, 0x9C4C, 0x942C, 0x942C, 0x942B, 0x8C0B, 0x8C0C, 0x62C9, 0x41E8, 0x39E8, 0x4208, 0x2945, 0x2945, 0x2945, 0x2945, 0x2945,
  0x2925, 0x2925, 0x2925, 0x2925, 0x2925, 0x2925, 0x2925, 0x2925, 0x2925, 0x2925, 0x2925, 0x2925, 0x2945, 0x2945, 0x2945, 0x2945,
  0x20E4, 0x62CC, 0xBDB7, 0x62EC, 0x18A3, 0x18C3, 0x18A3, 0x10A3, 0x18C4, 0x1062, 0x49E8, 0xC577, 0x72ED, 0x5A29, 0x4126, 0x2883,
  0x8B8E, 0xC515, 0xC4D4, 0xC4B4, 0xCCD4, 0xCCD4, 0xC4D4, 0xC4D4, 0xC4F4, 0x834D, 0x2905, 0x2146, 0x2125, 0x18C4, 0x18C4, 0x18C3,
  0x18C3, 0x18A3, 0x18A3, 0x18C3, 0x18C3, 0x18C3, 0x18A3, 0x18C3, 0x2945, 0x2945, 0x18E4, 0x10A3, 0x18A3, 0x18C3, 0x18A3, 0x20E4,
  0x2945, 0x2145, 0x2145, 0x2945, 0x2924, 0x51E6, 0x8B4A, 0x7AA7, 0x9309, 0x934A, 0x9329, 0x9B8A, 0x9B69, 0x9B6A, 0xA38A, 0x9B4A,
  0x82E8, 0x9329, 0xA38A, 0xA38A, 0x8AC7, 0x9B4A, 0x9B6A, 0x7A87, 0x82C8, 0x9349, 0x82C7, 0x9349, 0x9329, 0x9B8A, 0x9329, 0x9308,
  0x8AC8, 0x9B4A, 0x9349, 0x8AC8, 0x9309, 0x9309, 0x8AE8, 0x9349, 0x8AE8, 0x8B08, 0x8B08, 0x9B6A, 0x9329, 0x8AC7, 0x9B49, 0x9B6A,
  0x82E8, 0x82C7, 0x8B08, 0x8AE7, 0x9B69, 0x9349, 0x82C7, 0x7A87, 0x82A7, 0x8AE8, 0x8B08, 0x9309, 0x7A66, 0x8AC8, 0x9329, 0x8AC8,
  0x93AF, 0xA3F0, 0xA3CF, 0xA3CF, 0xA3CF, 0xA3CF, 0x9BEF, 0x9BEF, 0xA3CF, 0xA3CF, 0xA3CF, 0xA3CF, 0xA3CF, 0xA3CF, 0xA3CF, 0xA3CF,
  0xA3CF, 0xA3EF, 0x8B4D, 0x8B8E, 0x834D, 0xD638, 0xF75B, 0xF73B, 0xF73B, 0xEEB9, 0xD5F6, 0xD5F6, 0xD5F6, 0xD5F5, 0xDDD5, 0xD5F5,
  0xD5F5, 0xD5F5, 0xD5F5, 0xD5F5, 0xD5F5, 0xD5F5, 0xD5F5, 0xD5F5, 0xD5F5, 0xD5F5, 0xD5F5, 0xD5F5, 0xD5F6, 0xD5F6, 0xD5F6, 0xD5F6,
  0xD5F5, 0xD5F5, 0xD5F5, 0xD5F5, 0xD5F5, 0xD5F5, 0xD5F5, 0xD5F5, 0xD5F5, 0xD5F5, 0xD5F5, 0xD5F5, 0xD5F5, 0xD5F5, 0xD5F5, 0xD5F5,
  0xD5F6, 0xD5F6, 0xD5F6, 0xD5F6, 0xD5F6, 0xD5F6, 0xD5F6, 0xD5F6, 0xD5F5, 0xD5F5, 0xD5F5, 0xD5F5, 0xD5F6, 0xD5F6, 0xD5F6, 0xD5F6,
  0xD5F5, 0xD5F5, 0xD5F5, 0xD5D5, 0xDE16, 0xBD53, 0xBD54, 0xF73C, 0xEEFA, 0xD616, 0xD5F6, 0xD5F6, 0xD5F6, 0xD5F6, 0xD5D6, 0xD5F5,
  0xD5F5, 0xD5F5, 0xD5F5, 0xD5F5, 0xD5F5, 0xD5F5, 0xD5F5, 0xD5F5, 0xD5F6, 0xD5F6, 0xD5F6, 0xD5F6, 0xD5F5, 0xD5F5, 0xD5F5, 0xD5F5,
  0xD5F6, 0xD5F6, 0xD5F6, 0xD5F6, 0xD5F5, 0xD5F5, 0xD5F5, 0xD5F5, 0xD5F6, 0xD5F6, 0xD5F6, 0xD5F6, 0xD5F5, 0xD5F5, 0xD5F5, 0xD5F5,
  0xD5F6, 0xD5F6, 0xD5F6, 0xD5F6, 0xD5F5, 0xD5F5, 0xD5F5, 0xD5F5, 0xD5F6, 0xD5F6, 0xD5F6, 0xD5F6, 0xD5F5, 0xD5F5, 0xD5F5, 0xD5F5,
  0xD5F5, 0xD5F5, 0xD5F5, 0xD5F5, 0xD5F6, 0xD5F6, 0xD5F6, 0xD5F6, 0xD5F5, 0xD5F5, 0xD5F5, 0xD5F5, 0xD5F6, 0xD5F6, 0xD5F6, 0xD5F5,
  0xDDF6, 0xD5F6, 0xC595, 0xA4B2, 0xCE17, 0xD659, 0xCE38, 0xD659, 0xD658, 0xD658, 0xD678, 0xAD12, 0x8C2D, 0x9C8E, 0x9C8D, 0x9C6C,
  0x9C6C, 0x9C4C, 0x942C, 0x942C, 0x942B, 0x8C2B, 0x942C, 0x734A, 0x4208, 0x39E8, 0x4209, 0x3186, 0x2125, 0x2945, 0x2945, 0x2945,
  0x2925, 0x2925, 0x2925, 0x2925, 0x2925, 0x2925, 0x2925, 0x2925, 0x2925, 0x2925, 0x2925, 0x2925, 0x2945, 0x2945, 0x2945, 0x2945,
  0x3125, 0x28E4, 0x7BAF, 0x9C93, 0x1083, 0x18C3, 0x10A3, 0x10A3, 0x10A3, 0x18A3, 0x3146, 0x732E, 0x49E8, 0x28E4, 0x20C3, 0x1882,
  0x6AAB, 0xC514, 0xC4B4, 0xC4D4, 0xCCD4, 0xC4D4, 0xC4B4, 0xC4D4, 0xC4F4, 0x5A49, 0x2105, 0x2166, 0x18E5, 0x10A4, 0x18C3, 0x18C3,
  0x18C3, 0x18A3, 0x10A3, 0x10A3, 0x18C3, 0x18C3, 0x10A3, 0x18A3, 0x10A3, 0x1083, 0x10A3, 0x18C3, 0x18C3, 0x18A3, 0x18C3, 0x18C3,
  0x20E4, 0x2145, 0x2966, 0x2945, 0x2903, 0x5A27, 0x936B, 0x7A87, 0x8B09, 0x9B6A, 0x9329, 0x9B69, 0x9B49, 0x9B49, 0xA3AB, 0x9B6A,
  0x8B08, 0x8B08, 0x9B8A, 0xA3AA, 0x8AE8, 0x9329, 0xA38B, 0x82C8, 0x82A7, 0x936A, 0x8AE8, 0x9349, 0x9349, 0x9B69, 0x9B49, 0x9328,
  0x8AC8, 0x9349, 0x9B6A, 0x8AE8, 0x8AE8, 0x9309, 0x8B08, 0x9B4A, 0x8B08, 0x8B08, 0x8B08, 0x9B6A, 0x9B49, 0x8AC7, 0x9329, 0xA36A,
  0x8B09, 0x82C7, 0x8B08, 0x8AC7, 0x9B49, 0x9B69, 0x8B08, 0x7A87, 0x82A7, 0x8AE8, 0x8B08, 0x9329, 0x82A7, 0x8AC8, 0x9329, 0x9309,
  0xA3F0, 0xA3CF, 0xA3CF, 0xA3CF, 0xA3CF, 0xA3CF, 0x9BEF, 0x9BEF, 0xA3CF, 0xA3CF, 0xA3CF, 0xA3CF, 0xA3CF, 0xA3CF, 0xA3CF, 0xA3CF,
  0xA3CF, 0xA3EF, 0x832D, 0x938E, 0x834D, 0x940F, 0xDE98, 0xF75B, 0xF73B, 0xF73B, 0xEEB9, 0xD5F6, 0xD5F6, 0xD5F6, 0xD5F5, 0xD5F5,
  0xD5F5, 0xD5F5, 0xD5F5, 0xD5F5, 0xD5F5, 0xD5F5, 0xD5F5, 0xD5F5, 0xD5F5, 0xD5F5, 0xD5F5, 0xD5F5, 0xD5F6, 0xD5F6, 0xD5F6, 0xD5F6,
  0xD5F5, 0xD5F5, 0xD5F5, 0xD5F5, 0xD5F5, 0xD5F5, 0xD5F5, 0xD5F5, 0xD5F5, 0xD5F5, 0xD5F5, 0xD5F5, 0xD5F5, 0xD5F5, 0xD5F5, 0xD5F5,
  0xD5F6, 0xD5F6, 0xD5F6, 0xD5F6, 0xD5F6, 0xD5F6, 0xD5F6, 0xD5F6, 0xD5F5, 0xD5F5, 0xD5F5, 0xD5F5, 0xD5F6, 0xD5F6, 0xD5F6, 0xD5F6,
  0xD5F5, 0xD5F5, 0xD5F5, 0xD5F5, 0xD5F6, 0xD5F6, 0xACD2, 0xC5B6, 0xFF3B, 0xEEDA, 0xD616, 0xD5F6, 0xD5F6, 0xD5F5, 0xD5D6, 0xD5D6,
  0xD5F5, 0xD5F5, 0xD5F5, 0xD5F5, 0xD5F5, 0xD5F5, 0xD5F5, 0xD5F5, 0xD5F6, 0xD5F6, 0xD5F6, 0xD5F6, 0xD5F5, 0xD5F5, 0xD5F5, 0xD5F5,
  0xD5F6, 0xD5F6, 0xD5F6, 0xD5F6, 0xD5F5, 0xD5F5, 0xD5F5, 0xD5F5, 0xD5F6, 0xD5F6, 0xD5F6, 0xD5F6, 0xD5F5, 0xD5F5, 0xD5F5, 0xD5F5,
  0xD5F6, 0xD5F6, 0xD5F6, 0xD5F6, 0xD5F5, 0xD5F5, 0xD5F5, 0xD5F5, 0xD5F6, 0xD5F6, 0xD5F6, 0xD5F6, 0xD5F5, 0xD5F5, 0xD5F5, 0xD5F5,
  0xD5F5, 0xD5F5, 0xD5F5, 0xD5F5, 0xD5F6, 0xD5F6, 0xD5F6, 0xD5F6, 0xD5F5, 0xD5F5, 0xD5F5, 0xD5F5, 0xD5F6, 0xD5F6, 0xD5F5, 0xD5F5,
  0xD5F6, 0xCD95, 0xA4B1, 0xCDF7, 0xD659, 0xCE58, 0xD678, 0xD658, 0xD679, 0xD658, 0xD678, 0xC5F6, 0x8C2E, 0x9C8E, 0x9C6D, 0x9C6C,
  0x9C6C, 0x9C4C, 0x944C, 0x944B, 0x944B, 0x8C2A, 0x8C2B, 0x7BAB, 0x4A28, 0x4229, 0x39E8, 0x39E8, 0x2945, 0x2945, 0x2945, 0x2945,
  0x2925, 0x2925, 0x2925, 0x2925, 0x2925, 0x2925, 0x2925, 0x2925, 0x2925, 0x2925, 0x2925, 0x2925, 0x2945, 0x2945, 0x2945, 0x2945,
  0x3125, 0x28E4, 0x41A7, 0x41C8, 0x1083, 0x10A3, 0x10C3, 0x10C3, 0x10C3, 0x10C3, 0x18C4, 0x20E4, 0x2925, 0x2125, 0x18E3, 0x10A2,
  0x49C7, 0xB4B3, 0xC4D4, 0xCCB4, 0xCCD4, 0xC4B4, 0xC4D4, 0xC4F4, 0x93AF, 0x3946, 0x2925, 0x1905, 0x10A4, 0x18C4, 0x18A3, 0x18C3,
  0x20E4, 0x20E4, 0x18C4, 0x18A3, 0x18C3, 0x18A3, 0x10A3, 0x10A3, 0x18C3, 0x18C3, 0x18C3, 0x18C3, 0x18A3, 0x18C3, 0x18C3, 0x18C3,
  0x18C3, 0x1904, 0x2925, 0x2925, 0x3144, 0x72C9, 0x938B, 0x82A7, 0x8B09, 0x9B8B, 0x9329, 0x9B6A, 0x9B49, 0x9B49, 0xA38A, 0xA38B,
  0x9349, 0x8B08, 0x9B69, 0xA3AA, 0x9308, 0x8B08, 0xA3AB, 0x8B09, 0x7A87, 0x9349, 0x8B08, 0x9349, 0x9349, 0x9B49, 0x9B49, 0x9328,
  0x8AE8, 0x9329, 0x9B8A, 0x9308, 0x8AE8, 0x8B08, 0x9329, 0x9349, 0x8B08, 0x8AE8, 0x8AE8, 0x9B69, 0x9B6A, 0x8AE8, 0x9328, 0xA38A,
  0x9329, 0x82C7, 0x9329, 0x8AE7, 0x9328, 0x9B6A, 0x9329, 0x82A7, 0x82A7, 0x9309, 0x8B08, 0x9329, 0x82C7, 0x8AE8, 0x9349, 0x9329,
  0xA410, 0x9BCF, 0xA3CF, 0xA3CF, 0xA3CF, 0xA3CF, 0x9BEF, 0x9BEF, 0xA3CF, 0xA3CF, 0xA3CF, 0xA3CF, 0xA3CF, 0xA3CF, 0xA3CF, 0xA3CF,
  0xA3EF, 0x9BEF, 0x832C, 0x93AE, 0x8B6D, 0x93CF, 0x9C30, 0xEEBA, 0xF75C, 0xF73B, 0xF73B, 0xE678, 0xD5F6, 0xD5F6, 0xD5F5, 0xD5F6,
  0xD5F5, 0xD5F5, 0xD5F5, 0xD5F5, 0xD5F5, 0xD5F5, 0xD5F5, 0xD5F5, 0xD5F5, 0xD5F5, 0xD5F5, 0xD5F5, 0xD5F5, 0xD5F5, 0xD5F5, 0xD5F5,
  0xD5F5, 0xD5F5, 0xD5F5, 0xD5F5, 0xD5F5, 0xD5F5, 0xD5F5, 0xD5F5, 0xD5F5, 0xD5F5, 0xD5F5, 0xD5F5, 0xD5F5, 0xD5F5, 0xD5F5, 0xD5F5,
  0xD5F5, 0xD5F5, 0xD5F5, 0xD5F5, 0xD5F5, 0xD5F5, 0xD5F5, 0xD5F5, 0xD5F5, 0xD5F5, 0xD5F5, 0xD5F5, 0xD5F5, 0xD5F5, 0xD5F5, 0xD5F5,
  0xD5F5, 0xD5F5, 0xD5F5, 0xD5F5, 0xD5F5, 0xD5F6, 0xCDD5, 0xA490, 0xDE57, 0xFF5C, 0xE6B9, 0xD637, 0xD616, 0xD5F6, 0xD5F6, 0xD5D5,
  0xD5F6, 0xD5F5, 0xD5F5, 0xD5F5, 0xD5F5, 0xD5F5, 0xD5F5, 0xD5F5, 0xD5F5, 0xD5F5, 0xD5F5, 0xD5F5, 0xD5F5, 0xD5F5, 0xD5F5, 0xD5F5,
  0xD5F5, 0xD5F5, 0xD5F5, 0xD5F5, 0xD5F5, 0xD5F5, 0xD5F5, 0xD5F5, 0xD5F5, 0xD5F5, 0xD5F5, 0xD5F5, 0xD5F5, 0xD5F5, 0xD5F5, 0xD5F5,
  0xD5F5, 0xD5F5, 0xD5F5, 0xD5F5, 0xD5F5, 0xD5F5, 0xD5F5, 0xD5F5, 0xD5F5, 0xD5F5, 0xD5F5, 0xD5F5, 0xD5F5, 0xD5F5, 0xD5F5, 0xD5F5,
  0xD5F5, 0xD5F5, 0xD5F5, 0xD5F5, 0xD5F5, 0xD5F5, 0xD5F5, 0xD5F5, 0xD5F6, 0xD5F6, 0xD5F5, 0xD5D5, 0xD5D5, 0xD5F5, 0xD5D5, 0xD616,
  0xC595, 0xA4D2, 0xCDF7, 0xD679, 0xD658, 0xD679, 0xD678, 0xD679, 0xD678, 0xCE78, 0xCE79, 0xD678, 0x9CB0, 0x946E, 0x9C8D, 0x9C6C,
  0x9C6C, 0x944C, 0x944C, 0x944C, 0x942B, 0x942B, 0x942B, 0x83EB, 0x5268, 0x4A29, 0x39E8, 0x3A09, 0x3187, 0x2125, 0x2945, 0x2925,
  0x2925, 0x2925, 0x2925, 0x2925, 0x2925, 0x2925, 0x2925, 0x2925, 0x2925, 0x2925, 0x2925, 0x2925, 0x2925, 0x2925, 0x2925, 0x2945,
  0x2925, 0x2925, 0x2105, 0x18E4, 0x18C3, 0x18C3, 0x18C3, 0x10C3, 0x18C3, 0x10A3, 0x20E4, 0x2945, 0x2945, 0x2945, 0x18E4, 0x18A3,
  0x3105, 0xA451, 0xC4F4, 0xC4B3, 0xC4B3, 0xC4F4, 0xBCD4, 0x7B2D, 0x3166, 0x2925, 0x2125, 0x18C4, 0x18C3, 0x18C3, 0x18C3, 0x18C3,
  0x18C4, 0x2104, 0x2125, 0x2104, 0x18C4, 0x18A3, 0x10A3, 0x18A3, 0x20C2, 0x18A2, 0x18A3, 0x18C3, 0x18A3, 0x18C3, 0x18C3, 0x18C3,
  0x10E4, 0x18C3, 0x20E3, 0x3943, 0x72A8, 0x8B2A, 0x934A, 0x82C8, 0x8AE8, 0x9BAB, 0x9329, 0x9B69, 0x9B69, 0x9349, 0xA38A, 0xA38A,
  0x9329, 0x9308, 0x9349, 0xA3AB, 0x9B49, 0x9308, 0xA3AB, 0x9329, 0x7A87, 0x9329, 0x8B09, 0x9349, 0x9B6A, 0x9329, 0x9B69, 0x9329,
  0x92E7, 0x9308, 0xA38A, 0x9349, 0x8AE7, 0x8AC7, 0x8B08, 0x9B6A, 0x8B08, 0x8B08, 0x8B08, 0x9349, 0x9B8A, 0x9308, 0x9308, 0x9B69,
  0x9B69, 0x82C7, 0x9349, 0x8AE8, 0x9308, 0x9B8A, 0x9B49, 0x8AC7, 0x7AA7, 0x9349, 0x8B08, 0x9329, 0x8B08, 0x8AE7, 0x9B69, 0x9349,
  0x93CF, 0xA410, 0xA3F0, 0xA3CF, 0xA3CF, 0xA3CF, 0xA3CF, 0xA3CF, 0xA3CF, 0xA3CF, 0xA3CF, 0xA3CF, 0xA3CF, 0xA3CF, 0xA3CF, 0xA3EF,
  0xA3EF, 0x9BCE, 0x936D, 0x9BCF, 0x832C, 0x9BCF, 0x9BCF, 0xA451, 0xEEDA, 0xF75C, 0xF73B, 0xF73B, 0xE678, 0xD5F6, 0xD5F6, 0xD5F6,
  0xD5F5, 0xD5F5, 0xD5F5, 0xD5F5, 0xD5F5, 0xD5F5, 0xD5F5, 0xD5F5, 0xD5F5, 0xD5F5, 0xD5F5, 0xD5F5, 0xD5F5, 0xD5F5, 0xD5F5, 0xD5F5,
  0xD5F5, 0xD5F5, 0xD5F5, 0xD5F5, 0xD5F5, 0xD5F5, 0xD5F5, 0xD5F5, 0xD5F5, 0xD5F5, 0xD5F5, 0xD5F5, 0xD5F5, 0xD5F5, 0xD5F5, 0xD5F5,
  0xD5F5, 0xD5F5, 0xD5F5, 0xD5F5, 0xD5F5, 0xD5F5, 0xD5F5, 0xD5F5, 0xD5F5, 0xD5F5, 0xD5F5, 0xD5F5, 0xD5F5, 0xD5F5, 0xD5F5, 0xD5F5,
  0xD5F5, 0xD5F5, 0xD5F5, 0xD5F6, 0xD5F5, 0xD5F5, 0xDE16, 0xC574, 0xA491, 0xE699, 0xFF5B, 0xE6B9, 0xD616, 0xD616, 0xD5F6, 0xD5F6,
  0xD5F6, 0xD5F5, 0xD5F5, 0xD5F5, 0xD5F5, 0xD5F5, 0xD5F5, 0xD5F5, 0xD5F5, 0xD5F5, 0xD5F5, 0xD5F5, 0xD5F5, 0xD5F5, 0xD5F5, 0xD5F5,
  0xD5F5, 0xD5F5, 0xD5F5, 0xD5F5, 0xD5F5, 0xD5F5, 0xD5F5, 0xD5F5, 0xD5F5, 0xD5F5, 0xD5F5, 0xD5F5, 0xD5F5, 0xD5F5, 0xD5F5, 0xD5F5,
  0xD5F5, 0xD5F5, 0xD5F5, 0xD5F5, 0xD5F5, 0xD5F5, 0xD5F5, 0xD5F5, 0xD5F5, 0xD5F5, 0xD5F5, 0xD5F5, 0xD5F5, 0xD5F5, 0xD5F5, 0xD5F5,
  0xD5F5, 0xD5F5, 0xD5F5, 0xD5F5, 0xD5F5, 0xD5F5, 0xD5F5, 0xD5F5, 0xD5F5, 0xD5F5, 0xD5F5, 0xD5F5, 0xD5F5, 0xD5D5, 0xD616, 0xC574,
  0xA4D2, 0xCDF7, 0xD658, 0xD658, 0xD658, 0xD679, 0xD679, 0xD679, 0xCE78, 0xD679, 0xCE58, 0xD699, 0xB553, 0x8C2D, 0x9C8D, 0x9C6C,
  0x9C6C, 0x944C, 0x944C, 0x944C, 0x942C, 0x942C, 0x940B, 0x8C2C, 0x5AC9, 0x4228, 0x4A29, 0x31C8, 0x39E8, 0x2145, 0x2945, 0x2125,
  0x2925, 0x2925, 0x2925, 0x2925, 0x2925, 0x2925, 0x2925, 0x2925, 0x2925, 0x2925, 0x2925, 0x2925, 0x2925, 0x2925, 0x2925, 0x2925,
  0x2925, 0x2925, 0x2925, 0x3186, 0x18E4, 0x10C3, 0x18C4, 0x10C3, 0x18A3, 0x18A3, 0x18E4, 0x2945, 0x2925, 0x2945, 0x20E4, 0x18C3,
  0x20A3, 0x836E, 0xC4F4, 0xC4D3, 0xCCF4, 0xA431, 0x5A29, 0x3105, 0x2946, 0x2945, 0x2104, 0x2125, 0x2125, 0x2104, 0x18E4, 0x18C3,
  0x18A3, 0x18C3, 0x2125, 0x2925, 0x2125, 0x20E4, 0x18C3, 0x18A3, 0x18C3, 0x18C3, 0x18C3, 0x18A4, 0x18C4, 0x10A3, 0x18C3, 0x18C3,
  0x10C3, 0x1882, 0x3944, 0x830A, 0x9BAB, 0x8B09, 0x9B6A, 0x82E8, 0x82C8, 0x9B8A, 0x9B6A, 0x9349, 0x9B69, 0x9329, 0x9B69, 0xA38A,
  0x9329, 0x8B08, 0x9B69, 0x9B6A, 0x9B6A, 0x9308, 0xA3AA, 0x9B8A, 0x7AA7, 0x8B29, 0x9329, 0x8B29, 0x9B6A, 0x9329, 0x9B6A, 0x9329,
  0x8B08, 0x9329, 0xA3AB, 0x9B6A, 0x8B08, 0x82A7, 0x8B09, 0x9B8A, 0x8B29, 0x8B29, 0x9329, 0x9329, 0x9B8A, 0x9328, 0x8B08, 0x9B8A,
  0x9B6A, 0x82C8, 0x9329, 0x9329, 0x9329, 0x9B6A, 0x9B6A, 0x8B08, 0x82A7, 0x9329, 0x9309, 0x9B49, 0x9328, 0x92E8, 0x9B29, 0x9B49,
  0xB554, 0x8BEF, 0x93EF, 0xA410, 0xA3F0, 0xA3CF, 0xA3CF, 0xA3CF, 0xA3CF, 0xA3CF, 0xA3CF, 0xA3CF, 0xA3CF, 0xA3CF, 0xA3CF, 0xA3CF,
  0xA3CF, 0xA3EF, 0xA3CF, 0xA3CF, 0x8B2C, 0x9BAE, 0xA3F0, 0x93AF, 0xAC92, 0xEEFA, 0xF73B, 0xEF1B, 0xF73B, 0xDE78, 0xD5F6, 0xD5F6,
  0xD5F5, 0xD5F5, 0xD5F5, 0xD5F5, 0xD5F5, 0xD5F5, 0xD5F5, 0xD5F5, 0xD5F5, 0xD5F5, 0xD5F5, 0xD5F5, 0xD5F5, 0xD5F5, 0xD5F5, 0xD5F5,
  0xD5F5, 0xD5F5, 0xD5F5, 0xD5F5, 0xD5F5, 0xD5F5, 0xD5F5, 0xD5F5, 0xD5F5, 0xD5F5, 0xD5F5, 0xD5F5, 0xD5F5, 0xD5F5, 0xD5F5, 0xD5F5,
  0xD5F5, 0xD5F5, 0xD5F5, 0xD5F5, 0xD5F5, 0xD5F5, 0xD5F5, 0xD5F5, 0xD5F5, 0xD5F5, 0xD5F5, 0xD5F5, 0xD5F5, 0xD5F5, 0xD5F5, 0xD5F5,
  0xD5F5, 0xD5F5, 0xD5F5, 0xD5F6, 0xD5F6, 0xD5F5, 0xD5F6, 0xD5F5, 0xBD13, 0xACB1, 0xEED9, 0xF73B, 0xEED9, 0xD616, 0xCDF5, 0xD5F6,
  0xD5F6, 0xD5F6, 0xD5F6, 0xD5F5, 0xD5F5, 0xD5F5, 0xD5F5, 0xD5F5, 0xD5F5, 0xD5F5, 0xD5F5, 0xD5F5, 0xD5F5, 0xD5F5, 0xD5F5, 0xD5F5,
  0xD5F5, 0xD5F5, 0xD5F5, 0xD5F5, 0xD5F5, 0xD5F5, 0xD5F5, 0xD5F5, 0xD5F5, 0xD5F5, 0xD5F5, 0xD5F5, 0xD5F5, 0xD5F5, 0xD5F5, 0xD5F5,
  0xD5F5, 0xD5F5, 0xD5F5, 0xD5F5, 0xD5F5, 0xD5F5, 0xD5F5, 0xD5F5, 0xD5F5, 0xD5F5, 0xD5F5, 0xD5F5, 0xD5F5, 0xD5F5, 0xD5F5, 0xD5F5,
  0xD5F5, 0xD5F5, 0xD5F5, 0xD5F5, 0xD5F5, 0xD5F5, 0xD5F5, 0xD5F5, 0xD5F5, 0xD5F5, 0xD5F5, 0xD5F5, 0xD5F6, 0xD616, 0xBD53, 0xACD2,
  0xCE17, 0xD658, 0xD658, 0xD658, 0xD679, 0xD679, 0xD679, 0xD679, 0xD678, 0xD679, 0xCE59, 0xD679, 0xC616, 0x944E, 0x9C6D, 0x9C8C,
  0x9C6C, 0x944C, 0x944C, 0x944C, 0x944C, 0x942C, 0x940B, 0x942C, 0x6B4A, 0x4207, 0x4A4A, 0x39C8, 0x31C7, 0x31A6, 0x2125, 0x2945,
  0x2925, 0x2925, 0x2925, 0x2925, 0x2925, 0x2925, 0x2925, 0x2925, 0x2925, 0x2925, 0x2925, 0x2925, 0x2925, 0x2925, 0x2925, 0x2925,
  0x2945, 0x2945, 0x2925, 0x31A7, 0x2945, 0x10A3, 0x18C3, 0x18C3, 0x18C3, 0x18C3, 0x18C4, 0x2125, 0x2945, 0x2945, 0x2105, 0x18C4,
  0x1883, 0x626B, 0xBD35, 0xAC92, 0x7B0C, 0x4166, 0x2925, 0x2945, 0x2925, 0x2105, 0x2125, 0x2945, 0x2946, 0x2945, 0x2125, 0x2125,
  0x20E4, 0x18C3, 0x10A3, 0x2105, 0x2945, 0x2945, 0x2105, 0x18C4, 0x10C4, 0x10C4, 0x18C4, 0x18C4, 0x18C4, 0x18C4, 0x18A3, 0x1082,
  0x28E2, 0x5A27, 0x832A, 0x938B, 0xA3AB, 0x9329, 0x9349, 0x9329, 0x82C7, 0x936A, 0x9B8A, 0x9349, 0x9B69, 0x9328, 0x9B49, 0xA3AB,
  0x9349, 0x8AE8, 0x9B69, 0x9B6A, 0x9B6A, 0x8B08, 0x9B6A, 0xA3AB, 0x82C8, 0x8B08, 0x936A, 0x8B08, 0x9B6A, 0x9329, 0x9B69, 0x9349,
  0x8B09, 0x8B09, 0x938B, 0x938A, 0x9349, 0x82C8, 0x8B29, 0x9BAB, 0x9329, 0x8B08, 0x9349, 0x9329, 0x9B8A, 0x9349, 0x8B28, 0x9B8A,
  0x9B8B, 0x8AE8, 0x8B09, 0x934A, 0x8B09, 0x9B8A, 0x9B8B, 0x9349, 0x8AA7, 0x9B29, 0x9309, 0x9B49, 0x9B49, 0x9308, 0x9B08, 0xA349,
  0xD6DA, 0xBDF7, 0x8C50, 0x8BEF, 0x93EF, 0x9C10, 0xA3F0, 0xA3F0, 0xA3EF, 0xA3EF, 0xA3CF, 0xA3CF, 0xA3EF, 0xA3CF, 0xA3CF, 0xA3EF,
  0xA3CF, 0xA3EF, 0xA3CF, 0xA3F0, 0x8B0C, 0x9B8E, 0xA3F0, 0xA410, 0x93AE, 0xB4D2, 0xEF1B, 0xEF5B, 0xEF5B, 0xF73B, 0xDE58, 0xD5D6,
  0xD5F6, 0xD5F6, 0xD5F6, 0xD5F5, 0xD5F5, 0xD5F5, 0xD5F5, 0xD5F5, 0xD5F5, 0xD5F5, 0xD5F5, 0xD5F5, 0xD5F5, 0xD5F5, 0xD5F5, 0xD5F5,
  0xD5F5, 0xD5F5, 0xD5F5, 0xD5F5, 0xD5F5, 0xD5F5, 0xD5F5, 0xD5F5, 0xD5F5, 0xD5F5, 0xD5F5, 0xD5F5, 0xD5F5, 0xD5F5, 0xD5F5, 0xD5F5,
  0xD5F5, 0xD5F5, 0xD5F5, 0xD5F5, 0xD5F5, 0xD5F5, 0xD5F5, 0xD5F5, 0xD5F5, 0xD5F5, 0xD5F5, 0xD5F5, 0xD5F5, 0xD5F5, 0xD5F5, 0xD5F5,
  0xD5F5, 0xD5F5, 0xD5F5, 0xD5F6, 0xD5F5, 0xD5F6, 0xD5F5, 0xD5F6, 0xD5B5, 0xB4B1, 0xB4F2, 0xF6FA, 0xF73B, 0xEED9, 0xD637, 0xCE16,
  0xD616, 0xD5F6, 0xD5F6, 0xD5F5, 0xD5F5, 0xD5F5, 0xD5F5, 0xD5F5, 0xD5F5, 0xD5F5, 0xD5F5, 0xD5F5, 0xD5F5, 0xD5F5, 0xD5F5, 0xD5F5,
  0xD5F5, 0xD5F5, 0xD5F5, 0xD5F5, 0xD5F5, 0xD5F5, 0xD5F5, 0xD5F5, 0xD5F5, 0xD5F5, 0xD5F5, 0xD5F5, 0xD5F5, 0xD5F5, 0xD5F5, 0xD5F5,
  0xD5F5, 0xD5F5, 0xD5F5, 0xD5F5, 0xD5F5, 0xD5F5, 0xD5F5, 0xD5F5, 0xD5F5, 0xD5F5, 0xD5F5, 0xD5F5, 0xD5F5, 0xD5F5, 0xD5F5, 0xD5F5,
  0xD5F5, 0xD5F5, 0xD5F5, 0xD5F5, 0xD5F5, 0xD5F5, 0xD5F5, 0xD5F5, 0xD5F5, 0xD5F5, 0xD5D5, 0xD5F6, 0xD5F6, 0xB513, 0xACF2, 0xD638,
  0xD659, 0xD658, 0xD658, 0xD658, 0xD679, 0xD679, 0xD679, 0xD678, 0xD678, 0xD679, 0xD679, 0xCE58, 0xD678, 0x9CD0, 0x944D, 0x9C8D,
  0x9C6C, 0x9C6C, 0x944C, 0x944C, 0x944C, 0x942C, 0x942B, 0x8C2B, 0x7BCB, 0x4A27, 0x4A29, 0x4209, 0x3186, 0x39C7, 0x2946, 0x2925,
  0x2945, 0x2925, 0x2925, 0x2925, 0x2925, 0x2925, 0x2925, 0x2925, 0x2925, 0x2925, 0x2925, 0x2925, 0x2925, 0x2925, 0x2925, 0x2925,
  0x2945, 0x2945, 0x2925, 0x3166, 0x39E8, 0x18E4, 0x18A3, 0x18C3, 0x18C3, 0x18C4, 0x18C3, 0x2105, 0x2945, 0x2945, 0x2125, 0x18E4,
  0x18A4, 0x3987, 0x6AEC, 0x49A7, 0x28E4, 0x2945, 0x2946, 0x2145, 0x2125, 0x2105, 0x2925, 0x2925, 0x2125, 0x2925, 0x2945, 0x2945,
  0x2925, 0x2125, 0x18E4, 0x18C4, 0x2105, 0x2945, 0x2945, 0x2125, 0x10C4, 0x10C4, 0x18A3, 0x18A3, 0x1882, 0x2082, 0x2903, 0x49E7,
  0x7AE9, 0x9BEC, 0x936A, 0x9369, 0xA3AA, 0x9329, 0x9349, 0x9B6A, 0x82C7, 0x9349, 0xA3AB, 0x9349, 0x9B69, 0x9349, 0x9B69, 0xA3AB,
  0x9B69, 0x8AE8, 0x9349, 0x9B8A, 0x9B8A, 0x9329, 0x9B6A, 0xA3CB, 0x82E8, 0x82C8, 0x9B8A, 0x8B29, 0x9B6A, 0x9349, 0x9349, 0x9B69,
  0x9329, 0x8AE8, 0x936A, 0x9B6A, 0x936A, 0x8B08, 0x8B08, 0x9B6A, 0x9B69, 0x8B08, 0x9349, 0x9329, 0x9B8A, 0x9B69, 0x9328, 0x9B8A,
  0xA38A, 0x9308, 0x9308, 0x9B4A, 0x9309, 0x9B8B, 0xA3AB, 0x9B6A, 0x82C8, 0x9329, 0x9329, 0x9329, 0x9B6A, 0x9329, 0x8B09, 0x934A,
  0xCF3B, 0xD75C, 0xC699, 0xA575, 0x94B2, 0x83EF, 0x8BCF, 0x93CF, 0x9BEF, 0x9C0F, 0x9BEF, 0x9BEF, 0xA40F, 0xA3EF, 0xA3EF, 0xA3EF,
  0x9C0F, 0x9BEF, 0xA3CF, 0xA3F0, 0x8B0C, 0x9B8E, 0xA3EF, 0xA3CF, 0xA3F0, 0x93AE, 0xB4F3, 0xEF3B, 0xEF5B, 0xF75B, 0xF71B, 0xDE37,
  0xD5F6, 0xD5F6, 0xD5F6, 0xD5F6, 0xD5F6, 0xD5F5, 0xD5F5, 0xD5F5, 0xD5F5, 0xD5F5, 0xD5F5, 0xD5F5, 0xD5F5, 0xD5F5, 0xD5F5, 0xD5F5,
  0xD5F5, 0xD5F5, 0xD5F5, 0xD5F5, 0xD5F5, 0xD5F5, 0xD5F5, 0xD5F5, 0xD5F5, 0xD5F5, 0xD5F5, 0xD5F5, 0xD5F5, 0xD5F5, 0xD5F5, 0xD5F5,
  0xD5F5, 0xD5F5, 0xD5F5, 0xD5F5, 0xD5F5, 0xD5F5, 0xD5F5, 0xD5F5, 0xD5F5, 0xD5F5, 0xD5F5, 0xD5F5, 0xD5F5, 0xD5F5, 0xD5F5, 0xD5F5,
  0xD5F5, 0xD5F5, 0xD5F5, 0xD5F5, 0xD5F5, 0xD5F5, 0xD5F5, 0xD5F5, 0xDDD6, 0xCD74, 0xACB1, 0xBD33, 0xF71A, 0xFF5B, 0xEED9, 0xD637,
  0xD5F6, 0xD5F6, 0xD5F6, 0xD5F5, 0xD5F6, 0xD5F5, 0xD5F5, 0xD5F5, 0xD5F5, 0xD5F5, 0xD5F5, 0xD5F5, 0xD5F5, 0xD5F5, 0xD5F5, 0xD5F5,
  0xD5F5, 0xD5F5, 0xD5F5, 0xD5F5, 0xD5F5, 0xD5F5, 0xD5F5, 0xD5F5, 0xD5F5, 0xD5F5, 0xD5F5, 0xD5F5, 0xD5F5, 0xD5F5, 0xD5F5, 0xD5F5,
  0xD5F5, 0xD5F5, 0xD5F5, 0xD5F5, 0xD5F5, 0xD5F5, 0xD5F5, 0xD5F5, 0xD5F5, 0xD5F5, 0xD5F5, 0xD5F5, 0xD5F5, 0xD5F5, 0xD5F5, 0xD5F5,
  0xD5F6, 0xD5F6, 0xD5F6, 0xD5F6, 0xD5F6, 0xD5F5, 0xD5F5, 0xD5F5, 0xD5F5, 0xD5D5, 0xD616, 0xCDD6, 0xACF2, 0xB554, 0xD659, 0xD638,
  0xD658, 0xD659, 0xD658, 0xD658, 0xD679, 0xD679, 0xD679, 0xD678, 0xD678, 0xD678, 0xD679, 0xCE59, 0xD699, 0x9490, 0x83CC, 0x9CAE,
  0x9C8D, 0x9C6C, 0x9C6C, 0x9C6C, 0x944C, 0x942C, 0x942B, 0x8C0B, 0x8C0C, 0x5287, 0x4228, 0x4A29, 0x31A7, 0x3186, 0x31A7, 0x2125,
  0x2945, 0x2925, 0x2925, 0x2925, 0x2925, 0x2925, 0x2925, 0x2925, 0x2925, 0x2925, 0x2925, 0x2925, 0x2925, 0x2925, 0x2925, 0x2925,
  0x2945, 0x2945, 0x2925, 0x2925, 0x41E8, 0x3187, 0x18A3, 0x18C3, 0x18C3, 0x18C3, 0x18A3, 0x18E4, 0x2925, 0x2945, 0x2945, 0x2125,
  0x2925, 0x2925, 0x2905, 0x2925, 0x2945, 0x2946, 0x2145, 0x1925, 0x2125, 0x2125, 0x2945, 0x2945, 0x2925, 0x2925, 0x2925, 0x2925,
  0x2945, 0x2946, 0x2945, 0x2125, 0x2104, 0x2946, 0x2945, 0x2945, 0x2105, 0x18C3, 0x20A2, 0x3102, 0x49A4, 0x6A67, 0x8B4B, 0x938B,
  0x8B29, 0xA3AB, 0x9B6A, 0x9349, 0xA3AA, 0x9B69, 0x9349, 0xA3AA, 0x8B08, 0x8B29, 0x9B8A, 0x9349, 0x9B69, 0x9B49, 0x9B6A, 0xA3AB,
  0x9B8A, 0x8B08, 0x9349, 0x9B69, 0xA3AB, 0x9349, 0x9B49, 0xA3CB, 0x8B29, 0x7A87, 0x9B8B, 0x9349, 0x9B6A, 0x9B8A, 0x9349, 0x9B6A,
  0x9349, 0x8AE8, 0x9329, 0x9B8A, 0x9B69, 0x9328, 0x9308, 0x9B69, 0x9B69, 0x9B48, 0x9328, 0x9348, 0x9B89, 0x9B89, 0x9328, 0x9B8A,
  0xA3AA, 0x9B49, 0x9308, 0x9B6A, 0x8B08, 0x934A, 0x9BAB, 0x9BAB, 0x8B6A, 0x93EC, 0xA44E, 0xA42E, 0xAC6F, 0xAC8F, 0xA46E, 0xA46E,
  0xC71B, 0xC73B, 0xBEFA, 0xB678, 0xBE58, 0xBE37, 0xAD95, 0x9CB2, 0x9C71, 0x9430, 0x940F, 0x8BEF, 0x8BEF, 0x8BCF, 0x93CF, 0x8BCE,
  0x8BCE, 0x8BCE, 0x93CF, 0xA3EF, 0x8B2D, 0x9B8E, 0xA3EF, 0xA3EF, 0xA3CF, 0xA3EF, 0x93AE, 0xB513, 0xF73B, 0xF73B, 0xF73B, 0xF71B,
  0xDE57, 0xD5F6, 0xD5F6, 0xD5F6, 0xD5F6, 0xD5F5, 0xD5F5, 0xD5F5, 0xD5F5, 0xD5F5, 0xD5F5, 0xD5F5, 0xD5F5, 0xD5F5, 0xD5F5, 0xD5F5,
  0xD5F5, 0xD5F5, 0xD5F5, 0xD5F5, 0xD5F5, 0xD5F5, 0xD5F5, 0xD5F5, 0xD5F5, 0xD5F5, 0xD5F5, 0xD5F5, 0xD5F5, 0xD5F5, 0xD5F5, 0xD5F5,
  0xD5F5, 0xD5F5, 0xD5F5, 0xD5F5, 0xD5F5, 0xD5F5, 0xD5F5, 0xD5F5, 0xD5F5, 0xD5F5, 0xD5F5, 0xD5F5, 0xD5F5, 0xD5F5, 0xD5F5, 0xD5F5,
  0xD5F5, 0xD5F5, 0xD5F5, 0xD5F5, 0xD5F5, 0xD5F5, 0xD5F5, 0xD5F5, 0xD5D6, 0xD5D5, 0xBD33, 0xAC90, 0xBD33, 0xF71B, 0xFF5B, 0xEEFA,
  0xDE37, 0xD5F6, 0xD5F6, 0xD5F6, 0xD5F6, 0xD5F6, 0xD5F6, 0xD5F6, 0xD5F5, 0xD5F5, 0xD5F5, 0xD5F5, 0xD5F5, 0xD5F5, 0xD5F5, 0xD5F5,
  0xD5F5, 0xD5F5, 0xD5F5, 0xD5F5, 0xD5F5, 0xD5F5, 0xD5F5, 0xD5F5, 0xD5F5, 0xD5F5, 0xD5F5, 0xD5F5, 0xD5F5, 0xD5F5, 0xD5F5, 0xD5F5,
  0xD5F5, 0xD5F5, 0xD5F5, 0xD5F5, 0xD5F5, 0xD5F5, 0xD5F5, 0xD5F5, 0xD5F5, 0xD5F5, 0xD5F5, 0xD5F5, 0xD5F5, 0xD5F5, 0xD5F5, 0xD5F5,
  0xD5F6, 0xD5F6, 0xD5F6, 0xD5F6, 0xD5F5, 0xD5F5, 0xD5F6, 0xD5F5, 0xD5F6, 0xD5F6, 0xC595, 0xACF2, 0xBD95, 0xD679, 0xD658, 0xD659,
  0xD658, 0xD658, 0xD658, 0xD658, 0xD679, 0xD679, 0xD679, 0xD679, 0xD658, 0xD658, 0xCE59, 0xD679, 0xBDD6, 0x9CD1, 0x944E, 0x9C6D,
  0x9C6D, 0x9C6C, 0x9C6C, 0x9C6C, 0x944C, 0x942C, 0x942C, 0x8C0B, 0x8C0B, 0x6B29, 0x4207, 0x4A4A, 0x39E8, 0x2966, 0x31A7, 0x2946,
  0x2125, 0x2925, 0x2925, 0x2925, 0x2925, 0x2925, 0x2925, 0x2925, 0x2925, 0x2925, 0x2925, 0x2925, 0x2925, 0x2925, 0x2925, 0x2925,
  0x2945, 0x2945, 0x2945, 0x2925, 0x39A7, 0x4208, 0x3166, 0x18A3, 0x18C3, 0x18C4, 0x18C4, 0x18C3, 0x18E4, 0x2125, 0x2946, 0x2945,
  0x2925, 0x2945, 0x2946, 0x2946, 0x2946, 0x2125, 0x1925, 0x2125, 0x2125, 0x2925, 0x2945, 0x2125, 0x2925, 0x2925, 0x2925, 0x2925,
  0x2925, 0x2945, 0x2945, 0x2945, 0x2125, 0x2925, 0x2946, 0x2946, 0x2946, 0x20E3, 0x51E6, 0x8B8B, 0x9BAB, 0xA3CB, 0xA38A, 0x9B6A,
  0x8B08, 0xA3AB, 0xA38A, 0x9349, 0xA3CB, 0x9B8A, 0x9348, 0xA3CB, 0x936A, 0x8B08, 0x9349, 0x9329, 0x9B69, 0x9349, 0x9B49, 0xA3AB,
  0xA38A, 0x9308, 0x9B6A, 0x9B6A, 0x9B8A, 0x9B49, 0x9B49, 0xA3CB, 0x936A, 0x7A87, 0x9B8B, 0x9B8A, 0x9349, 0xA3AA, 0x9B49, 0x9B8A,
  0x9B69, 0x9308, 0x9329, 0xA3AB, 0x9B8A, 0x9B6A, 0x9329, 0x9B6A, 0x9B8A, 0x9B6A, 0x9329, 0x936A, 0x936A, 0x9BAA, 0x8B29, 0x936A,
  0x9BAB, 0x936A, 0x8308, 0x938A, 0x93AC, 0xB4D0, 0xD5D4, 0xE677, 0xEEF9, 0xEF1A, 0xF75B, 0xF75B, 0xEF5B, 0xEF3B, 0xEF1A, 0xEF1A,
  0xBEBA, 0xBEDA, 0xBEDA, 0xB678, 0xB678, 0xC6FA, 0xDF7C, 0xCEBA, 0xC6D9, 0xC6B9, 0xC678, 0xBE17, 0xBE58, 0xC678, 0xBE17, 0xAD75,
  0xB595, 0x9CB2, 0x9C71, 0x9C10, 0x830C, 0x9BAE, 0xA3EF, 0x9BEF, 0xA3CF, 0xA3CF, 0xA410, 0x93AE, 0xBD13, 0xF71B, 0xF73B, 0xF73B,
  0xF71B, 0xDE58, 0xCDF6, 0xD616, 0xD5F6, 0xD5F5, 0xD5F5, 0xD5F5, 0xD5F5, 0xD5F5, 0xD5F5, 0xD5F5, 0xD5F5, 0xD5F5, 0xD5F5, 0xD5F5,
  0xD5F5, 0xD5F5, 0xD5F5, 0xD5F5, 0xD5F5, 0xD5F5, 0xD5F5, 0xD5F5, 0xD5F5, 0xD5F5, 0xD5F5, 0xD5F5, 0xD5F5, 0xD5F5, 0xD5F5, 0xD5F5,
  0xD5F5, 0xD5F5, 0xD5F5, 0xD5F5, 0xD5F5, 0xD5F5, 0xD5F5, 0xD5F5, 0xD5F5, 0xD5F5, 0xD5F5, 0xD5F5, 0xD5F5, 0xD5F5, 0xD5F5, 0xD5F5,
  0xD5F5, 0xD5F5, 0xD5F5, 0xD5F5, 0xD5F5, 0xD5F5, 0xD5F5, 0xD5F5, 0xD5F6, 0xD5F6, 0xC574, 0xBCF2, 0xAC91, 0xBD33, 0xF71B, 0xF73B,
  0xF71A, 0xDE58, 0xD5F6, 0xD5F6, 0xD5F6, 0xD5F6, 0xD5F6, 0xD5F6, 0xD5F5, 0xD5F5, 0xD5F5, 0xD5F5, 0xD5F5, 0xD5F5, 0xD5F5, 0xD5F5,
  0xD5F5, 0xD5F5, 0xD5F5, 0xD5F5, 0xD5F5, 0xD5F5, 0xD5F5, 0xD5F5, 0xD5F5, 0xD5F5, 0xD5F5, 0xD5F5, 0xD5F5, 0xD5F5, 0xD5F5, 0xD5F5,
  0xD5F5, 0xD5F5, 0xD5F5, 0xD5F5, 0xD5F5, 0xD5F5, 0xD5F5, 0xD5F5, 0xD5F5, 0xD5F5, 0xD5F5, 0xD5F5, 0xD5F5, 0xD5F5, 0xD5F5, 0xD5F5,
  0xD5F6, 0xD5F6, 0xD5F6, 0xD5F6, 0xD5F5, 0xD5F6, 0xD5F5, 0xD5F6, 0xD5F6, 0xBD33, 0xACF2, 0xCDF6, 0xD678, 0xD658, 0xD659, 0xD658,
  0xD658, 0xD658, 0xD658, 0xD658, 0xD679, 0xD679, 0xD679, 0xD678, 0xD658, 0xD678, 0xD659, 0xD659, 0xA4F3, 0xCE37, 0x9CB0, 0x944D,
  0x9C8D, 0x9C6C, 0x9C6C, 0x9C6C, 0x944C, 0x942C, 0x942C, 0x8C0B, 0x8C0A, 0x7BAB, 0x4A28, 0x4229, 0x4229, 0x2986, 0x2946, 0x3187,
  0x2125, 0x2925, 0x2925, 0x2925, 0x2925, 0x2925, 0x2925, 0x2925, 0x2925, 0x2925, 0x2925, 0x2925, 0x2925, 0x2925, 0x2925, 0x2925,
  0x2125, 0x2945, 0x2945, 0x2925, 0x3166, 0x41E8, 0x41E8, 0x3166, 0x18C4, 0x10A3, 0x18C3, 0x18C4, 0x18C4, 0x18E4, 0x2105, 0x2925,
  0x2946, 0x2946, 0x2945, 0x2945, 0x2125, 0x2105, 0x2125, 0x2945, 0x2945, 0x2945, 0x2945, 0x2125, 0x2925, 0x2925, 0x2925, 0x2925,
  0x2125, 0x2945, 0x2945, 0x2945, 0x2945, 0x20E4, 0x18E4, 0x2125, 0x2126, 0x2925, 0x41A5, 0x93AB, 0xA3CB, 0xA38A, 0xABAA, 0xA38A,
  0x92E8, 0xA38A, 0xA3AB, 0x9349, 0xA3AA, 0xA3AA, 0x9349, 0xA3AB, 0x9BAB, 0x8B08, 0x9B6A, 0x9349, 0x9B49, 0x9349, 0x9329, 0xA3AA,
  0xA3AA, 0x9349, 0x9B49, 0x9B6A, 0x9B8A, 0x9B6A, 0x9B69, 0xA3CB, 0x9BAB, 0x7AA7, 0x934A, 0xA3CB, 0x9349, 0xA3AA, 0x9B6A, 0x9B8A,
  0x9B8A, 0x8B09, 0x8B08, 0x9BAB, 0x938B, 0x936B, 0x8B6B, 0x9BCC, 0xA40E, 0x9C0E, 0x9BED, 0xA42E, 0xA46F, 0xAC90, 0xA470, 0xAC90,
  0xACB0, 0xA46F, 0x9C4E, 0xC5B5, 0xEEFA, 0xFF9D, 0xFFDE, 0xFFDE, 0xFFBE, 0xF7BE, 0xF79D, 0xDF1B, 0xD6BA, 0xD69A, 0xCEBA, 0xC679,
  0xBE79, 0xCEFB, 0xBE79, 0xB678, 0xC6DA, 0xC6FA, 0xD73B, 0xC6DA, 0xBEFA, 0xC71A, 0xBED9, 0xB699, 0xBEB9, 0xBEB9, 0xBE99, 0xC6DA,
  0xE77C, 0xBE17, 0xDE79, 0xCDB6, 0x830C, 0x9BCF, 0x9BCF, 0x9BEF, 0xA3EF, 0xA3CF, 0xA3CF, 0xA3EF, 0x93AE, 0xBD13, 0xF71B, 0xF73B,
  0xF73B, 0xF71B, 0xDE58, 0xD5F6, 0xD5F6, 0xD5F6, 0xD5F5, 0xD5F5, 0xD5F5, 0xD5F5, 0xD5F5, 0xD5F5, 0xD5F5, 0xD5F5, 0xD5F5, 0xD5F5,
  0xD5F5, 0xD5F5, 0xD5F5, 0xD5F5, 0xD5F5, 0xD5F5, 0xD5F5, 0xD5F5, 0xD5F5, 0xD5F5, 0xD5F5, 0xD5F5, 0xD5F5, 0xD5F5, 0xD5F5, 0xD5F5,
  0xD5F5, 0xD5F5, 0xD5F5, 0xD5F5, 0xD5F5, 0xD5F5, 0xD5F5, 0xD5F5, 0xD5F5, 0xD5F5, 0xD5F5, 0xD5F5, 0xD5F5, 0xD5F5, 0xD5F5, 0xD5F5,
  0xD5F5, 0xD5F5, 0xD5F5, 0xD5F5, 0xD5F5, 0xD5F5, 0xD5F5, 0xD5F5, 0xD616, 0xD5F6, 0xD5D5, 0xBD13, 0xBD13, 0xAC91, 0xC554, 0xF71B,
  0xFF3B, 0xF71B, 0xE678, 0xD616, 0xD616, 0xD5F6, 0xD5F6, 0xD5F6, 0xD5F5, 0xD5F5, 0xD5F5, 0xD5F5, 0xD5F5, 0xD5F5, 0xD5F5, 0xD5F5,
  0xD5F5, 0xD5F5, 0xD5F5, 0xD5F5, 0xD5F5, 0xD5F5, 0xD5F5, 0xD5F5, 0xD5F5, 0xD5F5, 0xD5F5, 0xD5F5, 0xD5F5, 0xD5F5, 0xD5F5, 0xD5F5,
  0xD5F5, 0xD5F5, 0xD5F5, 0xD5F5, 0xD5F5, 0xD5F5, 0xD5F5, 0xD5F5, 0xD5F5, 0xD5F5, 0xD5F5, 0xD5F5, 0xD5F5, 0xD5F5, 0xD5F5, 0xD5F5,
  0xD5F6, 0xD5F5, 0xD5F6, 0xD5F6, 0xD5F6, 0xD5F6, 0xD616, 0xCDB5, 0xB4F3, 0xB534, 0xD637, 0xD658, 0xCE58, 0xD658, 0xD659, 0xD659,
  0xD658, 0xD658, 0xD658, 0xD658, 0xD678, 0xD678, 0xD678, 0xD678, 0xD658, 0xD658, 0xD679, 0xB555, 0xB575, 0xDE99, 0xB553, 0x8C0D,
  0x9C8D, 0x9C6C, 0x9C6C, 0x9C6C, 0x944C, 0x942C, 0x942C, 0x942B, 0x8C0A, 0x83EC, 0x5AA9, 0x4208, 0x4A4A, 0x39C8, 0x2125, 0x2966,
  0x2925, 0x2925, 0x2925, 0x2925, 0x2925, 0x2925, 0x2925, 0x2925, 0x2925, 0x2925, 0x2925, 0x2925, 0x2925, 0x2925, 0x2925, 0x2925,
  0x2125, 0x2945, 0x2945, 0x2925, 0x39A7, 0x734D, 0x5229, 0x49E7, 0x3186, 0x2104, 0x18C3, 0x18C3, 0x18C4, 0x18C3, 0x18C4, 0x18E4,
  0x18C3, 0x20E3, 0x2104, 0x2104, 0x2105, 0x2925, 0x2945, 0x2925, 0x2925, 0x2945, 0x2945, 0x2945, 0x2925, 0x2925, 0x2925, 0x2925,
  0x2925, 0x2945, 0x2945, 0x2945, 0x2945, 0x2125, 0x18C4, 0x18C4, 0x18E5, 0x2104, 0x3943, 0x8B6A, 0xA3CB, 0xABAA, 0xABAA, 0xA38A,
  0x9308, 0x9B6A, 0xA3CB, 0x934A, 0x9B8A, 0xA3CB, 0x9349, 0x9B8A, 0xA3CB, 0x8B08, 0x9B6A, 0x9B6A, 0x9349, 0x9B69, 0x9349, 0xA3AA,
  0xA3AB, 0x9349, 0x9B69, 0x9349, 0x9B8A, 0x9B8A, 0x9B69, 0xA3CB, 0xA3CC, 0x82E8, 0x9349, 0xABEC, 0x9B8B, 0x9B8A, 0x936A, 0x936A,
  0x9BCC, 0x9BED, 0xA42E, 0xBD12, 0xCD74, 0xD5D5, 0xDE57, 0xE698, 0xEEFA, 0xEEFA, 0xF71B, 0xF71B, 0xF71B, 0xEEFB, 0xEEFB, 0xE6DA,
  0xDEB9, 0xE6FA, 0xEF7C, 0xF7BE, 0xF7BE, 0xEFBE, 0xEFBF, 0xEFBF, 0xEF9E, 0xF79E, 0xD6DB, 0xCE7A, 0xCE7B, 0xC65A, 0xC65A, 0xCE9B,
  0xBE99, 0xCF3B, 0xBEB9, 0xAE57, 0xAE78, 0xB678, 0xC6DA, 0xC6DA, 0xCF3B, 0xDF9D, 0xCF3B, 0xC6DA, 0xB678, 0xC6DA, 0xC6B9, 0xC6B9,
  0xBE99, 0xB5F6, 0xC5F7, 0x9C30, 0x9BCF, 0xA3CF, 0xA3EF, 0xA3CF, 0xA3CF, 0xA3CF, 0xA3CF, 0xA3EF, 0xA40F, 0x93AE, 0xBD13, 0xFF1B,
  0xF71B, 0xF73B, 0xF71B, 0xDE58, 0xD5F6, 0xD5F6, 0xDDF6, 0xD5D5, 0xD5F5, 0xD5F5, 0xD5D5, 0xD5D5, 0xD5F5, 0xD5F6, 0xD5F6, 0xD5F6,
  0xD5F5, 0xD5F5, 0xD5F5, 0xD5F5, 0xD5F5, 0xD5F5, 0xD5F5, 0xD5F5, 0xD5F5, 0xD5F5, 0xD5F5, 0xD5F5, 0xD5F5, 0xD5F5, 0xD5F5, 0xD5F5,
  0xD5F5, 0xD5F5, 0xD5F5, 0xD5F5, 0xD5F6, 0xD5F6, 0xD5F6, 0xD5F6, 0xD5F5, 0xD5F5, 0xD5F5, 0xD5F5, 0xD5F5, 0xD5F5, 0xD5F5, 0xD5F5,
  0xD5F5, 0xD5F5, 0xD5F5, 0xD5F5, 0xD5F6, 0xD5F6, 0xD5F6, 0xD5F6, 0xD5F6, 0xD5F5, 0xD5D5, 0xCD74, 0xBCF2, 0xBD12, 0xAC70, 0xC553,
  0xF71B, 0xF73C, 0xF71B, 0xE699, 0xD617, 0xD5F6, 0xD616, 0xD5F6, 0xD5F6, 0xD5D6, 0xD5D5, 0xD5D5, 0xD5F5, 0xD5F5, 0xD5F5, 0xD5F5,
  0xD5F6, 0xD5F6, 0xD5F6, 0xD5F6, 0xD5F6, 0xD5F6, 0xD5F6, 0xD5F6, 0xD5F5, 0xD5F5, 0xD5F5, 0xD5F5, 0xD5F5, 0xD5F5, 0xD5F5, 0xD5F5,
  0xD5F5, 0xD5F5, 0xD5F5, 0xD5F5, 0xD5F6, 0xD5F6, 0xD5F6, 0xD5F6, 0xD5F6, 0xD5F6, 0xD5F6, 0xD5F6, 0xD5F6, 0xD5D6, 0xD5D6, 0xD5F5,
  0xDDD5, 0xDDF5, 0xD5D5, 0xD5F5, 0xD616, 0xD5F6, 0xB533, 0xACF2, 0xBDB6, 0xD679, 0xD658, 0xD658, 0xD658, 0xD658, 0xD658, 0xD658,
  0xD678, 0xD678, 0xD678, 0xD678, 0xD658, 0xD658, 0xD678, 0xD678, 0xD659, 0xD679, 0xC5D7, 0xA4F3, 0xD658, 0xD658, 0xC5F6, 0x8C2E,
  0x948D, 0x946C, 0x946C, 0x946C, 0x944C, 0x944C, 0x942C, 0x8C0B, 0x8C0B, 0x8BEB, 0x736B, 0x4A27, 0x4A29, 0x4229, 0x2966, 0x2925,
  0x2945, 0x2925, 0x2925, 0x2925, 0x2925, 0x2925, 0x2925, 0x2925, 0x2925, 0x2925, 0x2925, 0x2925, 0x2925, 0x2925, 0x2925, 0x2125,
  0x2145, 0x2945, 0x2945, 0x2925, 0x3145, 0x83CE, 0x9BCC, 0x82E8, 0x5A48, 0x39A6, 0x3165, 0x20E3, 0x2081, 0x20A2, 0x20C3, 0x20E4,
  0x4185, 0x3985, 0x2125, 0x2125, 0x2945, 0x2925, 0x2925, 0x2945, 0x2925, 0x2925, 0x2925, 0x2925, 0x2945, 0x2945, 0x2945, 0x2945,
  0x2925, 0x2925, 0x2925, 0x2925, 0x2945, 0x2945, 0x2105, 0x18C3, 0x1882, 0x3944, 0x7AE9, 0x9B8B, 0xA3AB, 0xABCB, 0xABCA, 0xA3AA,
  0x9328, 0x9B69, 0xABEB, 0x9B6A, 0x9B6A, 0xA3CB, 0x936A, 0x9B8A, 0xA3CB, 0x8B08, 0x9329, 0x9B6A, 0x9349, 0x9B6A, 0x9329, 0xA3AA,
  0xA3CB, 0x9349, 0x9B6A, 0x936A, 0x9BAA, 0x9BAB, 0x9369, 0xA3CB, 0xAC0C, 0x8B08, 0x8308, 0x9BEC, 0x9BED, 0xA46F, 0xBD33, 0xCDF6,
  0xDE99, 0xEF3B, 0xF77C, 0xF79D, 0xFFBE, 0xFFDE, 0xFFDE, 0xF7BE, 0xEF5D, 0xE71C, 0xDEFB, 0xDEBA, 0xD67A, 0xCE79, 0xD69A, 0xE71C,
  0xF79D, 0xF7BE, 0xF7BE, 0xF7BE, 0xF7BE, 0xF7BE, 0xF7BE, 0xF79E, 0xF79E, 0xDEFC, 0xCE9A, 0xCE7A, 0xC659, 0xCE9A, 0xE73D, 0xF7BE,
  0xBEB9, 0xBEB9, 0xB6B9, 0xAE78, 0xA637, 0xAE58, 0xCF3B, 0xD75C, 0xD71B, 0xD71B, 0xD75C, 0xCF1B, 0xBE99, 0xCF1B, 0xD73B, 0xC6B9,
  0xC699, 0xA595, 0x83CF, 0x93F0, 0x9BF0, 0x9BCF, 0xA3CF, 0xA3CF, 0xA3CF, 0xA3CF, 0xA3EF, 0xA3EF, 0xA3EF, 0xA410, 0x938E, 0xBCF3,
  0xF71B, 0xF73B, 0xF73B, 0xF71B, 0xE678, 0xD5F6, 0xD5F6, 0xDDF6, 0xD5F5, 0xD5F5, 0xD5D5, 0xD5F5, 0xD5F5, 0xD5F6, 0xD5F6, 0xD5F6,
  0xD5F5, 0xD5F5, 0xD5F5, 0xD5F5, 0xD5F5, 0xD5F5, 0xD5F5, 0xD5F5, 0xD5F5, 0xD5F5, 0xD5F5, 0xD5F5, 0xD5F5, 0xD5F5, 0xD5F5, 0xD5F5,
  0xD5F5, 0xD5F5, 0xD5F5, 0xD5F5, 0xD5F6, 0xD5F6, 0xD5F6, 0xD5F6, 0xD5F5, 0xD5F5, 0xD5F5, 0xD5F5, 0xD5F5, 0xD5F5, 0xD5F5, 0xD5F5,
  0xD5F5, 0xD5F5, 0xD5F5, 0xD5F5, 0xD5F6, 0xD5F6, 0xD5F6, 0xD5F6, 0xD5F5, 0xD5D5, 0xDDF6, 0xD5D5, 0xC512, 0xBCF2, 0xC4F2, 0xB490,
  0xC554, 0xF71B, 0xF73B, 0xF73B, 0xEEDA, 0xD637, 0xD5F6, 0xD5F6, 0xD5F6, 0xD5F6, 0xD5D6, 0xD5D6, 0xD5F5, 0xD5F5, 0xD5F5, 0xD5F5,
  0xD5F6, 0xD5F6, 0xD5F6, 0xD5F6, 0xD5F6, 0xD5F6, 0xD5F6, 0xD5F6, 0xD5F5, 0xD5F5, 0xD5F5, 0xD5F5, 0xD5F5, 0xD5F5, 0xD5F5, 0xD5F5,
  0xD5F5, 0xD5F5, 0xD5F5, 0xD5F5, 0xD5F6, 0xD5F6, 0xD5F6, 0xD5F6, 0xD5F6, 0xD5F6, 0xD5D6, 0xD5D6, 0xD5D6, 0xD5D6, 0xD5D6, 0xD5F5,
  0xD5D5, 0xD5F5, 0xD5F6, 0xD5F6, 0xC594, 0xACD2, 0xB554, 0xD637, 0xD658, 0xD658, 0xD658, 0xD658, 0xD658, 0xD658, 0xD658, 0xD658,
  0xD678, 0xD678, 0xD678, 0xD678, 0xD678, 0xD678, 0xD658, 0xD658, 0xD679, 0xCE18, 0xA4F3, 0xCE17, 0xD658, 0xCE57, 0xD658, 0x9C90,
  0x946C, 0x9C8D, 0x946C, 0x946C, 0x946C, 0x944C, 0x942C, 0x942B, 0x8C0B, 0x8BEB, 0x83EC, 0x5268, 0x4228, 0x4A49, 0x39C8, 0x2926,
  0x2945, 0x2925, 0x2925, 0x2925, 0x2925, 0x2925, 0x2925, 0x2925, 0x2925, 0x2925, 0x2925, 0x2925, 0x2925, 0x2925, 0x2925, 0x2125,
  0x2145, 0x2945, 0x2925, 0x2945, 0x2904, 0x6ACA, 0xA40D, 0xAC0B, 0x93AC, 0x4184, 0x6ACA, 0x72CA, 0x6A88, 0x7AC9, 0x6AA9, 0x4185,
  0x8B8C, 0x72EA, 0x39C7, 0x2946, 0x2945, 0x2945, 0x2945, 0x2925, 0x2925, 0x2925, 0x2925, 0x2925, 0x2945, 0x2945, 0x2945, 0x2945,
  0x2925, 0x2925, 0x2925, 0x2925, 0x2945, 0x2945, 0x2925, 0x20E4, 0x51E6, 0x8B8C, 0x9BCC, 0x9B8A, 0xABCB, 0xABCB, 0xABCB, 0xA3CB,
  0x9B49, 0x9B69, 0xABEB, 0x9B8A, 0x9349, 0xA3CC, 0x936A, 0x936A, 0xA3CB, 0x9329, 0x9329, 0xA38B, 0x9349, 0x9B8A, 0x9B6A, 0x9B8A,
  0xABEB, 0x9B69, 0x9B69, 0x9B8A, 0xA3CB, 0x9BAB, 0x8B69, 0x93AB, 0xA44E, 0xA42E, 0xB4D0, 0xD616, 0xE6D9, 0xF75C, 0xFFBD, 0xFFDE,
  0xFFDE, 0xF7BE, 0xF79E, 0xF7BE, 0xF7BE, 0xEF7D, 0xD6DB, 0xD6BA, 0xD69A, 0xCE59, 0xCE59, 0xCE79, 0xDEDB, 0xEF5D, 0xF7BE, 0xF7BE,
  0xF79E, 0xF79E, 0xF7BE, 0xF7BE, 0xF79E, 0xF79E, 0xF7BE, 0xF7BE, 0xE71C, 0xCE79, 0xCE79, 0xCE79, 0xE71C, 0xF79E, 0xF7BE, 0xF7BE,
  0xBEDA, 0xC6FA, 0xBED9, 0xB699, 0xA637, 0xAE37, 0xBEB9, 0xD77C, 0xD71B, 0xBE99, 0xC6FA, 0xC6FA, 0xBE99, 0xCF3B, 0xD75C, 0xCEFB,
  0xDF5C, 0xC678, 0x840F, 0x83CF, 0x93CF, 0x9BEF, 0xA3EF, 0xA3EF, 0xA3F0, 0xA3F0, 0xA3F0, 0xA3F0, 0xA3F0, 0xA410, 0xA410, 0x9BCF,
  0xB4F3, 0xF71B, 0xF75C, 0xF73B, 0xF73B, 0xE699, 0xD5F6, 0xD5F6, 0xD5F6, 0xD5F6, 0xD5F6, 0xD5F6, 0xD5F6, 0xD5F6, 0xD5F6, 0xD5F6,
  0xD5F5, 0xD5F5, 0xD5F5, 0xD5F5, 0xD5F5, 0xD5F5, 0xD5F5, 0xD5F5, 0xD5F5, 0xD5F5, 0xD5F5, 0xD5F5, 0xD5F5, 0xD5F5, 0xD5F5, 0xD5F5,
  0xD5F5, 0xD5F5, 0xD5F5, 0xD5F5, 0xD5F6, 0xD5F6, 0xD5F6, 0xD5F6, 0xD5F5, 0xD5F5, 0xD5F5, 0xD5F5, 0xD5F5, 0xD5F5, 0xD5F5, 0xD5F5,
  0xD5F5, 0xD5F5, 0xD5F5, 0xD5F5, 0xD5F6, 0xD5F6, 0xD5F6, 0xD5F6, 0xD5F6, 0xD5F6, 0xD5D5, 0xDDF6, 0xCD94, 0xBCF2, 0xBCD2, 0xC512,
  0xAC90, 0xC533, 0xF71B, 0xFF3B, 0xFF3B, 0xF71B, 0xDE57, 0xD5F6, 0xD5F6, 0xD5F6, 0xD5F6, 0xD5F6, 0xD5F5, 0xD5F5, 0xD5F5, 0xD5F5,
  0xD5F6, 0xD5F6, 0xD5F6, 0xD5F6, 0xD5F6, 0xD5F6, 0xD5F6, 0xD5F6, 0xD5F5, 0xD5F5, 0xD5F5, 0xD5F5, 0xD5F5, 0xD5F5, 0xD5F5, 0xD5F5,
  0xD5F5, 0xD5F5, 0xD5F5, 0xD5F5, 0xD5F6, 0xD5F6, 0xD5F6, 0xD5F6, 0xD5F5, 0xD5F5, 0xD5F5, 0xD5F5, 0xD5F5, 0xD5F5, 0xD5F5, 0xD5D5,
  0xD5F6, 0xD5F6, 0xCDB5, 0xB513, 0xB513, 0xCDF6, 0xD678, 0xD658, 0xD638, 0xD658, 0xD679, 0xD658, 0xD658, 0xD658, 0xD658, 0xD658,
  0xD678, 0xD678, 0xD678, 0xD678, 0xD678, 0xD678, 0xD658, 0xD658, 0xD659, 0xAD14, 0xBDB6, 0xD659, 0xD658, 0xCE57, 0xD678, 0xAD32,
  0x8C4C, 0x9C8D, 0x946D, 0x946C, 0x946C, 0x944C, 0x942C, 0x942B, 0x940B, 0x8C0B, 0x83EB, 0x6B2A, 0x4207, 0x4A49, 0x4A29, 0x2946,
  0x2925, 0x2925, 0x2925, 0x2925, 0x2925, 0x2925, 0x2925, 0x2925, 0x2925, 0x2925, 0x2925, 0x2925, 0x2925, 0x2925, 0x2925, 0x2945,
  0x2145, 0x2145, 0x2945, 0x2945, 0x2904, 0x5207, 0xA3EC, 0xABCB, 0xA3EC, 0x59C4, 0x8309, 0x9BAC, 0xA3CC, 0xAC2D, 0x9BCC, 0x51A4,
  0x834A, 0x6AC9, 0x4208, 0x31C7, 0x2125, 0x2125, 0x2945, 0x2125, 0x2925, 0x2925, 0x2925, 0x2925, 0x2945, 0x2945, 0x2945, 0x2945,
  0x2925, 0x2925, 0x2925, 0x2925, 0x2945, 0x2945, 0x2945, 0x2925, 0x7AEA, 0x9BCC, 0x9BAB, 0x9B8A, 0xABAA, 0xABCB, 0xABCB, 0xABCB,
  0x9B6A, 0x9B69, 0xABEB, 0xA3AB, 0x9349, 0xA3CB, 0x9B6A, 0x9349, 0xA3EC, 0x934A, 0x9329, 0xA3CC, 0x9B6A, 0x9B6A, 0x9BAB, 0xA3AB,
  0xABEB, 0xA38A, 0x9369, 0x9B8A, 0x9BCC, 0xA40D, 0xB4B0, 0xCDB4, 0xE6B9, 0xF75C, 0xFFBD, 0xFFBE, 0xFFBE, 0xF7BE, 0xF79E, 0xF7BE,
  0xF7BE, 0xF7BE, 0xF7BE, 0xEF9E, 0xDEFC, 0xD69A, 0xCE9A, 0xCE7A, 0xCE59, 0xD69A, 0xDEFB, 0xEF7E, 0xF7BE, 0xF7BF, 0xF7BE, 0xF79E,
  0xF7BE, 0xF7BE, 0xF7BE, 0xF7BE, 0xF7BE, 0xF7BE, 0xF7BE, 0xE71C, 0xCE79, 0xCE7A, 0xDF1C, 0xEF7E, 0xF7BF, 0xF7BE, 0xF7BE, 0xF7BE,
  0xBEDA, 0xC6FA, 0xBED9, 0xB699, 0xAE58, 0xAE58, 0xAE57, 0xC71B, 0xD75C, 0xD73B, 0xC6FA, 0xB699, 0xBE99, 0xC6DA, 0xC6DA, 0xCF1B,
  0xD73B, 0xCF1B, 0xC678, 0xB575, 0x9C91, 0x8BAE, 0x8B8E, 0x8B8E, 0x93AE, 0x93AE, 0x93AE, 0x93CF, 0x93CF, 0x93CF, 0x93EF, 0x93EF,
  0x8BCE, 0xA4B2, 0xE6FB, 0xF75C, 0xF73B, 0xF73B, 0xEEB9, 0xD616, 0xD5F6, 0xD5F6, 0xD5F6, 0xD5F6, 0xD5F6, 0xD5F6, 0xD5F5, 0xD5F5,
  0xD5F5, 0xD5F5, 0xD5F5, 0xD5F5, 0xD5F5, 0xD5F5, 0xD5F5, 0xD5F5, 0xD5F5, 0xD5F5, 0xD5F5, 0xD5F5, 0xD5F5, 0xD5F5, 0xD5F5, 0xD5F5,
  0xD5F5, 0xD5F5, 0xD5F5, 0xD5F5, 0xD5F6, 0xD5F6, 0xD5F6, 0xD5F6, 0xD5F5, 0xD5F5, 0xD5F5, 0xD5F5, 0xD5F5, 0xD5F5, 0xD5F5, 0xD5F5,
  0xD5F5, 0xD5F5, 0xD5F5, 0xD5F5, 0xD5F6, 0xD5F6, 0xD5F6, 0xD5F6, 0xD5F5, 0xD5F6, 0xD5F5, 0xD5D5, 0xD5D5, 0xC513, 0xBCF2, 0xBCF2,
  0xBD12, 0xB490, 0xBD33, 0xF71A, 0xFF5C, 0xF73B, 0xF71B, 0xE678, 0xD5F6, 0xD5F6, 0xD5F6, 0xD5F6, 0xD5F6, 0xD5F5, 0xD5F5, 0xD5F5,
  0xD5F6, 0xD5F6, 0xD5F6, 0xD5F6, 0xD5F6, 0xD5F6, 0xD5F6, 0xD5F6, 0xD5F5, 0xD5F5, 0xD5F5, 0xD5F5, 0xD5F5, 0xD5F5, 0xD5F5, 0xD5F5,
  0xD5F5, 0xD5F5, 0xD5F5, 0xD5F5, 0xD5F6, 0xD5F6, 0xD5F6, 0xD5F6, 0xD5F5, 0xD5F5, 0xD5F5, 0xD5F5, 0xD5D5, 0xD5F5, 0xD5F6, 0xD616,
  0xCDD6, 0xB533, 0xACF3, 0xC5B6, 0xD658, 0xD659, 0xD658, 0xD659, 0xD658, 0xD659, 0xD658, 0xD658, 0xD658, 0xD658, 0xD658, 0xD658,
  0xD678, 0xD678, 0xD678, 0xD678, 0xD678, 0xD658, 0xD658, 0xD679, 0xAD34, 0xB575, 0xD659, 0xCE38, 0xD658, 0xD658, 0xD678, 0xC5F6,
  0x8C2D, 0x9C8D, 0x946D, 0x946C, 0x946C, 0x944C, 0x942C, 0x942C, 0x940A, 0x8C0B, 0x8BEB, 0x83CC, 0x5268, 0x4A28, 0x4A29, 0x3188,
  0x2125, 0x2925, 0x2925, 0x2925, 0x2925, 0x2925, 0x2925, 0x2925, 0x2925, 0x2925, 0x2925, 0x2925, 0x2925, 0x2925, 0x2925, 0x2145,
  0x2146, 0x2145, 0x2945, 0x2945, 0x2925, 0x3965, 0x938B, 0xAC0B, 0xAC0C, 0x61E4, 0x7AC7, 0x9BAA, 0xA38A, 0xABCB, 0xA3CB, 0x61E5,
  0x7AC8, 0x72EA, 0x4A08, 0x4249, 0x3187, 0x2925, 0x2145, 0x2145, 0x2125, 0x2925, 0x2925, 0x2925, 0x2945, 0x2945, 0x2945, 0x2945,
  0x2925, 0x2925, 0x2925, 0x2925, 0x2925, 0x2945, 0x2945, 0x2925, 0x7AC8, 0x9B8B, 0xA38A, 0xA38A, 0xA3AA, 0xABCB, 0xABCB, 0xA3CB,
  0x9B8A, 0x9B49, 0xA3CB, 0xA3CB, 0x9349, 0xA3AB, 0x9BAB, 0x8B29, 0xA3CB, 0x9B6A, 0x9349, 0xABEB, 0xA3AB, 0x9349, 0xA3AB, 0xA3EB,
  0xA3EC, 0x938B, 0x93CC, 0xACB0, 0xCDD5, 0xEED9, 0xFF7C, 0xFFBD, 0xF7BE, 0xF7BE, 0xF7BE, 0xF7BE, 0xF7BE, 0xF7BE, 0xF7BE, 0xF7BE,
  0xF79E, 0xF7BF, 0xEF7D, 0xDEDB, 0xCE7A, 0xCE9A, 0xCE59, 0xCE7A, 0xDEFB, 0xF79E, 0xF7BE, 0xF7BE, 0xF79E, 0xF7BE, 0xF7BE, 0xF7BE,
  0xF7BE, 0xF7BE, 0xF7BE, 0xF7BE, 0xF7BE, 0xF7BE, 0xE71C, 0xD69A, 0xDEFC, 0xEF7E, 0xF7BF, 0xF7BF, 0xF79E, 0xF7BE, 0xEF9E, 0xE73C,
  0xB678, 0xB678, 0xBEB9, 0xBED9, 0xB698, 0xB658, 0xAE58, 0xB699, 0xC6FA, 0xD75C, 0xC6FA, 0xB658, 0xB678, 0xB678, 0xBE99, 0xB658,
  0xB678, 0xC6FA, 0xBED9, 0xCEDA, 0xD6DA, 0xB595, 0x9450, 0x62CA, 0x6B2C, 0xAD13, 0xAD34, 0xA4D2, 0xA4F3, 0x9CD2, 0x9CB2, 0x9CB2,
  0x9CB2, 0x9491, 0xAD34, 0xDEFA, 0xF77C, 0xF73B, 0xF73B, 0xEEDA, 0xD637, 0xD5F6, 0xD5F6, 0xD5F6, 0xD5F6, 0xD5F6, 0xD5F5, 0xD5F5,
  0xD5F6, 0xD5F6, 0xD5F6, 0xD5F6, 0xD5F6, 0xD5F6, 0xD5F6, 0xD5F6, 0xD5F5, 0xD5F5, 0xD5F5, 0xD5F5, 0xD5F6, 0xD5F6, 0xD5F6, 0xD5F6,
  0xD5F6, 0xD5F6, 0xD5F6, 0xD5F6, 0xD5F5, 0xD5F5, 0xD5F5, 0xD5F5, 0xD5F5, 0xD5F5, 0xD5F5, 0xD5F5, 0xD5F5, 0xD5F5, 0xD5F5, 0xD5F5,
  0xD5F6, 0xD5F6, 0xD5F6, 0xD5F6, 0xD5F6, 0xD5F6, 0xD5F6, 0xD5F6, 0xD5F6, 0xD5F6, 0xD5F6, 0xD5F5, 0xDDF6, 0xCD74, 0xBCF2, 0xC512,
  0xBCF1, 0xBD12, 0xAC90, 0xA491, 0xEEDA, 0xF75C, 0xF73B, 0xF73B, 0xEEB9, 0xD637, 0xD5F6, 0xD5F6, 0xD5F6, 0xD5F6, 0xD5F6, 0xD5F6,
  0xD5F6, 0xD5F6, 0xD5F6, 0xD5F6, 0xD5F6, 0xD5F6, 0xD5F6, 0xD5F6, 0xD5F6, 0xD5F6, 0xD5F6, 0xD5F6, 0xD5F6, 0xD5F6, 0xD5F6, 0xD5F6,
  0xD5F6, 0xD5F6, 0xD5F6, 0xD5F6, 0xD5F6, 0xD5F6, 0xD5F6, 0xD5F6, 0xD5F5, 0xD5F6, 0xD5F6, 0xD5F6, 0xD5F6, 0xD616, 0xCDB5, 0xBD33,
  0xAD13, 0xBD95, 0xD638, 0xD659, 0xD658, 0xD659, 0xD659, 0xD659, 0xD658, 0xD658, 0xD658, 0xD658, 0xD659, 0xD659, 0xD659, 0xD659,
  0xD658, 0xD679, 0xD679, 0xD658, 0xD659, 0xD659, 0xD679, 0xB554, 0xB554, 0xD659, 0xCE38, 0xD659, 0xD658, 0xD658, 0xD678, 0xD658,
  0x9C8F, 0x944D, 0x9C8E, 0x946C, 0x946C, 0x944C, 0x944C, 0x942C, 0x942B, 0x8C0A, 0x8BEB, 0x83EC, 0x62E9, 0x4207, 0x4A29, 0x41E9,
  0x2946, 0x2945, 0x2945, 0x2945, 0x2925, 0x2925, 0x2925, 0x2925, 0x2925, 0x2925, 0x2925, 0x2925, 0x2925, 0x2925, 0x2925, 0x2145,
  0x2145, 0x2145, 0x2925, 0x2925, 0x2925, 0x3124, 0x7B0A, 0xAC0C, 0xAC2D, 0x6A25, 0x7286, 0x9BAA, 0xA38A, 0xABEB, 0xAC0C, 0x6A05,
  0x7287, 0x72EA, 0x4A08, 0x4A6A, 0x4229, 0x2946, 0x2945, 0x2146, 0x2945, 0x2945, 0x2945, 0x2945, 0x2925, 0x2925, 0x2925, 0x2925,
  0x2925, 0x2925, 0x2925, 0x2925, 0x2945, 0x2945, 0x2945, 0x2925, 0x82E8, 0x9B6A, 0xA38A, 0xA38A, 0xA3AA, 0xABEB, 0xA3CB, 0xA3CB,
  0xA3AA, 0x9B49, 0xA3CB, 0xABEB, 0x9349, 0x9B8B, 0xA3CB, 0x9329, 0xA3AA, 0xA38A, 0x9B49, 0xABEC, 0xA3EB, 0x9349, 0x9B8A, 0xA40C,
  0xB4D1, 0xC5B5, 0xE6B9, 0xFF7C, 0xFFDE, 0xFFBE, 0xF7BE, 0xEF9E, 0xF7BE, 0xF7BE, 0xF7BE, 0xF7BE, 0xF7BE, 0xF7BE, 0xF7BE, 0xF7BE,
  0xF7BF, 0xE73D, 0xD69A, 0xCE9A, 0xCE7A, 0xCE59, 0xDEDB, 0xEF7D, 0xF7BE, 0xF7BE, 0xF79E, 0xF79E, 0xF79E, 0xF7BE, 0xF7BE, 0xF79E,
  0xF7BE, 0xF7BE, 0xF7BE, 0xF7BE, 0xF7BE, 0xEF7D, 0xDEFB, 0xEF7D, 0xFFDF, 0xF7BF, 0xF79E, 0xF7BF, 0xF79E, 0xE73D, 0xD6BB, 0xCE7A,
  0xB699, 0xBEB9, 0xB658, 0xBEB9, 0xB678, 0xB678, 0xB6B9, 0xB678, 0xBE99, 0xC6DA, 0xBED9, 0xB698, 0xC6DA, 0xBEB9, 0xBEB9, 0xBE79,
  0xAE58, 0xAE78, 0xBED9, 0xB698, 0xBE98, 0xB617, 0x9CD2, 0x630B, 0x73AD, 0xDF1B, 0xEF9D, 0xE75C, 0xE77C, 0xD6FA, 0xCEB9, 0xCE99,
  0xC699, 0xCEB9, 0xBE17, 0xAD95, 0xD6B9, 0xF77C, 0xF73B, 0xF75C, 0xF6FA, 0xDE58, 0xD5F6, 0xD5F6, 0xD5F6, 0xD5F6, 0xD5F5, 0xD5F5,
  0xD5F6, 0xD5F6, 0xD5F6, 0xD5F6, 0xD5F6, 0xD5F6, 0xD5F6, 0xD5F6, 0xD5F5, 0xD5F5, 0xD5F5, 0xD5F5, 0xD5F6, 0xD5F6, 0xD5F6, 0xD5F6,
  0xD5F6, 0xD5F6, 0xD5F6, 0xD5F6, 0xD5F5, 0xD5F5, 0xD5F5, 0xD5F5, 0xD5F5, 0xD5F5, 0xD5F5, 0xD5F5, 0xD5F5, 0xD5F5, 0xD5F5, 0xD5F5,
  0xD5F6, 0xD5F6, 0xD5F6, 0xD5F6, 0xD5F6, 0xD5F6, 0xD5F6, 0xD5F6, 0xD5F6, 0xD5F6, 0xD5F6, 0xD5F6, 0xDDF6, 0xD5B5, 0xBD12, 0xBCF2,
  0xBD12, 0xBCF2, 0xA450, 0xA491, 0xB534, 0xE6BA, 0xF75C, 0xF73B, 0xF75B, 0xEEFA, 0xDE57, 0xD5F6, 0xD616, 0xD5F6, 0xD5F6, 0xD5F5,
  0xD5F6, 0xD5F6, 0xD5F6, 0xD5F6, 0xD5F6, 0xD5F6, 0xD5F6, 0xD5F6, 0xD5F6, 0xD5F6, 0xD5F6, 0xD5F6, 0xD5F6, 0xD5F6, 0xD5F6, 0xD5F6,
  0xD5F6, 0xD5F6, 0xD5F6, 0xD5F6, 0xD5F5, 0xD5F6, 0xD5F6, 0xD5F5, 0xD5F5, 0xD5F6, 0xD5F6, 0xD5F6, 0xC5B5, 0xB533, 0xACF2, 0xC595,
  0xD638, 0xD679, 0xD658, 0xD658, 0xD658, 0xD659, 0xD659, 0xD659, 0xD658, 0xD658, 0xD658, 0xD658, 0xD659, 0xD659, 0xD659, 0xD659,
  0xD659, 0xD679, 0xD659, 0xD658, 0xD679, 0xD679, 0xAD34, 0xB555, 0xD658, 0xD658, 0xD658, 0xD658, 0xD658, 0xD658, 0xD658, 0xD678,
  0xACF1, 0x942E, 0x9C6E, 0x946C, 0x946C, 0x944C, 0x944C, 0x942C, 0x940B, 0x8C0A, 0x8BEA, 0x83EB, 0x7BAB, 0x4A47, 0x4228, 0x4A29,
  0x3186, 0x2125, 0x2945, 0x2125, 0x2925, 0x2925, 0x2925, 0x2925, 0x2925, 0x2925, 0x2925, 0x2925, 0x2925, 0x2925, 0x2925, 0x2125,
  0x2145, 0x2125, 0x2925, 0x2945, 0x2946, 0x2904, 0x5A47, 0xA40C, 0xAC6D, 0x6A66, 0x6A46, 0x9BAB, 0x9B8A, 0xABEB, 0xAC0D, 0x6A67,
  0x6A47, 0x6ACA, 0x4A28, 0x4229, 0x4229, 0x39E8, 0x2945, 0x2125, 0x2945, 0x2945, 0x2945, 0x2945, 0x2925, 0x2925, 0x2925, 0x2925,
  0x2925, 0x2925, 0x2925, 0x2925, 0x2945, 0x2945, 0x2945, 0x2925, 0x8309, 0x9B6A, 0x9B8A, 0x9B8A, 0xA3AA, 0xABEB, 0xA3CB, 0xA3CB,
  0xABCB, 0x9B6A, 0xA3CB, 0xAC0C, 0x9B6A, 0x9B8A, 0xAC0C, 0x9349, 0xA38A, 0xA3AB, 0x9349, 0xA3EC, 0xA40D, 0xA44E, 0xC572, 0xEEB8,
  0xF75C, 0xFFBE, 0xFFBE, 0xF79E, 0xF7BE, 0xEFBE, 0xEFBF, 0xEFBF, 0xF7BE, 0xF7BE, 0xF7BE, 0xF7BE, 0xF7BE, 0xFFBE, 0xF7BE, 0xF79D,
  0xE71C, 0xCE9A, 0xCE7A, 0xCE59, 0xD6BA, 0xEF7D, 0xF7BE, 0xF7BE, 0xF7BE, 0xF7BE, 0xF7BE, 0xF7BE, 0xF7BE, 0xF7BE, 0xF7BE, 0xF79E,
  0xF7BE, 0xF7BE, 0xF7BE, 0xF7BE, 0xF7BE, 0xF79E, 0xF7BE, 0xF7BE, 0xF79E, 0xF7BE, 0xF7BE, 0xE73D, 0xD6BB, 0xCE79, 0xCE79, 0xCE79,
  0xBEFA, 0xB698, 0xAE58, 0xBE99, 0xBE99, 0xBE99, 0xAE58, 0xAE58, 0xBEB9, 0xBE99, 0xAE58, 0xAE58, 0xC6FA, 0xBEB9, 0xC6DA, 0xDF9D,
  0xCF5C, 0xBEB9, 0xB699, 0xB6B9, 0xBE98, 0xB5F6, 0x94B1, 0x62EB, 0x73AE, 0xD6FA, 0xEFBD, 0xE79D, 0xDF5C, 0xD71B, 0xCEFA, 0xBEB9,
  0xBE99, 0xC6B9, 0xCEFA, 0xC678, 0xAD94, 0xCE58, 0xF75C, 0xF73B, 0xF73B, 0xF71B, 0xDE78, 0xD5F6, 0xD5F6, 0xD5F6, 0xD5F6, 0xD5F5,
  0xD5F6, 0xD5F6, 0xD5F6, 0xD5F6, 0xD5F6, 0xD5F6, 0xD5F6, 0xD5F6, 0xD5F5, 0xD5F5, 0xD5F5, 0xD5F5, 0xD5F6, 0xD5F6, 0xD5F6, 0xD5F6,
  0xD5F6, 0xD5F6, 0xD5F6, 0xD5F6, 0xD5F5, 0xD5F5, 0xD5F5, 0xD5F5, 0xD5F5, 0xD5F5, 0xD5F5, 0xD5F5, 0xD5F5, 0xD5F5, 0xD5F5, 0xD5F5,
  0xD5F6, 0xD5F6, 0xD5F6, 0xD5F6, 0xD5F6, 0xD5F6, 0xD5F6, 0xD5F6, 0xD5F6, 0xD5F6, 0xD5F6, 0xD5F6, 0xD5F6, 0xDDF6, 0xCD54, 0xBCF2,
  0xB4F2, 0x9C2F, 0xA4B1, 0xBD95, 0xB555, 0xAD13, 0xD658, 0xF75C, 0xF73B, 0xF75B, 0xF73B, 0xE698, 0xD616, 0xD5F6, 0xD5F6, 0xD5F5,
  0xD5F6, 0xD5F6, 0xD5F6, 0xD5F6, 0xD5F6, 0xD5F6, 0xD5F6, 0xD5F6, 0xD5F6, 0xD5F6, 0xD5F6, 0xD5F6, 0xD5F6, 0xD5F6, 0xD5F6, 0xD5F6,
  0xD5F6, 0xD5F6, 0xD5F6, 0xD5F6, 0xD5F6, 0xD5F6, 0xD5F5, 0xD5F6, 0xD616, 0xD5F6, 0xC595, 0xB513, 0xAD13, 0xBD95, 0xD658, 0xD659,
  0xD638, 0xD638, 0xD638, 0xD658, 0xD658, 0xD658, 0xD658, 0xD658, 0xD658, 0xD658, 0xD658, 0xD658, 0xD659, 0xD659, 0xD659, 0xD659,
  0xD659, 0xD659, 0xD658, 0xD659, 0xD658, 0xAD34, 0xB575, 0xD659, 0xD658, 0xD658, 0xD658, 0xD678, 0xD658, 0xD658, 0xD658, 0xD679,
  0xBD74, 0x8C0D, 0x944D, 0x942C, 0x946C, 0x944C, 0x944C, 0x942C, 0x940C, 0x8C0B, 0x8BEA, 0x8BEA, 0x83EB, 0x6309, 0x4207, 0x4A29,
  0x41E8, 0x2946, 0x2925, 0x2925, 0x2925, 0x2925, 0x2925, 0x2925, 0x2925, 0x2925, 0x2925, 0x2925, 0x2925, 0x2925, 0x2925, 0x2925,
  0x2945, 0x2925, 0x2925, 0x2125, 0x2146, 0x2925, 0x4184, 0x93CC, 0xAC4D, 0x7AC8, 0x6205, 0x9BCB, 0x9B8A, 0xABEB, 0xAC2D, 0x7AC8,
  0x6206, 0x62A9, 0x4229, 0x4229, 0x3187, 0x41E8, 0x39C7, 0x2125, 0x2945, 0x2945, 0x2945, 0x2945, 0x2925, 0x2925, 0x2925, 0x2925,
  0x2925, 0x2925, 0x2925, 0x2925, 0x2945, 0x2945, 0x2945, 0x3145, 0x8B2A, 0x9B8A, 0x9B8A, 0x9BAB, 0xA3AB, 0xABEC, 0xABEB, 0xABCB,
  0xABEB, 0xA38A, 0xA3AA, 0xB40C, 0x9B8A, 0x9B6A, 0xAC0C, 0x9B8A, 0x938B, 0x9BAC, 0x93CC, 0xBD32, 0xDE57, 0xF75C, 0xFFBD, 0xFFBE,
  0xF7BE, 0xF79E, 0xF7BE, 0xF7BE, 0xF7BE, 0xF7BE, 0xF7BE, 0xF7BE, 0xF7BE, 0xF79E, 0xF79E, 0xF79E, 0xF7BE, 0xF79E, 0xF79E, 0xE71C,
  0xCE9A, 0xC659, 0xCE9A, 0xE75D, 0xF7BE, 0xF7BE, 0xF7BE, 0xF79E, 0xF7BE, 0xF7BE, 0xF7BE, 0xF7BE, 0xF7BE, 0xF7BE, 0xF7BE, 0xF7BE,
  0xF7BE, 0xF7BE, 0xF7BE, 0xF7BE, 0xF7BE, 0xF7BE, 0xF7BE, 0xF7BE, 0xF7BE, 0xEF7E, 0xDEFB, 0xCE7A, 0xCE79, 0xCE9A, 0xCE79, 0xCE7A,
  0xB698, 0xB678, 0xBEB9, 0xCF3B, 0xD77C, 0xC6FA, 0xAE78, 0xBED9, 0xD73B, 0xCF1B, 0xB678, 0xB698, 0xC6FA, 0xB678, 0xC6DA, 0xCF1B,
  0xC6DA, 0xCF1B, 0xB678, 0xBE98, 0xC6B9, 0xB5D6, 0x9CB2, 0x62EB, 0x73AE, 0xCE79, 0xDF3C, 0xE79D, 0xDF7C, 0xDF7C, 0xDF9C, 0xCEFA,
  0xBED9, 0xC6FA, 0xCF3B, 0xC6B9, 0xBE37, 0xAD95, 0xC5F7, 0xEF1B, 0xF75C, 0xF73B, 0xF73B, 0xE699, 0xD616, 0xD5F6, 0xD5F6, 0xD5F5,
  0xD5F6, 0xD5F6, 0xD5F6, 0xD5F6, 0xD5F6, 0xD5F6, 0xD5F6, 0xD5F6, 0xD5F5, 0xD5F5, 0xD5F5, 0xD5F5, 0xD5F6, 0xD5F6, 0xD5F6, 0xD5F6,
  0xD5F6, 0xD5F6, 0xD5F6, 0xD5F6, 0xD5F5, 0xD5F5, 0xD5F5, 0xD5F5, 0xD5F5, 0xD5F5, 0xD5F5, 0xD5F5, 0xD5F5, 0xD5F5, 0xD5F5, 0xD5F5,
  0xD5F6, 0xD5F6, 0xD5F6, 0xD5F6, 0xD5F6, 0xD5F6, 0xD5F6, 0xD5F6, 0xD5F6, 0xD5F6, 0xD5F6, 0xD5F6, 0xD5F6, 0xD5D5, 0xD5D5, 0xBCF2,
  0x940F, 0xACD2, 0xBD95, 0xBD95, 0xBD75, 0xBD75, 0xAD13, 0xCDF7, 0xF73B, 0xF75B, 0xF73B, 0xF75B, 0xEED9, 0xD617, 0xD5F6, 0xD5F6,
  0xD5F6, 0xD5F6, 0xD5F6, 0xD5F6, 0xD5F6, 0xD5F6, 0xD5F6, 0xD5F6, 0xD5F6, 0xD5F6, 0xD5F6, 0xD5F6, 0xD5F6, 0xD5F6, 0xD5F6, 0xD5F6,
  0xD5F5, 0xD5F5, 0xD5F6, 0xD5F6, 0xD616, 0xD5F6, 0xD5F6, 0xCDB5, 0xBD74, 0xB513, 0xB554, 0xC5D6, 0xD658, 0xD679, 0xD679, 0xD658,
  0xD659, 0xD658, 0xD658, 0xD659, 0xD658, 0xD658, 0xD658, 0xD658, 0xD658, 0xD658, 0xD658, 0xD658, 0xD659, 0xD659, 0xD659, 0xD659,
  0xD659, 0xD659, 0xD679, 0xCE38, 0xAD34, 0xB575, 0xD679, 0xD658, 0xD658, 0xD658, 0xD658, 0xD658, 0xD658, 0xD658, 0xD658, 0xD658,
  0xCDF6, 0x8C2E, 0x944D, 0x944C, 0x946C, 0x944C, 0x944C, 0x942C, 0x8C0C, 0x8C0B, 0x8C0A, 0x8BEA, 0x83CA, 0x7BCB, 0x5268, 0x4228,
  0x4A29, 0x3187, 0x2125, 0x2945, 0x2925, 0x2925, 0x2925, 0x2925, 0x2925, 0x2925, 0x2925, 0x2925, 0x2925, 0x2925, 0x2925, 0x2925,
  0x2945, 0x2924, 0x2925, 0x2925, 0x2146, 0x2945, 0x3124, 0x7B2A, 0xAC6E, 0x8308, 0x59C4, 0x9BAB, 0x9B89, 0xABEB, 0xB42C, 0x8B29,
  0x59E5, 0x5A89, 0x4209, 0x4A6A, 0x39E8, 0x2925, 0x39A7, 0x3186, 0x2925, 0x2945, 0x2945, 0x2945, 0x2925, 0x2925, 0x2925, 0x2925,
  0x2125, 0x2925, 0x2925, 0x2925, 0x2945, 0x2945, 0x2945, 0x3145, 0x8B6A, 0x9B8B, 0x9B8A, 0xA3AB, 0xA3CC, 0xABEC, 0xABEC, 0xABCB,
  0xABEB, 0xA3AA, 0xA3AA, 0xAC0C, 0xA3CB, 0x9B6A, 0xA3EC, 0xA3EC, 0xA44F, 0xCDD5, 0xEEDA, 0xFF9D, 0xFFBE, 0xEFBE, 0xEFBF, 0xEFBF,
  0xF7BE, 0xF7BE, 0xF7BE, 0xF7BE, 0xF7BD, 0xFFBD, 0xFFBD, 0xFFBD, 0xF7BE, 0xF7BE, 0xF7BE, 0xF79E, 0xF7BF, 0xEF7E, 0xDEDB, 0xCE59,
  0xCE79, 0xDF1C, 0xF7BE, 0xF7BE, 0xF7BE, 0xF7BE, 0xF7BE, 0xF7BE, 0xF7BE, 0xF7BE, 0xF7BE, 0xF7BE, 0xF79D, 0xE73C, 0xEF5D, 0xF7BE,
  0xF7BE, 0xF7BE, 0xF79E, 0xF7BE, 0xF79E, 0xF79E, 0xF7BE, 0xF7BE, 0xE73D, 0xD6BA, 0xCE79, 0xCE7A, 0xCE79, 0xCE59, 0xCE79, 0xCE7A,
  0xB699, 0xB6B9, 0xB699, 0xCF5B, 0xD79D, 0xC6FA, 0xB699, 0xC6FA, 0xE7BD, 0xCEFA, 0xC6B9, 0xCEFB, 0xC6B9, 0xBE99, 0xBEB9, 0xB678,
  0xAE58, 0xB698, 0xB658, 0xBE98, 0xC699, 0xB5D6, 0x94B1, 0x62EA, 0x73AD, 0xC678, 0xCF1A, 0xCF3B, 0xD73C, 0xD73C, 0xD73B, 0xD71B,
  0xCEFA, 0xC6B9, 0xCF1B, 0xCEFA, 0xBE78, 0xB637, 0xADD5, 0xB5F6, 0xE6FB, 0xF75C, 0xF73C, 0xFF3C, 0xEEDA, 0xD617, 0xD5F6, 0xD5F6,
  0xD616, 0xD5F6, 0xD5F5, 0xD5F5, 0xD5F5, 0xD5F5, 0xD5F5, 0xD5F5, 0xD5F6, 0xD5F6, 0xD5F6, 0xD5F6, 0xD5F5, 0xD5F5, 0xD5F5, 0xD5F5,
  0xD5F5, 0xD5F5, 0xD5F5, 0xD5F5, 0xD5F5, 0xD5F5, 0xD5F5, 0xD5F5, 0xD5F5, 0xD5F5, 0xD5F5, 0xD5F5, 0xD5F5, 0xD5F5, 0xD5F5, 0xD5F5,
  0xD5F6, 0xD5F6, 0xD5F6, 0xD5F6, 0xD5F6, 0xD5F6, 0xD5F5, 0xD5F5, 0xD5F5, 0xD5F5, 0xD5F5, 0xD5F6, 0xD5F6, 0xD616, 0xC595, 0x9C70,
  0xACF3, 0xC5B6, 0xBD75, 0xBD95, 0xBD96, 0xBD75, 0xC596, 0xACF3, 0xBD95, 0xEEFB, 0xF73C, 0xF73B, 0xFF5B, 0xF6FA, 0xDE78, 0xD5F6,
  0xDDF6, 0xD5F6, 0xD5F6, 0xD5F6, 0xD5F6, 0xD5F6, 0xD5F5, 0xD5F5, 0xD5F5, 0xD5F5, 0xD5F5, 0xD5F5, 0xD5F5, 0xD5F5, 0xD5F6, 0xD5F5,
  0xD5F6, 0xD616, 0xD616, 0xD5F6, 0xCDB5, 0xBD54, 0xAD13, 0xB533, 0xBD95, 0xCE17, 0xD658, 0xD659, 0xD658, 0xD658, 0xD658, 0xD658,
  0xD658, 0xD658, 0xD658, 0xD658, 0xD658, 0xD658, 0xD658, 0xD658, 0xD659, 0xD659, 0xD659, 0xD659, 0xD659, 0xD679, 0xD659, 0xD658,
  0xD658, 0xD679, 0xC5F7, 0xAD13, 0xBDB6, 0xD679, 0xCE38, 0xD658, 0xD658, 0xD658, 0xD659, 0xD658, 0xD658, 0xD658, 0xD658, 0xD658,
  0xD678, 0x9C90, 0x944D, 0x9C8D, 0x9C6C, 0x944C, 0x944C, 0x8C2C, 0x8C0C, 0x8C0B, 0x8C0A, 0x83EA, 0x83CA, 0x83CB, 0x6B09, 0x4A06,
  0x4A29, 0x41E8, 0x2946, 0x2146, 0x2145, 0x2945, 0x2945, 0x2945, 0x2925, 0x2925, 0x2925, 0x2925, 0x2925, 0x2925, 0x2925, 0x2925,
  0x2925, 0x2925, 0x2925, 0x2945, 0x2945, 0x2945, 0x2124, 0x5A89, 0xAC4E, 0x9349, 0x59A3, 0x936A, 0xA38A, 0xABEB, 0xB40C, 0x9B69,
  0x59C5, 0x5228, 0x4229, 0x424A, 0x4A6A, 0x31A7, 0x20E4, 0x2967, 0x2946, 0x2945, 0x2945, 0x2925, 0x2925, 0x2925, 0x2925, 0x2125,
  0x2146, 0x2925, 0x2924, 0x2945, 0x2145, 0x2146, 0x2945, 0x3985, 0x936A, 0xA3CA, 0x9B8A, 0xA3AA, 0xABCB, 0xABEC, 0xAC0C, 0xABEC,
  0xB3EB, 0xABCA, 0xA38A, 0xAC0D, 0x9BED, 0x93AD, 0xBD12, 0xDE38, 0xEF3C, 0xFFDE, 0xFFBE, 0xF7BE, 0xF79E, 0xF7BE, 0xF7BE, 0xF7BE,
  0xF7BE, 0xF7BE, 0xF7BE, 0xF7BE, 0xF7BE, 0xF7BD, 0xF7BD, 0xF7BE, 0xF7BE, 0xF7BE, 0xF79E, 0xF7BF, 0xEF7E, 0xD6BA, 0xCE59, 0xD6BB,
  0xEF7D, 0xF7DE, 0xF7BE, 0xF7BE, 0xF7BE, 0xF7BE, 0xF7BE, 0xF7BE, 0xF7BE, 0xF7BE, 0xEF7D, 0xDF1B, 0xDEFB, 0xEF5D, 0xF7BE, 0xF7BE,
  0xF7BE, 0xF79E, 0xF7BE, 0xF7BE, 0xF7BE, 0xF79E, 0xF7BE, 0xE71C, 0xCE79, 0xCE79, 0xCE79, 0xCE79, 0xCE79, 0xCE79, 0xCE7A, 0xCE79,
  0xAE58, 0xB678, 0xB698, 0xB678, 0xBEDA, 0xC6DA, 0xB678, 0xB678, 0xCEFB, 0xB638, 0xC6DA, 0xC6DA, 0xB658, 0xBE99, 0xB699, 0xB678,
  0xAE37, 0xAE78, 0xB698, 0xCF1A, 0xC6B9, 0xADB5, 0x94B1, 0x62EA, 0x73AD, 0xC678, 0xC6D9, 0xC71B, 0xCEFA, 0xBE78, 0xB637, 0xBEB9,
  0xC6D9, 0xBE98, 0xC6D9, 0xC6DA, 0xBE78, 0xAE16, 0xBE98, 0xBE58, 0xBDD6, 0xDEB9, 0xF75C, 0xF73B, 0xF75B, 0xF6FA, 0xDE58, 0xCDF6,
  0xD616, 0xD5F6, 0xD5F6, 0xD5F5, 0xD5F5, 0xD5F5, 0xD5F5, 0xD5F5, 0xD5F6, 0xD5F6, 0xD5F6, 0xD5F6, 0xD5F5, 0xD5F5, 0xD5F5, 0xD5F5,
  0xD5F5, 0xD5F5, 0xD5F5, 0xD5F5, 0xD5F5, 0xD5F5, 0xD5F5, 0xD5F5, 0xD5F5, 0xD5F5, 0xD5F5, 0xD5F5, 0xD5F5, 0xD5F5, 0xD5F5, 0xD5F5,
  0xD5F6, 0xD5F6, 0xD5F5, 0xD5F5, 0xD5F5, 0xD5F5, 0xD5F5, 0xD5F5, 0xD5F5, 0xD5F5, 0xD5F6, 0xD5F6, 0xD616, 0xBD74, 0xA4D2, 0xCDF6,
  0xCDF7, 0xBD75, 0xBD96, 0xBD95, 0xBD96, 0xBD75, 0xBD75, 0xC596, 0xB555, 0xB534, 0xDE79, 0xF75C, 0xF73C, 0xF73B, 0xF73B, 0xE699,
  0xD5F6, 0xD5F6, 0xD5F6, 0xD5F6, 0xD5F6, 0xD5F6, 0xD5F6, 0xD5F5, 0xD5F6, 0xD5F6, 0xD5F6, 0xD616, 0xD5F6, 0xD5F6, 0xD5F6, 0xD5F6,
  0xCDD5, 0xC594, 0xBD53, 0xB513, 0xB533, 0xBD75, 0xCDF7, 0xD658, 0xD679, 0xD658, 0xD659, 0xD658, 0xD658, 0xD658, 0xD658, 0xD658,
  0xD658, 0xD658, 0xD658, 0xD658, 0xD658, 0xD658, 0xD658, 0xD658, 0xD659, 0xD659, 0xD659, 0xD659, 0xD658, 0xD679, 0xD658, 0xD659,
  0xD679, 0xBD95, 0xAD13, 0xC5F7, 0xD679, 0xCE38, 0xD658, 0xD658, 0xD658, 0xD658, 0xD658, 0xD658, 0xD658, 0xD658, 0xD658, 0xD658,
  0xD699, 0xAD12, 0x8C2D, 0x9C8D, 0x9C6C, 0x944C, 0x944C, 0x8C2C, 0x8C0C, 0x8C0B, 0x8C0A, 0x8BEA, 0x83CA, 0x83CB, 0x83AB, 0x5A67,
  0x4A08, 0x4A29, 0x31A7, 0x2145, 0x2146, 0x2945, 0x2945, 0x2945, 0x2925, 0x2925, 0x2925, 0x2925, 0x2925, 0x2925, 0x2925, 0x2925,
  0x2925, 0x2925, 0x2925, 0x2925, 0x2945, 0x2945, 0x2124, 0x39A6, 0xA40D, 0x9BAB, 0x61C3, 0x9349, 0xA3AB, 0xA3CB, 0xAC0C, 0xA3AA,
  0x59C5, 0x49E7, 0x4A29, 0x4229, 0x39E8, 0x4208, 0x2946, 0x18C4, 0x2125, 0x2945, 0x2945, 0x2945, 0x2925, 0x2925, 0x2925, 0x2125,
  0x2146, 0x2945, 0x2924, 0x2925, 0x2145, 0x2146, 0x2125, 0x3985, 0x93AB, 0xA3CB, 0x9B8A, 0xA3AA, 0xABCB, 0xB3EB, 0xABEB, 0xB40C,
  0xAC2C, 0xA3CB, 0x93AB, 0xAC6F, 0xC573, 0xE699, 0xF77C, 0xFFBE, 0xF7BE, 0xF7BE, 0xF79E, 0xF7BE, 0xF7BE, 0xF7BE, 0xF7BE, 0xF7BE,
  0xF7BE, 0xF7BE, 0xF7BE, 0xF7BE, 0xF7BE, 0xF7BE, 0xF7BE, 0xF7BE, 0xF7BE, 0xF79E, 0xF7BF, 0xEF5D, 0xCE9A, 0xCE79, 0xE73C, 0xF7BE,
  0xF7BE, 0xF7BE, 0xF7BE, 0xF7BE, 0xF7BE, 0xF7BE, 0xF7BE, 0xF79E, 0xE75D, 0xD6DA, 0xD6BA, 0xE73C, 0xF79E, 0xF7BE, 0xF7BE, 0xF7BE,
  0xF7BE, 0xF7BE, 0xEF7D, 0xF79E, 0xF7BE, 0xF79E, 0xDEDB, 0xCE79, 0xCE79, 0xCE7A, 0xCE79, 0xCE79, 0xCE79, 0xCE79, 0xCE79, 0xCE79,
  0x9DF6, 0x9DF6, 0xA637, 0xA617, 0xB678, 0xC71A, 0xAE37, 0xB658, 0xBE78, 0xAE17, 0xBEB9, 0xC6DA, 0xCF3B, 0xC6DA, 0xBE99, 0xC6FA,
  0xB699, 0xBEB9, 0xB678, 0xBEB9, 0xBE78, 0xADB5, 0x94B1, 0x62EA, 0x738D, 0xC678, 0xC6D9, 0xC73B, 0xC6FA, 0xB637, 0xAE37, 0xAE37,
  0xBE78, 0xBEB9, 0xCEFA, 0xC6B9, 0xB678, 0xBE78, 0xBE98, 0xBE78, 0xCE99, 0xBE17, 0xCE78, 0xEF7C, 0xF75B, 0xF73B, 0xF71B, 0xE698,
  0xD5F6, 0xD5F6, 0xD616, 0xD5F6, 0xD5F6, 0xD5F5, 0xD5F5, 0xD5F5, 0xD5F6, 0xD5F6, 0xD5F6, 0xD5F6, 0xD5F5, 0xD5F5, 0xD5F5, 0xD5F5,
  0xD5F5, 0xD5F5, 0xD5F5, 0xD5F5, 0xD5F5, 0xD5F5, 0xD5F5, 0xD5F5, 0xD5F5, 0xD5F5, 0xD5F5, 0xD5F5, 0xD5F5, 0xD5F5, 0xD5F5, 0xD5F5,
  0xD5F5, 0xD5F5, 0xD5F5, 0xD5F5, 0xD5F5, 0xD5F5, 0xD5F5, 0xD5F5, 0xD5F5, 0xD5F5, 0xD5F6, 0xCDD5, 0xB513, 0xAD13, 0xCE38, 0xD678,
  0xD638, 0xC5D6, 0xBD95, 0xBD96, 0xBD95, 0xBD96, 0xBD75, 0xBD75, 0xBD96, 0xB575, 0xAD14, 0xBD96, 0xE6DA, 0xF75C, 0xF75C, 0xF75C,
  0xEEDA, 0xD637, 0xD5F6, 0xD616, 0xD617, 0xD616, 0xD616, 0xD616, 0xD616, 0xD617, 0xCDF6, 0xCDD5, 0xC5B5, 0xC594, 0xBD54, 0xB533,
  0xB513, 0xBD54, 0xC5B5, 0xCDF7, 0xD658, 0xD678, 0xD658, 0xD658, 0xD658, 0xD659, 0xD658, 0xD659, 0xD658, 0xD658, 0xD658, 0xD658,
  0xD658, 0xD658, 0xD658, 0xD658, 0xD658, 0xD658, 0xD658, 0xD658, 0xD659, 0xD659, 0xD659, 0xD658, 0xD679, 0xD658, 0xD679, 0xCE38,
  0xB554, 0xAD34, 0xCE38, 0xD658, 0xCE38, 0xD658, 0xD658, 0xD658, 0xD658, 0xD658, 0xD658, 0xD658, 0xD658, 0xD658, 0xD658, 0xD658,
  0xD679, 0xBDB5, 0x8C0D, 0x9C6D, 0x9C6C, 0x944C, 0x944C, 0x942C, 0x8C0C, 0x8C0C, 0x8C0B, 0x8BEA, 0x83CA, 0x83CB, 0x83CB, 0x732A,
  0x4207, 0x4A28, 0x4208, 0x2946, 0x2146, 0x2945, 0x2945, 0x2945, 0x2925, 0x2925, 0x2925, 0x2925, 0x2925, 0x2925, 0x2925, 0x2925,
  0x2925, 0x2925, 0x2925, 0x2925, 0x2925, 0x2945, 0x2945, 0x2944, 0x834B, 0xA3ED, 0x59C4, 0x8B08, 0xA3CB, 0xA3CB, 0xAC0B, 0xABEC,
  0x6206, 0x41A6, 0x4A49, 0x3A09, 0x2945, 0x39A7, 0x39E8, 0x2125, 0x18C4, 0x2105, 0x2945, 0x2945, 0x2925, 0x2925, 0x2925, 0x2125,
  0x2146, 0x2945, 0x2924, 0x2925, 0x2125, 0x2146, 0x2104, 0x41C6, 0x9BCC, 0xA3EC, 0x9BAB, 0xA3AA, 0xABEB, 0xB3EB, 0xB40C, 0xAC0C,
  0x9C2D, 0xACD0, 0xCDD5, 0xEF1A, 0xFFBC, 0xFFDD, 0xF7BD, 0xF79D, 0xF7BE, 0xF79E, 0xF7BE, 0xF7BE, 0xF7BE, 0xF7BE, 0xF7BE, 0xF7BE,
  0xF7BE, 0xF7BE, 0xF7BE, 0xF7BE, 0xF7BE, 0xF7BE, 0xF7BE, 0xF7BE, 0xF7BE, 0xF7BE, 0xE73C, 0xCE59, 0xD6BB, 0xF79E, 0xF7BF, 0xF7BE,
  0xF79E, 0xF7BE, 0xF7BE, 0xF7BE, 0xF7BE, 0xEF5D, 0xE71C, 0xD69A, 0xCE79, 0xDF1C, 0xF79E, 0xF7BE, 0xF7BE, 0xF7BE, 0xF7BE, 0xF7BE,
  0xF79E, 0xE71C, 0xE71C, 0xF79E, 0xEF7D, 0xD6BA, 0xCE79, 0xCE79, 0xCE7A, 0xCE79, 0xCE7A, 0xCE7A, 0xCE79, 0xCE79, 0xCE79, 0xCE79,
  0x9DD6, 0x9DB5, 0xA5F6, 0xA617, 0xAE57, 0xCF1B, 0xBEB9, 0xCF1B, 0xCF1A, 0xBE98, 0xC6DA, 0xCF1B, 0xCF1A, 0xCF3B, 0xCF1B, 0xCF1A,
  0xB678, 0xAE37, 0xAE57, 0xB657, 0xBE57, 0xB5D5, 0x9491, 0x62EA, 0x736C, 0xC699, 0xC6D9, 0xB678, 0xB678, 0xAE37, 0xAE57, 0xAE57,
  0xB678, 0xC6D9, 0xD75B, 0xC6D9, 0xBE98, 0xB678, 0xC6D9, 0xBEB8, 0xB657, 0xCEDA, 0xBE78, 0xBE16, 0xE73B, 0xF75C, 0xF73B, 0xFF3B,
  0xEEDA, 0xDE37, 0xD5F6, 0xD5F6, 0xD5F6, 0xD5D6, 0xD5D6, 0xD5D6, 0xD5F6, 0xD5F6, 0xD5F6, 0xD5F6, 0xD5F5, 0xD5F5, 0xD5F5, 0xD5F5,
  0xD5F5, 0xD5F5, 0xD5F5, 0xD5F5, 0xD5F5, 0xD5F5, 0xD5F5, 0xD5F5, 0xD5F5, 0xD5F5, 0xD5F5, 0xD5F5, 0xD5F5, 0xD5F5, 0xD5F5, 0xD5F5,
  0xD5F5, 0xD5F5, 0xD5F5, 0xD5F5, 0xD5F5, 0xD5F5, 0xD5F5, 0xD5F5, 0xD5F6, 0xD616, 0xC574, 0xACD2, 0xBD74, 0xD678, 0xD679, 0xD659,
  0xD658, 0xD658, 0xC5B6, 0xBD95, 0xBD95, 0xBD95, 0xBD96, 0xBD75, 0xB576, 0xBD96, 0xBD96, 0x9430, 0x9C91, 0xBD96, 0xDE79, 0xE6DA,
  0xEEFB, 0xE699, 0xCDD6, 0xC595, 0xC5B5, 0xC595, 0xBD54, 0xBD54, 0xB533, 0xB533, 0xB534, 0xB554, 0xB554, 0xBD75, 0xC5D6, 0xCE17,
  0xD638, 0xD658, 0xD678, 0xD678, 0xD658, 0xCE58, 0xCE58, 0xCE58, 0xD658, 0xD658, 0xD658, 0xD659, 0xD658, 0xD658, 0xD658, 0xD658,
  0xD658, 0xD658, 0xD658, 0xD658, 0xD658, 0xD658, 0xD658, 0xD658, 0xD659, 0xD659, 0xD659, 0xD659, 0xD658, 0xD659, 0xC5D6, 0xAD13,
  0xBD95, 0xD679, 0xD658, 0xD658, 0xD658, 0xD659, 0xD658, 0xD658, 0xD658, 0xD658, 0xD658, 0xD658, 0xD658, 0xD658, 0xD658, 0xD658,
  0xD679, 0xCE17, 0x8C2E, 0x946D, 0x9C6C, 0x944C, 0x944C, 0x942C, 0x8C2C, 0x8C0C, 0x8C0B, 0x8BEB, 0x8BEB, 0x83CA, 0x83CA, 0x7BAA,
  0x5AA9, 0x4A07, 0x4A48, 0x31A7, 0x2145, 0x2945, 0x2945, 0x2945, 0x2925, 0x2925, 0x2925, 0x2925, 0x2925, 0x2925, 0x2925, 0x2925,
  0x2925, 0x2925, 0x2925, 0x2925, 0x2945, 0x2925, 0x2945, 0x2924, 0x6267, 0xA42E, 0x6205, 0x7AC7, 0xA3CB, 0xA3CB, 0xAC0C, 0xAC0C,
  0x6A47, 0x4164, 0x4A49, 0x3A09, 0x2946, 0x2945, 0x3187, 0x3187, 0x2105, 0x10A3, 0x2104, 0x2945, 0x2925, 0x2925, 0x2925, 0x2125,
  0x2145, 0x2945, 0x2925, 0x2925, 0x2145, 0x2145, 0x2104, 0x5227, 0xA3EC, 0xA3CB, 0xA3CB, 0xA3CB, 0xA3EC, 0xAC0C, 0xAC2D, 0xC4F1,
  0xD657, 0xF77C, 0xFFBD, 0xF7BD, 0xF7BD, 0xF7BD, 0xF7BD, 0xF7BE, 0xF7BE, 0xF7BE, 0xF7BE, 0xF7BE, 0xF7BE, 0xF7BE, 0xF7BE, 0xF7BE,
  0xF7BE, 0xF7BE, 0xF7BE, 0xF7BE, 0xF7BE, 0xF79E, 0xF79E, 0xF7BE, 0xF7BE, 0xDEFC, 0xCE79, 0xE73C, 0xF7BF, 0xF79E, 0xF79E, 0xF7BE,
  0xF7BE, 0xF7BE, 0xEF9E, 0xE73C, 0xDEFB, 0xD69A, 0xCE59, 0xDEDB, 0xEF9E, 0xF7BE, 0xF7BE, 0xF7BE, 0xF7BE, 0xF7BE, 0xF7BE, 0xEF5D,
  0xD6BB, 0xDEDB, 0xF7BE, 0xEF7D, 0xD6BA, 0xCE79, 0xCE7A, 0xCE7A, 0xCE79, 0xCE79, 0xCE7A, 0xCE7A, 0xCE79, 0xCE79, 0xCE79, 0xCE79,
  0xAE58, 0xA5F6, 0x9DD6, 0xA5F6, 0xB678, 0xCF3B, 0xBE99, 0xBEDA, 0xB698, 0xBEB8, 0xAE57, 0xBEB9, 0xB678, 0xBEB9, 0xB678, 0xAE57,
  0xA5F6, 0xA637, 0xC71A, 0xC6B9, 0xBE78, 0xB5D5, 0x9491, 0x62EA, 0x6B6C, 0xBE37, 0xBE98, 0xAE58, 0xB699, 0xAE58, 0xAE37, 0xAE57,
  0xB678, 0xC6D9, 0xD75B, 0xCF1A, 0xBE98, 0xBE98, 0xBEB9, 0xB678, 0xAE37, 0xAE37, 0xBEB9, 0xB637, 0xAD94, 0xD6B9, 0xF75C, 0xF75B,
  0xF73B, 0xF71A, 0xDE78, 0xD5F6, 0xD5F6, 0xD5F6, 0xDDF6, 0xD5D6, 0xD5F6, 0xD5F6, 0xD5F6, 0xD5F5, 0xD5F6, 0xD5F6, 0xD5F6, 0xD5F6,
  0xD5F6, 0xD5F6, 0xD5F6, 0xD5F6, 0xD5F6, 0xD5F6, 0xD5F6, 0xD5F6, 0xD5F6, 0xD5F6, 0xD5F6, 0xD5F6, 0xD5F6, 0xD5F6, 0xD5F6, 0xD5F5,
  0xD5F5, 0xDDF5, 0xD5F5, 0xD5F5, 0xD5F5, 0xD5F5, 0xD5F5, 0xD616, 0xCDD5, 0xB512, 0xACF2, 0xCDF6, 0xD678, 0xD658, 0xCE58, 0xCE59,
  0xD658, 0xD658, 0xCE38, 0xBDB6, 0xBD96, 0xBD96, 0xBD95, 0xBD95, 0xBD76, 0xBD96, 0x9C92, 0xA4D3, 0xBD95, 0x9CB2, 0xCE38, 0xE6DA,
  0xDE99, 0xDEBA, 0xCE38, 0xBD95, 0xBD95, 0xBD95, 0xC5B5, 0xC5D6, 0xC5F7, 0xC617, 0xCE37, 0xD658, 0xD679, 0xD679, 0xD679, 0xD678,
  0xD658, 0xD658, 0xD658, 0xD658, 0xD659, 0xD659, 0xCE59, 0xD679, 0xD658, 0xD658, 0xD659, 0xD658, 0xD659, 0xD659, 0xD659, 0xD659,
  0xD658, 0xD658, 0xD658, 0xD658, 0xD658, 0xD658, 0xD658, 0xD658, 0xD659, 0xD658, 0xD658, 0xD679, 0xCE38, 0xB575, 0xAD14, 0xC5F7,
  0xD679, 0xD658, 0xD658, 0xD658, 0xD658, 0xD658, 0xD658, 0xD658, 0xD658, 0xD658, 0xD658, 0xD658, 0xD658, 0xD658, 0xD658, 0xD658,
  0xD659, 0xD658, 0x9C90, 0x942D, 0x9C6D, 0x944C, 0x944C, 0x944C, 0x8C2C, 0x8C0C, 0x8C0B, 0x8BEB, 0x8BEB, 0x83EA, 0x83CA, 0x83AA,
  0x736B, 0x4A27, 0x4A28, 0x4208, 0x2966, 0x2945, 0x2945, 0x2945, 0x2925, 0x2925, 0x2925, 0x2925, 0x2945, 0x2945, 0x2945, 0x2945,
  0x2945, 0x2945, 0x2925, 0x2925, 0x2925, 0x2925, 0x2945, 0x2925, 0x41A5, 0x9C0E, 0x6A67, 0x7266, 0xA3CC, 0xA3AB, 0xABEB, 0xA3CB,
  0x7AC8, 0x3964, 0x4A29, 0x39E9, 0x2946, 0x2925, 0x2945, 0x3187, 0x2946, 0x20E4, 0x18C3, 0x2104, 0x2945, 0x2946, 0x2125, 0x2945,
  0x2145, 0x2945, 0x2945, 0x2945, 0x2145, 0x2946, 0x2904, 0x6288, 0xABEB, 0xABCA, 0xA3EB, 0x9BCC, 0x9C0D, 0xB512, 0xDE78, 0xFF7C,
  0xFFBE, 0xF7BE, 0xF79E, 0xF79E, 0xF79E, 0xF7BE, 0xF7BE, 0xF7BE, 0xF7BE, 0xF7BE, 0xF7BE, 0xF7BE, 0xF7BE, 0xF7BE, 0xF7BE, 0xF7BE,
  0xF7BE, 0xF7BE, 0xF79E, 0xF7BE, 0xF7BE, 0xF7BE, 0xFFDE, 0xF79E, 0xDEDB, 0xDEFC, 0xEF9E, 0xF7BE, 0xF7BE, 0xF7BE, 0xF7BE, 0xF7BE,
  0xEF7D, 0xE73C, 0xD6BA, 0xD69A, 0xCE79, 0xCE9A, 0xE75C, 0xF7BE, 0xF7BE, 0xF7BE, 0xF7BE, 0xF7BE, 0xF7BE, 0xEF7D, 0xDEFB, 0xCE99,
  0xDEFB, 0xF7BE, 0xEF5D, 0xD69A, 0xCE79, 0xCE7A, 0xCE79, 0xCE79, 0xCE7A, 0xCE7A, 0xCE7A, 0xCE7A, 0xCE7A, 0xCE7A, 0xCE7A, 0xCE7A,
  0xC73B, 0xBED9, 0xAE57, 0xA616, 0xC71B, 0xD77C, 0xB678, 0xA616, 0xA636, 0xAE57, 0xA636, 0xAE57, 0xAE77, 0xB677, 0xA616, 0xAE37,
  0xA616, 0xAE57, 0xB698, 0xBE98, 0xCEB9, 0xB5D5, 0x94B1, 0x62EA, 0x738C, 0xBE57, 0xB677, 0xBEB9, 0xD75C, 0xCF1B, 0xBEB9, 0xBED9,
  0xC6FA, 0xC6B9, 0xC6D9, 0xB678, 0xBEB9, 0xCF3B, 0xC6D9, 0xBE78, 0xC6DA, 0xC6B9, 0xB678, 0xB637, 0xADD5, 0xA574, 0xC637, 0xEF5C,
  0xF75C, 0xF73B, 0xF73B, 0xEEB9, 0xDE37, 0xD5F6, 0xD5F6, 0xD5F6, 0xD5F6, 0xD5F6, 0xD5F6, 0xD5F6, 0xD5F6, 0xD5F6, 0xD5F6, 0xD5F6,
  0xD5F6, 0xD5F6, 0xD5F6, 0xD5F6, 0xD5F6, 0xD5F6, 0xD5F6, 0xD5F6, 0xD5F6, 0xD5F6, 0xD5F6, 0xD5F6, 0xD5F6, 0xD5F6, 0xD5F6, 0xD5F5,
  0xD5F5, 0xD5F5, 0xD5F5, 0xD5F5, 0xD5F5, 0xD616, 0xD5F6, 0xBD54, 0xACD2, 0xBD74, 0xD658, 0xD678, 0xD658, 0xD658, 0xD659, 0xD679,
  0xD658, 0xD658, 0xD679, 0xCE38, 0xBDB6, 0xBD96, 0xBD96, 0xBD95, 0xC5B6, 0xA4B2, 0x9C92, 0xBD96, 0xBD75, 0xB555, 0xBD95, 0xFFBE,
  0xF7BE, 0xF7BE, 0xF79E, 0xDEDA, 0xD679, 0xD679, 0xD659, 0xD659, 0xD659, 0xD659, 0xD659, 0xD658, 0xD658, 0xD658, 0xD658, 0xD658,
  0xD659, 0xD659, 0xD659, 0xD659, 0xD659, 0xD659, 0xD659, 0xD659, 0xD658, 0xD658, 0xD658, 0xD658, 0xD659, 0xD659, 0xD659, 0xD659,
  0xD658, 0xD658, 0xD658, 0xD658, 0xD658, 0xD658, 0xD679, 0xD659, 0xD659, 0xD679, 0xD679, 0xBDB6, 0xAD14, 0xBD96, 0xD658, 0xD658,
  0xD658, 0xD658, 0xD658, 0xD658, 0xD658, 0xD658, 0xD658, 0xD658, 0xD658, 0xD658, 0xD658, 0xD658, 0xD658, 0xD658, 0xD658, 0xD658,
  0xD659, 0xD679, 0xAD12, 0x8C0D, 0x9C6D, 0x944C, 0x944C, 0x944B, 0x942C, 0x8C2C, 0x8C0B, 0x8BEB, 0x8BEB, 0x83EA, 0x83CA, 0x83CA,
  0x7BAA, 0x62E9, 0x4206, 0x4A28, 0x31C7, 0x2145, 0x2145, 0x2945, 0x2925, 0x2925, 0x2925, 0x2925, 0x2945, 0x2945, 0x2945, 0x2945,
  0x2945, 0x2945, 0x2945, 0x2925, 0x2925, 0x2945, 0x2946, 0x2945, 0x3124, 0x838C, 0x72E9, 0x6205, 0xA3CB, 0xA3AB, 0xABEC, 0x9349,
  0x8309, 0x4164, 0x4208, 0x4209, 0x2926, 0x2925, 0x2925, 0x2925, 0x2945, 0x2945, 0x2104, 0x18C3, 0x2104, 0x2925, 0x2945, 0x2925,
  0x2945, 0x2945, 0x2945, 0x2945, 0x2145, 0x2945, 0x2924, 0x730A, 0xAC2C, 0xA3CB, 0xA40D, 0xBD32, 0xDE98, 0xFF9D, 0xFFBE, 0xF7BE,
  0xF79E, 0xF79E, 0xF79E, 0xF79E, 0xF79E, 0xF79E, 0xF79E, 0xF79E, 0xF7BE, 0xF7BE, 0xF7BE, 0xF7BE, 0xF7BE, 0xF7BE, 0xF7BE, 0xF7BE,
  0xF7BE, 0xF7BE, 0xF7BE, 0xF79E, 0xF7BE, 0xFFDE, 0xEF5D, 0xD6BA, 0xE71C, 0xF7BF, 0xF7BE, 0xF79E, 0xF7BE, 0xF7BF, 0xEF9E, 0xE71C,
  0xD6BA, 0xCE9A, 0xCE79, 0xCE59, 0xDEDB, 0xF79E, 0xF7DE, 0xF79E, 0xF7BE, 0xF7BE, 0xF7BE, 0xEF9E, 0xE73C, 0xD69A, 0xCE79, 0xE71C,
  0xF7BF, 0xE75D, 0xCE9A, 0xCE7A, 0xCE7A, 0xCE7A, 0xCE7A, 0xCE7A, 0xCE7A, 0xCE7A, 0xCE7A, 0xCE7A, 0xCE7A, 0xCE7A, 0xCE7A, 0xCE7A,
  0xAE57, 0xB678, 0xAE58, 0x9DD6, 0xC6FA, 0xC6FA, 0xA5F6, 0x9DD5, 0xA636, 0x9E16, 0x9DD5, 0x9DD5, 0x9DD5, 0xAE37, 0xAE37, 0xAE57,
  0xA616, 0xA617, 0xB698, 0xB637, 0xC698, 0xB5D6, 0x8C90, 0x5AEA, 0x738D, 0xC698, 0xBEB9, 0xB678, 0xCF1B, 0xD73C, 0xD73B, 0xDF7C,
  0xDF7C, 0xC6D9, 0xBE78, 0xB637, 0xBE98, 0xCF1A, 0xCF1A, 0xD71B, 0xE77D, 0xE77D, 0xCF1A, 0xB657, 0xA5F5, 0xBE98, 0xB616, 0xB5D5,
  0xDEDA, 0xF77C, 0xF75B, 0xF75B, 0xF71B, 0xE679, 0xD5F6, 0xD5D6, 0xD5F6, 0xD5F6, 0xD5F6, 0xD5F6, 0xD5F6, 0xD5F6, 0xD5F6, 0xD5F6,
  0xD5F6, 0xD5F6, 0xD5F6, 0xD5F6, 0xD5F6, 0xD5F6, 0xD5F6, 0xD5F6, 0xD5F6, 0xD5F6, 0xD5F6, 0xD5F6, 0xD5F6, 0xD5F6, 0xD5F6, 0xD5F6,
  0xD5F5, 0xD5D5, 0xD5F6, 0xD616, 0xD5F6, 0xBD74, 0xACF2, 0xB533, 0xCE17, 0xD679, 0xD659, 0xD658, 0xD658, 0xD659, 0xD659, 0xD679,
  0xD679, 0xD658, 0xD658, 0xD658, 0xCE38, 0xBD96, 0xBD95, 0xBDB6, 0xA4B2, 0x9C91, 0xBD75, 0xBD75, 0xB575, 0xBD96, 0xAD34, 0xCE38,
  0xF7DE, 0xF79E, 0xF79E, 0xE71B, 0xD679, 0xD658, 0xD659, 0xD658, 0xD658, 0xD658, 0xD658, 0xD658, 0xD658, 0xD658, 0xD658, 0xD658,
  0xD658, 0xD658, 0xD658, 0xD658, 0xD658, 0xD658, 0xD658, 0xD658, 0xD658, 0xD658, 0xD658, 0xD658, 0xD659, 0xD659, 0xD659, 0xD659,
  0xD658, 0xD658, 0xD658, 0xD658, 0xD658, 0xD658, 0xD658, 0xD659, 0xD679, 0xC5F7, 0xAD34, 0xB555, 0xCE38, 0xD679, 0xD659, 0xD658,
  0xD658, 0xD658, 0xD659, 0xD659, 0xD658, 0xD658, 0xD658, 0xD658, 0xD658, 0xD658, 0xD658, 0xD658, 0xD658, 0xD658, 0xD658, 0xD659,
  0xCE59, 0xD679, 0xBD94, 0x8C0D, 0x9C6D, 0x944C, 0x944C, 0x944B, 0x942C, 0x8C2B, 0x8C0B, 0x8BEB, 0x8BEB, 0x83CA, 0x83CA, 0x83CA,
  0x7BAA, 0x736A, 0x5247, 0x4228, 0x4229, 0x3186, 0x2945, 0x2945, 0x2925, 0x2925, 0x2925, 0x2925, 0x2925, 0x2925, 0x2925, 0x2925,
  0x2945, 0x2945, 0x2945, 0x2945, 0x2925, 0x2925, 0x2945, 0x2945, 0x2903, 0x6289, 0x7B2A, 0x59C4, 0x9BAB, 0xA3AB, 0xABEC, 0x936A,
  0x8B4A, 0x49A4, 0x4A08, 0x4209, 0x2926, 0x2926, 0x2945, 0x2926, 0x2925, 0x2925, 0x2925, 0x2104, 0x18C3, 0x2104, 0x2945, 0x2925,
  0x2945, 0x2945, 0x2945, 0x2945, 0x2146, 0x2945, 0x3144, 0x7B2B, 0xA44E, 0xBD32, 0xE6B9, 0xFF9D, 0xFFBE, 0xF7BE, 0xF7BE, 0xF7BE,
  0xF7BE, 0xF7BE, 0xF7BE, 0xF79E, 0xF7BE, 0xF79E, 0xF79E, 0xF79E, 0xF7BE, 0xF7BE, 0xF7BE, 0xF7BE, 0xF7BE, 0xF7BE, 0xF7BE, 0xF7BE,
  0xF7BE, 0xF7BE, 0xF7BE, 0xF7BE, 0xF79E, 0xDEDB, 0xCE79, 0xEF5D, 0xF7DF, 0xF79E, 0xF79E, 0xF7BE, 0xEF9E, 0xE71C, 0xD6BA, 0xCE9A,
  0xCE7A, 0xCE79, 0xCE7A, 0xE75C, 0xF7BE, 0xF7BE, 0xF7BE, 0xF7BE, 0xF7BE, 0xEF9E, 0xE73C, 0xD6BA, 0xCE79, 0xCE79, 0xE73C, 0xF7BE,
  0xE75D, 0xCE9A, 0xCE7A, 0xCE7A, 0xCE7A, 0xCE7A, 0xCE7A, 0xCE7A, 0xCE7A, 0xCE7A, 0xCE7A, 0xCE7A, 0xCE7A, 0xCE7A, 0xCE7A, 0xCE7A,
  0xA637, 0xA616, 0xAE58, 0xA616, 0xAE57, 0xC6FA, 0xAE17, 0xA5F6, 0x9E16, 0x95B4, 0x9DD5, 0xA636, 0x9DF5, 0xA636, 0xB677, 0xB698,
  0xB678, 0xBEB9, 0xD77C, 0xCF1A, 0xCEFA, 0xB5D6, 0x9490, 0x62EA, 0x6B6C, 0xB616, 0xBEB9, 0xAE57, 0xBE78, 0xCEFA, 0xD73B, 0xDF5C,
  0xDF7C, 0xD73B, 0xCEDA, 0xC6DA, 0xBE57, 0xBE58, 0xD73B, 0xE79D, 0xE77D, 0xE77D, 0xD75C, 0xB678, 0xAE37, 0xC6FA, 0xD71A, 0xC678,
  0xBDD6, 0xCE58, 0xEF3B, 0xF75C, 0xF73B, 0xF73B, 0xEEDA, 0xDE37, 0xD5F6, 0xD5F6, 0xD5F6, 0xD5F6, 0xD5F6, 0xD5F6, 0xD5F6, 0xD5F6,
  0xD5F6, 0xD5F6, 0xD5F6, 0xD5F6, 0xD5F6, 0xD5F6, 0xD5F6, 0xD5F6, 0xD5F5, 0xD5F6, 0xD5F6, 0xD5F6, 0xD5F6, 0xD5F6, 0xD5F6, 0xD5F6,
  0xD5F6, 0xD616, 0xD5F6, 0xBD74, 0xACF2, 0xB513, 0xC5D6, 0xD678, 0xD659, 0xCE58, 0xD659, 0xD679, 0xD659, 0xD659, 0xD658, 0xD678,
  0xD658, 0xD679, 0xD679, 0xD658, 0xD658, 0xCE18, 0xBDB6, 0x9CB2, 0x9C71, 0xBD75, 0xBD75, 0xBD75, 0xBD95, 0xBD75, 0xBD75, 0xAD13,
  0xDEFB, 0xF7DF, 0xF79E, 0xEF7D, 0xDEBA, 0xD659, 0xD659, 0xD659, 0xD658, 0xD658, 0xD658, 0xD658, 0xD658, 0xD658, 0xD658, 0xD658,
  0xD658, 0xD658, 0xD658, 0xD658, 0xD658, 0xD658, 0xD658, 0xD658, 0xD658, 0xD658, 0xD658, 0xD658, 0xD659, 0xD659, 0xD659, 0xD659,
  0xD658, 0xD658, 0xD658, 0xD658, 0xD658, 0xD659, 0xD659, 0xCE17, 0xB554, 0xAD34, 0xC5F7, 0xD679, 0xD658, 0xD658, 0xD658, 0xD658,
  0xD658, 0xD658, 0xD659, 0xD659, 0xD658, 0xD658, 0xD658, 0xD658, 0xD658, 0xD658, 0xD658, 0xD658, 0xD658, 0xD658, 0xD658, 0xD658,
  0xD659, 0xD678, 0xCDF6, 0x942E, 0x944D, 0x944C, 0x944C, 0x944B, 0x944B, 0x8C2B, 0x8C0B, 0x8BEB, 0x8BEB, 0x83CB, 0x83CA, 0x83CA,
  0x7BAA, 0x7BAA, 0x6B0A, 0x4207, 0x4A49, 0x39E8, 0x2945, 0x2945, 0x2925, 0x2925, 0x2925, 0x2925, 0x2925, 0x2925, 0x2925, 0x2925,
  0x2945, 0x2945, 0x2945, 0x2945, 0x2925, 0x2105, 0x2125, 0x2945, 0x2924, 0x3985, 0x7B2A, 0x59C4, 0x936A, 0xA3AB, 0xABEC, 0x936A,
  0x93AA, 0x6288, 0x41E7, 0x4209, 0x2946, 0x2926, 0x2925, 0x2925, 0x2945, 0x2125, 0x2945, 0x2945, 0x2125, 0x18E4, 0x2104, 0x2945,
  0x2945, 0x2945, 0x2945, 0x2945, 0x2146, 0x2945, 0x3144, 0xA4B1, 0xE6B9, 0xF79D, 0xFFBE, 0xF79E, 0xF7BE, 0xF7BE, 0xF7BE, 0xF7BE,
  0xF7BE, 0xF7BE, 0xF7BE, 0xF7DE, 0xF7BE, 0xF7BE, 0xF7BE, 0xF7BE, 0xF7BE, 0xF7BE, 0xF7BE, 0xF7BE, 0xF7BE, 0xF7BE, 0xF7BE, 0xF7BE,
  0xF7BE, 0xF7BE, 0xEF7D, 0xE71C, 0xCE79, 0xD69A, 0xEF7D, 0xF7BE, 0xF79E, 0xF7BE, 0xF79E, 0xE73C, 0xD6BB, 0xCE9A, 0xCE7A, 0xCE9A,
  0xCE59, 0xD6DB, 0xF79E, 0xF7BE, 0xF7BE, 0xF7BE, 0xF7BE, 0xF7BE, 0xEF5D, 0xDEDB, 0xCE9A, 0xCE79, 0xCE99, 0xE71C, 0xF7BE, 0xEF5D,
  0xCE9A, 0xCE7A, 0xCE9A, 0xCE7A, 0xCE7A, 0xCE7A, 0xCE7A, 0xCE7A, 0xCE7A, 0xCE7A, 0xCE7A, 0xCE7A, 0xCE7A, 0xCE7A, 0xCE7A, 0xCE7A,
  0xBEFA, 0xAE77, 0xB678, 0xC6FA, 0xAE37, 0xC6DA, 0xBE58, 0xC6B9, 0xBE99, 0xA5D6, 0xAE57, 0xA616, 0x9DF5, 0xA5F6, 0xAE37, 0xD71B,
  0xCEFA, 0xC6DA, 0xD73B, 0xDF7C, 0xDF7C, 0xB5D6, 0x9470, 0x62CA, 0x6B6D, 0xADD5, 0xA616, 0xA616, 0xA616, 0xB678, 0xC6D9, 0xC719,
  0xBED9, 0xCF3B, 0xD75B, 0xC6DA, 0xAE17, 0xBE78, 0xDF7C, 0xDF7C, 0xD71B, 0xD73B, 0xCF1B, 0xB658, 0xC6B9, 0xC6B9, 0xCEFA, 0xC6DA,
  0xCEDA, 0xB637, 0xB5F6, 0xDEFA, 0xEF5C, 0xF73B, 0xF73B, 0xF71B, 0xEEB9, 0xDE37, 0xD5F6, 0xD5F6, 0xD616, 0xD5F6, 0xD5F6, 0xD5D5,
  0xD5F6, 0xD5F6, 0xD5F6, 0xD5F6, 0xD5F6, 0xD5F6, 0xD5F6, 0xD5F5, 0xD5F5, 0xD5D5, 0xD5F5, 0xD5F6, 0xD5F6, 0xD5D6, 0xD5F6, 0xD5F7,
  0xCDD6, 0xBD74, 0xACF3, 0xB534, 0xC5D7, 0xD658, 0xD679, 0xCE38, 0xD658, 0xD659, 0xD659, 0xD659, 0xD659, 0xD659, 0xD659, 0xD659,
  0xD659, 0xD658, 0xD679, 0xD658, 0xD659, 0xD679, 0xA4D3, 0x9C91, 0xBD96, 0xBD95, 0xBD75, 0xBD95, 0xBD75, 0xBD75, 0xBD95, 0xBD55,
  0xB575, 0xEF7D, 0xF7BE, 0xF79D, 0xE73C, 0xD679, 0xD659, 0xD658, 0xD658, 0xD678, 0xD678, 0xD678, 0xD658, 0xD658, 0xD658, 0xD658,
  0xD658, 0xD658, 0xD658, 0xD658, 0xD658, 0xD658, 0xD658, 0xD658, 0xD659, 0xD659, 0xD659, 0xD659, 0xD679, 0xD658, 0xD658, 0xD658,
  0xD658, 0xD659, 0xD658, 0xD679, 0xD679, 0xCE17, 0xB575, 0xAD34, 0xBDB6, 0xD658, 0xD658, 0xD658, 0xD658, 0xD659, 0xD658, 0xD658,
  0xD658, 0xD658, 0xD658, 0xD658, 0xD658, 0xD658, 0xD658, 0xD658, 0xD658, 0xD658, 0xD658, 0xD658, 0xD658, 0xD658, 0xD658, 0xD658,
  0xD659, 0xD658, 0xD657, 0x948F, 0x944D, 0x946D, 0x946C, 0x944B, 0x944C, 0x8C2C, 0x8C0B, 0x8BEB, 0x83EB, 0x83CA, 0x83CA, 0x83AA,
  0x7BA9, 0x7B89, 0x7B8B, 0x5A88, 0x4A07, 0x4A49, 0x31A6, 0x2145, 0x2945, 0x2945, 0x2925, 0x2945, 0x2925, 0x2925, 0x2925, 0x2925,
  0x2925, 0x2925, 0x2925, 0x2925, 0x2945, 0x2125, 0x2105, 0x2125, 0x2945, 0x2924, 0x6289, 0x5A05, 0x8B29, 0xA3CB, 0xABEC, 0xA38A,
  0x9B8A, 0x832A, 0x41E7, 0x4229, 0x2966, 0x2945, 0x2945, 0x2945, 0x2945, 0x2945, 0x2945, 0x2945, 0x2945, 0x2125, 0x2105, 0x2105,
  0x2925, 0x2945, 0x2945, 0x2945, 0x2945, 0x2925, 0x526A, 0xEF5D, 0xFFDE, 0xF7BE, 0xF7BE, 0xF79D, 0xF7BE, 0xF7BE, 0xF7BE, 0xF7BE,
  0xF7BE, 0xF7BE, 0xF7BE, 0xEF5C, 0xF79D, 0xF7BE, 0xF7BE, 0xF7BE, 0xF7BE, 0xF7BE, 0xF7BE, 0xF7BE, 0xF7BE, 0xF7BE, 0xF7BF, 0xF7BF,
  0xEF5E, 0xDEFC, 0xD69A, 0xC639, 0xD6BA, 0xF7BE, 0xF7BE, 0xF79D, 0xF7BE, 0xEF7D, 0xD6DB, 0xCE7A, 0xCE7A, 0xD69A, 0xCE7A, 0xCE5A,
  0xE71C, 0xF7BE, 0xF7BE, 0xF7BE, 0xF7BE, 0xF7BE, 0xEF7D, 0xDEFB, 0xD69A, 0xD69A, 0xCE7A, 0xCE7A, 0xE71C, 0xF7BF, 0xEF5D, 0xD69A,
  0xCE79, 0xCE7A, 0xCE7A, 0xCE7A, 0xCE7A, 0xCE7A, 0xCE7A, 0xCE7A, 0xCE7A, 0xCE7A, 0xCE7A, 0xCE7A, 0xCE7A, 0xCE7A, 0xCE7A, 0xCE7A,
  0xAE57, 0xAE37, 0xAE57, 0xCF1B, 0xC6B9, 0xADF6, 0xB617, 0xDF5C, 0xC6DA, 0xB637, 0xB678, 0xA637, 0xA636, 0x9DD5, 0xAE37, 0xD73B,
  0xCEFB, 0xC6DA, 0xBEB9, 0xBE78, 0xCEB9, 0xB5D6, 0x8C70, 0x5AAA, 0x6B6D, 0xBE78, 0xAE57, 0x9DF5, 0xA5F5, 0xA616, 0xB698, 0xB6B8,
  0xB698, 0xC6FA, 0xC6F9, 0xB677, 0xAE37, 0xBE78, 0xD73B, 0xDF7C, 0xCEFA, 0xC6D9, 0xCF1A, 0xB637, 0xCEFA, 0xC6FA, 0xB657, 0xBE98,
  0xB678, 0xBE98, 0xAE16, 0xADB5, 0xC637, 0xE71B, 0xF77C, 0xF73B, 0xF73B, 0xF71A, 0xE699, 0xD616, 0xD5F6, 0xD5F6, 0xD5F6, 0xD5F5,
  0xD5F6, 0xD5F6, 0xD5F6, 0xD5F6, 0xD5D5, 0xD5F6, 0xD5F6, 0xD5F6, 0xD5F5, 0xD5F5, 0xD5F6, 0xD5F6, 0xD5F6, 0xCDD6, 0xC575, 0xB513,
  0xB513, 0xBD75, 0xCE17, 0xD658, 0xD659, 0xD658, 0xD658, 0xD658, 0xD658, 0xD658, 0xD659, 0xD659, 0xD659, 0xD659, 0xD659, 0xD659,
  0xD658, 0xD679, 0xD658, 0xD679, 0xCE38, 0xAD13, 0xB575, 0xCE18, 0xBD96, 0xBD95, 0xBD75, 0xBD75, 0xBD75, 0xBD75, 0xBD75, 0xBD96,
  0xAD34, 0xC5F7, 0xFFBE, 0xF79D, 0xF79D, 0xDEDA, 0xD679, 0xD659, 0xD658, 0xD678, 0xD678, 0xD678, 0xD658, 0xD658, 0xD658, 0xD658,
  0xD658, 0xD658, 0xD658, 0xD658, 0xD658, 0xD658, 0xD658, 0xD658, 0xD659, 0xD659, 0xD659, 0xD659, 0xD659, 0xD679, 0xD658, 0xD658,
  0xD659, 0xD679, 0xD659, 0xC5F7, 0xB554, 0xAD34, 0xBDB6, 0xD658, 0xD679, 0xD658, 0xD658, 0xD659, 0xD658, 0xD658, 0xD658, 0xD658,
  0xD658, 0xD658, 0xD658, 0xD658, 0xD658, 0xD658, 0xD658, 0xD658, 0xD658, 0xD658, 0xD658, 0xD658, 0xD658, 0xD658, 0xD658, 0xD658,
  0xCE59, 0xCE58, 0xD678, 0xA4D0, 0x8C2D, 0x9C6D, 0x946C, 0x944B, 0x942C, 0x8C2C, 0x8C0B, 0x8BEB, 0x83EB, 0x83CA, 0x83CA, 0x83AA,
  0x7BAA, 0x7369, 0x7B8A, 0x734A, 0x4A27, 0x4A28, 0x4229, 0x2966, 0x2925, 0x2945, 0x2945, 0x2125, 0x2925, 0x2925, 0x2925, 0x2925,
  0x2925, 0x2925, 0x2925, 0x2925, 0x2125, 0x2945, 0x2945, 0x2104, 0x2125, 0x2944, 0x3985, 0x51C5, 0x82E9, 0xA3CB, 0xABEC, 0xABCB,
  0x9B6A, 0x8B6B, 0x4A07, 0x4249, 0x2986, 0x2125, 0x2945, 0x2945, 0x2945, 0x2945, 0x2945, 0x2945, 0x2945, 0x2945, 0x2925, 0x2125,
  0x2105, 0x2125, 0x2945, 0x2945, 0x2946, 0x2104, 0x7BCF, 0xF7BF, 0xEF9D, 0xF7BD, 0xF7BE, 0xF7BE, 0xF7BE, 0xF7BE, 0xF7BE, 0xF7BE,
  0xF7BE, 0xEF5C, 0xDEFB, 0xEF5D, 0xF79E, 0xF7BE, 0xF7BE, 0xF7BE, 0xF7BE, 0xF7BE, 0xF79E, 0xF7BE, 0xF7BE, 0xF7BE, 0xEF5D, 0xDEDB,
  0xD69A, 0xCE7A, 0xC659, 0xDEFC, 0xF7BE, 0xF79E, 0xF7BE, 0xEF9D, 0xE71C, 0xD69A, 0xCE7A, 0xCE7A, 0xCE7A, 0xCE59, 0xD69A, 0xEF7E,
  0xF7BF, 0xF7BE, 0xF7BE, 0xF7BE, 0xF79E, 0xE73C, 0xD6BA, 0xCE79, 0xCE9A, 0xCE9A, 0xCE7A, 0xE71C, 0xF7BF, 0xEF5D, 0xD69A, 0xCE5A,
  0xCE7A, 0xCE7A, 0xCE7A, 0xCE7A, 0xCE7A, 0xCE7A, 0xCE7A, 0xCE7A, 0xCE7A, 0xCE7A, 0xCE7A, 0xCE7A, 0xCE7A, 0xCE7A, 0xCE7A, 0xCE9A,
  0x9DF5, 0xAE57, 0xBEFA, 0xBEB9, 0xCF1B, 0xADF6, 0xAE17, 0xD73B, 0xBE99, 0xCF1B, 0xC71A, 0xAE77, 0xB698, 0xAE57, 0xAE37, 0xCF1B,
  0xCF1B, 0xC6DA, 0xD75B, 0xBE78, 0xB637, 0xADB5, 0x8C70, 0x62CA, 0x6B4C, 0xBE57, 0xBED9, 0xA657, 0xA616, 0xA5F6, 0xA616, 0xA636,
  0xAE57, 0xB678, 0xB678, 0xBE98, 0xBE78, 0xB657, 0xCF1A, 0xDF7C, 0xC6B9, 0xC6D9, 0xC6D9, 0xB657, 0xC6F9, 0xC6FA, 0xC6D9, 0xC6FA,
  0xB677, 0xAE77, 0xAE36, 0xB636, 0xB5F6, 0xAD94, 0xCE78, 0xE73B, 0xF75C, 0xF75B, 0xF75B, 0xEEFA, 0xDE78, 0xD616, 0xCDD6, 0xD616,
  0xD5F6, 0xD5F6, 0xD5D5, 0xD5D5, 0xD5F6, 0xD5F6, 0xD5F6, 0xD5F6, 0xD616, 0xD5F6, 0xCDD6, 0xC594, 0xB534, 0xB513, 0xB534, 0xC5B6,
  0xD637, 0xDE78, 0xD658, 0xD658, 0xD659, 0xD658, 0xD658, 0xD659, 0xD658, 0xD658, 0xD659, 0xD659, 0xD659, 0xD659, 0xD659, 0xD659,
  0xD659, 0xD658, 0xD679, 0xC5F7, 0xA4F3, 0xBDB6, 0xD679, 0xD658, 0xCDF7, 0xBD95, 0xBD95, 0xBD95, 0xBD75, 0xBD75, 0xBD75, 0xBD75,
  0xBD95, 0xAD34, 0xD679, 0xFFBE, 0xF79D, 0xEF5D, 0xD699, 0xD679, 0xD659, 0xD659, 0xD659, 0xD659, 0xD658, 0xD658, 0xD658, 0xD658,
  0xD658, 0xD658, 0xD658, 0xD658, 0xD658, 0xD658, 0xD658, 0xD658, 0xD659, 0xD659, 0xD659, 0xD659, 0xD658, 0xD659, 0xD679, 0xD679,
  0xCE38, 0xC5D6, 0xB554, 0xB554, 0xC5D6, 0xCE38, 0xD659, 0xD658, 0xD658, 0xD658, 0xD679, 0xD658, 0xD658, 0xD658, 0xD658, 0xD658,
  0xD658, 0xD658, 0xD658, 0xD658, 0xD658, 0xD658, 0xD658, 0xD658, 0xD658, 0xD658, 0xD658, 0xD658, 0xD658, 0xD658, 0xD658, 0xD658,
  0xCE58, 0xCE58, 0xD698, 0xB553, 0x8C2D, 0x9C8E, 0x946C, 0x944B, 0x942C, 0x8C2C, 0x8C0B, 0x8BEB, 0x83EB, 0x83CA, 0x83CA, 0x83AA,
  0x7B8A, 0x7B89, 0x7369, 0x7B8A, 0x6B09, 0x4207, 0x4A29, 0x39C8, 0x2946, 0x2925, 0x2946, 0x2945, 0x2925, 0x2925, 0x2925, 0x2925,
  0x2925, 0x2925, 0x2925, 0x2925, 0x2945, 0x2125, 0x2125, 0x2945, 0x2105, 0x2124, 0x3124, 0x3943, 0x72C9, 0xA42D, 0xA3EC, 0xA40C,
  0x936A, 0x836B, 0x4A08, 0x4A4A, 0x31C7, 0x2945, 0x2945, 0x2125, 0x2945, 0x2945, 0x2945, 0x2945, 0x2945, 0x2945, 0x2945, 0x2945,
  0x2945, 0x2125, 0x2105, 0x2125, 0x2946, 0x2104, 0x7BF0, 0xFFDF, 0xFFDE, 0xF7BE, 0xF7BE, 0xF7BE, 0xF7BE, 0xF7BE, 0xF7BE, 0xEF5D,
  0xDEFB, 0xE71C, 0xF79E, 0xF7BE, 0xF7BE, 0xF7BE, 0xF7BE, 0xF7BE, 0xF7BE, 0xF7BE, 0xF7BE, 0xF79E, 0xEF5D, 0xDEDB, 0xD69A, 0xCE7A,
  0xCE7A, 0xCE59, 0xE73C, 0xF7BF, 0xF79E, 0xF7BE, 0xE75D, 0xD6DB, 0xCE7A, 0xCE7A, 0xCE7A, 0xCE7A, 0xC659, 0xD6BB, 0xF79E, 0xF7BF,
  0xF79E, 0xF7BE, 0xF7BE, 0xEF7D, 0xDEDB, 0xCE79, 0xCE79, 0xD69A, 0xCE9A, 0xCE7A, 0xDF1C, 0xF7BF, 0xEF7E, 0xD6BA, 0xCE7A, 0xCE7A,
  0xCE7A, 0xCE7A, 0xCE7A, 0xCE7A, 0xCE7A, 0xCE7A, 0xCE7A, 0xCE7A, 0xCE9A, 0xCE9A, 0xCE9A, 0xCE9A, 0xCE9A, 0xCE9A, 0xCE9A, 0xCE7A,
  0x9DF6, 0xA616, 0xAE78, 0xB678, 0xC71A, 0xAE17, 0xB637, 0xBEB9, 0xBE98, 0xC71A, 0xB6B9, 0xA636, 0xA657, 0xB698, 0xBED9, 0xC6DA,
  0xC6FA, 0xC6FA, 0xD75B, 0xCF3B, 0xBE57, 0xADB5, 0x8C70, 0x5AA9, 0x6B6C, 0xB637, 0xB677, 0xA636, 0xA636, 0xAE36, 0x9DF5, 0xA636,
  0xAE57, 0xB698, 0xBED9, 0xBE98, 0xC6D9, 0xB637, 0xBE98, 0xD75B, 0xB678, 0xB678, 0xB678, 0xA616, 0xB678, 0xBE98, 0xBEB9, 0xB698,
  0xA636, 0xA636, 0xA5F5, 0xA615, 0xB636, 0xB637, 0xA5B4, 0xB5D5, 0xCE78, 0xE6FA, 0xF75B, 0xF75C, 0xFF5C, 0xF71B, 0xE699, 0xD637,
  0xD5F6, 0xD616, 0xD616, 0xD616, 0xD616, 0xD5F6, 0xCDB5, 0xC594, 0xBD74, 0xB513, 0xB533, 0xB554, 0xC5B6, 0xCE38, 0xD659, 0xD659,
  0xD658, 0xD658, 0xD658, 0xD658, 0xD658, 0xD658, 0xD659, 0xD659, 0xD658, 0xD658, 0xD659, 0xD659, 0xD659, 0xD659, 0xD679, 0xD659,
  0xD679, 0xD659, 0xBD95, 0xAD14, 0xCE17, 0xD679, 0xD659, 0xCE38, 0xD658, 0xCE17, 0xBD96, 0xBD95, 0xBD95, 0xBD75, 0xBD75, 0xBD75,
  0xBD75, 0xBD75, 0xB534, 0xE6FB, 0xF79E, 0xF79D, 0xE71B, 0xCE79, 0xD679, 0xD659, 0xD659, 0xD659, 0xD659, 0xD658, 0xD658, 0xD658,
  0xD658, 0xD658, 0xD658, 0xD658, 0xD658, 0xD659, 0xD658, 0xD658, 0xD659, 0xD659, 0xD659, 0xD679, 0xD679, 0xCE38, 0xC5F7, 0xB575,
  0xB554, 0xB575, 0xC5F7, 0xD658, 0xD659, 0xD658, 0xD658, 0xD658, 0xD658, 0xD659, 0xD658, 0xD658, 0xD658, 0xD658, 0xD658, 0xD658,
  0xD658, 0xD658, 0xD658, 0xD658, 0xD658, 0xD658, 0xD658, 0xD658, 0xD658, 0xD658, 0xD658, 0xD658, 0xD658, 0xD658, 0xD658, 0xD658,
  0xD658, 0xD658, 0xD678, 0xC5D5, 0x83ED, 0x944D, 0x946D, 0x944C, 0x942C, 0x8C2C, 0x8C0B, 0x8BEB, 0x83EB, 0x83CA, 0x83CA, 0x83AA,
  0x7B8A, 0x7B89, 0x7B68, 0x7368, 0x7369, 0x5288, 0x4208, 0x4A2A, 0x3187, 0x2945, 0x2945, 0x2945, 0x2925, 0x2925, 0x2925, 0x2925,
  0x2925, 0x2925, 0x2925, 0x2925, 0x2925, 0x2925, 0x2925, 0x2945, 0x2946, 0x2105, 0x2925, 0x2903, 0x5A47, 0x9C0E, 0x9C0D, 0xAC8F,
  0xA42E, 0x9C4F, 0x4A49, 0x4229, 0x4229, 0x3187, 0x2925, 0x2946, 0x2945, 0x2945, 0x2945, 0x2945, 0x2945, 0x2945, 0x2925, 0x2925,
  0x2945, 0x2945, 0x2925, 0x2105, 0x2125, 0x2925, 0x3186, 0x6B6E, 0xC638, 0xFFDE, 0xF79E, 0xF7BE, 0xF7BE, 0xEF7D, 0xD6BA, 0xD6BA,
  0xEF7D, 0xF7BE, 0xF7BE, 0xF7BE, 0xF7BE, 0xF7BE, 0xF79E, 0xF7BE, 0xF7BE, 0xF79E, 0xE73C, 0xDEDB, 0xCE9A, 0xCE7A, 0xD69A, 0xCE79,
  0xCE59, 0xE75D, 0xF7BE, 0xF79E, 0xF79E, 0xDF1C, 0xD69A, 0xCE79, 0xCE7A, 0xCE7A, 0xCE59, 0xC639, 0xDEFB, 0xF7BE, 0xF7BE, 0xF7BE,
  0xF7BF, 0xF79E, 0xE71C, 0xD69A, 0xCE7A, 0xCE7A, 0xCE9A, 0xCE79, 0xCE79, 0xDF1C, 0xF7BE, 0xEF7D, 0xD6BA, 0xC679, 0xCE7A, 0xCE79,
  0xCE7A, 0xCE7A, 0xCE7A, 0xCE7A, 0xCE7A, 0xCE7A, 0xCE7A, 0xCE7A, 0xCE79, 0xCE79, 0xCE79, 0xCE79, 0xCE79, 0xCE59, 0xCE79, 0xD69A,
  0xA636, 0xA616, 0xA616, 0xAE57, 0xBEB8, 0x9DD5, 0xAE36, 0xAE37, 0xBEB8, 0xAE57, 0x9DD5, 0x9E16, 0x9E16, 0xA616, 0xB698, 0xAE57,
  0xC6FA, 0xC71A, 0xC6F9, 0xCF3A, 0xBE98, 0xADB4, 0x8C4F, 0x5AA9, 0x634C, 0xBE57, 0xBEB8, 0xA636, 0xA616, 0xA5F5, 0xA616, 0xB698,
  0xB677, 0xBEB8, 0xBEB8, 0xBE98, 0xC6FA, 0xBE98, 0xAE36, 0xBE98, 0xAE36, 0xA616, 0xA5F6, 0x9DB4, 0xB657, 0xB657, 0xAE37, 0xB677,
  0xA656, 0x9E15, 0xA636, 0xA636, 0xAE56, 0xAE36, 0xB636, 0xB636, 0xC657, 0xA533, 0xBDB5, 0xDE99, 0xD658, 0xDE99, 0xDE99, 0xD658,
  0xC5B5, 0xBD54, 0xBD53, 0xBD53, 0xB533, 0xB533, 0xB533, 0xBD54, 0xBD95, 0xCDF7, 0xD638, 0xD659, 0xD679, 0xD659, 0xD659, 0xD659,
  0xD678, 0xD658, 0xD678, 0xD678, 0xD658, 0xD658, 0xD659, 0xD659, 0xD658, 0xD658, 0xD658, 0xD658, 0xD658, 0xD679, 0xD658, 0xD659,
  0xCE18, 0xAD34, 0xB554, 0xD658, 0xD659, 0xD658, 0xD658, 0xD658, 0xD658, 0xD658, 0xCE17, 0xBD95, 0xBD95, 0xBD95, 0xBD75, 0xBD75,
  0xBD75, 0xBD75, 0xB555, 0xB555, 0xEF3C, 0xF79D, 0xF79D, 0xDEDA, 0xD659, 0xD658, 0xD659, 0xD659, 0xD659, 0xD659, 0xD659, 0xD659,
  0xD659, 0xD658, 0xD658, 0xD658, 0xD658, 0xD658, 0xD679, 0xD659, 0xD659, 0xD679, 0xD659, 0xC5F7, 0xB575, 0xB575, 0xB554, 0xC5D7,
  0xCE38, 0xD679, 0xD658, 0xCE38, 0xD658, 0xD658, 0xD658, 0xD658, 0xD658, 0xD658, 0xD658, 0xD658, 0xD658, 0xD658, 0xD658, 0xD658,
  0xD658, 0xD658, 0xD658, 0xD658, 0xD658, 0xD658, 0xD658, 0xD658, 0xD658, 0xD658, 0xD658, 0xD658, 0xD658, 0xD658, 0xD658, 0xD658,
  0xCE58, 0xD658, 0xD678, 0xC5F6, 0x946F, 0x83EC, 0x83EB, 0x944C, 0x942C, 0x8C2C, 0x8C0B, 0x8C0B, 0x83EB, 0x83EB, 0x83CA, 0x83AA,
  0x7BAA, 0x7B89, 0x7B68, 0x7368, 0x7369, 0x6B29, 0x4A28, 0x4A09, 0x4208, 0x2946, 0x2925, 0x2125, 0x2925, 0x2925, 0x2925, 0x2925,
  0x2925, 0x2925, 0x2925, 0x2925, 0x2925, 0x2925, 0x2925, 0x2925, 0x2945, 0x2945, 0x2945, 0x2904, 0x5228, 0xCDF6, 0xE678, 0xF6F9,
  0xF73A, 0xEF1B, 0x632D, 0x4209, 0x4A2A, 0x4208, 0x2966, 0x2145, 0x2945, 0x2125, 0x2946, 0x2945, 0x2945, 0x2945, 0x2945, 0x2945,
  0x2945, 0x2946, 0x2946, 0x2945, 0x2125, 0x2105, 0x2125, 0x2105, 0x39E7, 0xD69A, 0xFFDF, 0xEF7D, 0xDEDB, 0xCE79, 0xDEFB, 0xF7BE,
  0xF7BE, 0xF7BE, 0xF7BE, 0xF7BE, 0xF79E, 0xF7BE, 0xF7BE, 0xF79E, 0xE73D, 0xD6BB, 0xCE7A, 0xCE7A, 0xCE7A, 0xD69A, 0xCE79, 0xCE59,
  0xEF7D, 0xF7BF, 0xF79E, 0xEF5D, 0xD6BA, 0xCE7A, 0xCE7A, 0xCE7A, 0xCE9A, 0xCE59, 0xCE59, 0xE73D, 0xF7BE, 0xF79E, 0xF7BE, 0xF7BE,
  0xEF7D, 0xDEDB, 0xCE7A, 0xCE7A, 0xCE7A, 0xCE7A, 0xCE7A, 0xCE79, 0xDEFC, 0xF7BE, 0xEF7E, 0xD6BA, 0xCE79, 0xCE9A, 0xCE7A, 0xCE79,
  0xCE79, 0xCE59, 0xCE59, 0xCE59, 0xCE59, 0xCE79, 0xCE7A, 0xD69A, 0xD69A, 0xD6BB, 0xDEDB, 0xDEFB, 0xDEFC, 0xE75D, 0xEF7E, 0xF79E,
  0xA616, 0xA636, 0xA616, 0xA616, 0xA616, 0x9DB5, 0xAE57, 0xA616, 0xA616, 0x9DD5, 0x95D5, 0x95D5, 0x9DD5, 0x9DF5, 0x9DF5, 0xA616,
  0xAE57, 0xAE57, 0xAE57, 0xBEB8, 0xB636, 0xA574, 0x9470, 0x5AA9, 0x632B, 0xADD5, 0xB677, 0xA636, 0xA5F5, 0xB657, 0xB678, 0xAE77,
  0xB677, 0xBEB8, 0xBED9, 0xBED9, 0xC6F9, 0xBED9, 0xB698, 0xAE57, 0xAE36, 0xAE36, 0x9DD5, 0xA616, 0xBEB8, 0xAE36, 0xB677, 0xC719,
  0xBED8, 0xA656, 0xA636, 0xAE56, 0xB698, 0xB677, 0xB677, 0xB657, 0xBE37, 0xB5D5, 0x842F, 0xBDB6, 0xF77D, 0xE71B, 0xE71B, 0xE6FB,
  0xE6DA, 0xD637, 0xC5F6, 0xCDF7, 0xCE17, 0xCE37, 0xD658, 0xD678, 0xD659, 0xD679, 0xD658, 0xD658, 0xD658, 0xD659, 0xD659, 0xCE59,
  0xD678, 0xD678, 0xD678, 0xD678, 0xD658, 0xD658, 0xD659, 0xD659, 0xD659, 0xD659, 0xD679, 0xD659, 0xD679, 0xD679, 0xD679, 0xCE17,
  0xAD34, 0xC5D7, 0xD679, 0xD658, 0xD658, 0xD658, 0xD658, 0xD658, 0xD658, 0xD658, 0xD658, 0xC5F7, 0xBD95, 0xBD95, 0xBD95, 0xBD75,
  0xBD75, 0xBD75, 0xBD96, 0xB534, 0xB555, 0xF77D, 0xFFBE, 0xF79D, 0xDE99, 0xD679, 0xD679, 0xD659, 0xD679, 0xD659, 0xD679, 0xD679,
  0xD679, 0xD679, 0xD679, 0xD679, 0xD679, 0xD679, 0xCE38, 0xD658, 0xD659, 0xD658, 0xD659, 0xC5F7, 0xC5D7, 0xCE38, 0xD679, 0xD658,
  0xD658, 0xD658, 0xD658, 0xD658, 0xD658, 0xD658, 0xD658, 0xD658, 0xD658, 0xD658, 0xD658, 0xD658, 0xD658, 0xD658, 0xD658, 0xD658,
  0xD658, 0xD658, 0xD658, 0xD658, 0xD658, 0xD658, 0xD658, 0xD658, 0xD658, 0xD658, 0xD658, 0xD658, 0xD658, 0xD658, 0xD658, 0xD658,
  0xCE58, 0xD658, 0xD658, 0xD638, 0x9C90, 0x62C8, 0x7369, 0x944C, 0x942C, 0x8C2C, 0x8C0B, 0x8C0B, 0x83EB, 0x83EB, 0x83CA, 0x83AA,
  0x7BAA, 0x7B8A, 0x7B68, 0x7B68, 0x7348, 0x734A, 0x62E9, 0x4A07, 0x4A29, 0x39A7, 0x2945, 0x2945, 0x2925, 0x2925, 0x2925, 0x2925,
  0x2925, 0x2925, 0x2925, 0x2925, 0x2925, 0x2925, 0x2925, 0x2925, 0x2945, 0x2945, 0x2945, 0x2925, 0x3165, 0xB575, 0xFF9D, 0xFF9D,
  0xFFBD, 0xF79D, 0x73AF, 0x3A09, 0x4A4A, 0x4A29, 0x39C8, 0x2146, 0x2946, 0x3186, 0x2946, 0x2945, 0x2925, 0x2925, 0x2925, 0x2925,
  0x2125, 0x2925, 0x2945, 0x2945, 0x2945, 0x2925, 0x2945, 0x2966, 0x2945, 0xA514, 0xE73C, 0xC639, 0xD69A, 0xEF7D, 0xF7BE, 0xF7BE,
  0xF7BE, 0xF7BE, 0xF7BE, 0xF7BE, 0xF7BE, 0xEF7D, 0xE71C, 0xD6BA, 0xCE7A, 0xCE7A, 0xCE9A, 0xCE9A, 0xCE7A, 0xC659, 0xCE7A, 0xEF7D,
  0xF7BE, 0xF79E, 0xE73C, 0xCE7A, 0xCE79, 0xD69A, 0xCE7A, 0xCE7A, 0xC659, 0xCE7A, 0xEF5D, 0xF7BE, 0xF7BE, 0xF7BE, 0xF7BE, 0xE73C,
  0xD69A, 0xCE7A, 0xCE9A, 0xCE9A, 0xCE7A, 0xCE9A, 0xCE9A, 0xDEFB, 0xF7BE, 0xEF7D, 0xD6BA, 0xCE59, 0xCE59, 0xCE59, 0xCE59, 0xCE79,
  0xD69A, 0xD6BA, 0xDEFB, 0xE71C, 0xE73C, 0xEF5D, 0xF79E, 0xF79E, 0xF79E, 0xF7BE, 0xF7BE, 0xF7BE, 0xF7BE, 0xF7BE, 0xF7BE, 0xF7BE,
  0x95D5, 0x9DF5, 0x9DF5, 0x9DF5, 0x9DF5, 0x95B4, 0xA636, 0xA616, 0x8D94, 0x8D93, 0x9594, 0x95B4, 0x9DF5, 0xA636, 0x95B4, 0x9DD5,
  0xA636, 0x9DF5, 0x9DD5, 0xB677, 0xBE77, 0xAD94, 0x8C4F, 0x5AA9, 0x630B, 0x9D54, 0x9DB5, 0xAE57, 0xB698, 0xBEB9, 0xB698, 0x9DF5,
  0xA616, 0xB677, 0xBED9, 0xBEB8, 0xBED9, 0xC6F9, 0xBED8, 0xA615, 0xA616, 0xBEB8, 0xA5D5, 0xA5F5, 0xB698, 0xB697, 0xB677, 0xBE98,
  0xBEB8, 0xB697, 0xAE56, 0xA615, 0xAE77, 0xB698, 0xC6F9, 0xB698, 0xB616, 0xB5F6, 0x8450, 0x62EB, 0xBDD6, 0xFFDE, 0xF7BE, 0xF7BE,
  0xFFBE, 0xFF9E, 0xE6FB, 0xD679, 0xD679, 0xD659, 0xD659, 0xD659, 0xD659, 0xD659, 0xD659, 0xD679, 0xD679, 0xD679, 0xD679, 0xD678,
  0xD678, 0xD678, 0xD678, 0xD678, 0xD658, 0xD658, 0xD659, 0xD659, 0xD679, 0xD659, 0xD658, 0xD679, 0xD679, 0xCE38, 0xD679, 0xCE38,
  0xCE38, 0xD679, 0xCE38, 0xD658, 0xD658, 0xD658, 0xD658, 0xD659, 0xD658, 0xD658, 0xD659, 0xD658, 0xC5F7, 0xBD75, 0xBD95, 0xBD75,
  0xB575, 0xBD95, 0xB555, 0xBD75, 0xB534, 0xAD14, 0xD699, 0xE6FB, 0xDEBA, 0xCE17, 0xCE38, 0xCE38, 0xD658, 0xCE38, 0xCE38, 0xCE38,
  0xCE18, 0xCE17, 0xC5F7, 0xC5D6, 0xBD95, 0xB575, 0xB575, 0xCE38, 0xD659, 0xD679, 0xD658, 0xD679, 0xD679, 0xD658, 0xD658, 0xD658,
  0xD658, 0xD658, 0xD658, 0xD658, 0xD658, 0xD658, 0xD658, 0xD658, 0xD658, 0xD658, 0xD658, 0xD658, 0xD658, 0xD658, 0xD658, 0xD658,
  0xD658, 0xD658, 0xD658, 0xD658, 0xD658, 0xD658, 0xD658, 0xD658, 0xD658, 0xD658, 0xD658, 0xD658, 0xD658, 0xD658, 0xD658, 0xD658,
  0xD658, 0xD658, 0xD658, 0xDE79, 0x9C90, 0x5A67, 0x83CB, 0x942C, 0x942C, 0x8C2C, 0x8C0B, 0x8C0B, 0x8BEB, 0x83EB, 0x83CA, 0x83CA,
  0x7BAA, 0x7B8A, 0x7B69, 0x7B69, 0x7B6A, 0x7349, 0x736A, 0x5AA8, 0x4208, 0x4229, 0x3186, 0x2925, 0x2925, 0x2925, 0x2925, 0x2925,
  0x2925, 0x2925, 0x2925, 0x2925, 0x2925, 0x2925, 0x2925, 0x2925, 0x2945, 0x2945, 0x2145, 0x2145, 0x2145, 0x2986, 0x8C31, 0xBDD7,
  0xF79D, 0xF7BE, 0x7BF1, 0x3A09, 0x4A2A, 0x4A29, 0x4229, 0x3A09, 0x4209, 0x39A7, 0x2945, 0x2125, 0x2105, 0x2105, 0x2105, 0x2105,
  0x2105, 0x2105, 0x2125, 0x2105, 0x2105, 0x2125, 0x2125, 0x2925, 0x2945, 0x9493, 0xD69A, 0xDEFC, 0xF7BE, 0xF79E, 0xF7BE, 0xF79E,
  0xF7BE, 0xF7BF, 0xF79E, 0xE73D, 0xDEDB, 0xD69A, 0xCE79, 0xCE7A, 0xCE7A, 0xCE7A, 0xCE7A, 0xCE9A, 0xC679, 0xCE9A, 0xEF7E, 0xF7DE,
  0xEF9D, 0xDEFB, 0xCE99, 0xCE79, 0xCE7A, 0xCE7A, 0xCE7A, 0xC659, 0xCE79, 0xEF9D, 0xF7BE, 0xF7BE, 0xF7DE, 0xF79E, 0xDEFC, 0xCE9A,
  0xCE9A, 0xCE9A, 0xCE7A, 0xCE79, 0xCE7A, 0xC659, 0xCE9A, 0xE71C, 0xE73C, 0xDEBA, 0xD6BA, 0xDEFB, 0xDEFB, 0xDEDB, 0xEF5D, 0xF79E,
  0xF79E, 0xF7BE, 0xF7BE, 0xF7BE, 0xF7BE, 0xF7BE, 0xF7BE, 0xF7BE, 0xF79E, 0xF7BE, 0xF7BE, 0xF7BE, 0xF79E, 0xF79E, 0xF7BE, 0xF7BE,
  0x9DF5, 0x95B4, 0x9594, 0x9DD5, 0xA616, 0x9594, 0x8D73, 0x8D73, 0x8D94, 0x95B4, 0x95B4, 0xA616, 0xA616, 0x95D5, 0x8D94, 0x8D93,
  0x9594, 0x8D93, 0x8D73, 0xA5F5, 0xAE16, 0xAD94, 0x8C4F, 0x5AA9, 0x630B, 0x9D53, 0x9DD5, 0xAE57, 0xAE77, 0xAE57, 0xAE77, 0xAE57,
  0xB677, 0xB677, 0xAE36, 0xA615, 0xAE36, 0xAE36, 0xAE36, 0xA615, 0xA615, 0xAE36, 0x9DD4, 0x9DF5, 0xAE36, 0xB6B8, 0xB698, 0xC6F9,
  0xC6F9, 0xB677, 0xB677, 0xAE36, 0xA616, 0xB698, 0xC6F9, 0xBEB9, 0xC6D9, 0xB616, 0x8C70, 0x5289, 0x52AA, 0xBDF7, 0xFFDE, 0xEF9D,
  0xF79E, 0xF79E, 0xF79E, 0xDEDB, 0xD679, 0xCE79, 0xCE59, 0xD679, 0xD658, 0xD658, 0xD679, 0xD659, 0xD659, 0xD678, 0xD678, 0xD678,
  0xCE78, 0xD678, 0xD678, 0xD678, 0xD658, 0xD658, 0xD659, 0xD659, 0xD659, 0xD659, 0xD679, 0xCE38, 0xB575, 0xBDB6, 0xD679, 0xD658,
  0xD658, 0xD658, 0xD658, 0xD658, 0xD658, 0xD658, 0xD659, 0xD659, 0xD679, 0xCE58, 0xD658, 0xD658, 0xD658, 0xC5F7, 0xBD95, 0xBD95,
  0xBD95, 0xB575, 0xBD75, 0xBD75, 0xBD96, 0xA4F3, 0xB554, 0xDEBA, 0xD69A, 0xC5D7, 0xB575, 0xB575, 0xB575, 0xB575, 0xB555, 0xB555,
  0xB575, 0xB575, 0xBD95, 0xBD96, 0xC5F7, 0xCE17, 0xD658, 0xD658, 0xD658, 0xD659, 0xD658, 0xD658, 0xD658, 0xD658, 0xD658, 0xD658,
  0xD658, 0xD658, 0xD658, 0xD658, 0xD658, 0xD658, 0xD658, 0xD658, 0xD658, 0xD658, 0xD658, 0xD658, 0xD658, 0xD658, 0xD658, 0xD658,
  0xD658, 0xD658, 0xD658, 0xD658, 0xD658, 0xD658, 0xD658, 0xD658, 0xD658, 0xD658, 0xD658, 0xD658, 0xD658, 0xD658, 0xD658, 0xD658,
  0xD678, 0xCE58, 0xD658, 0xDE79, 0xB533, 0x7B8B, 0x944D, 0x944C, 0x8C2C, 0x8C2C, 0x8C0B, 0x8BEB, 0x8BEB, 0x83EB, 0x83CA, 0x83CA,
  0x83AA, 0x7B8A, 0x7B8A, 0x7B6A, 0x7B6A, 0x7349, 0x6B29, 0x6308, 0x4A49, 0x4209, 0x4209, 0x2946, 0x2925, 0x2925, 0x2925, 0x2925,
  0x2925, 0x2925, 0x2925, 0x2925, 0x2925, 0x2925, 0x2925, 0x2945, 0x2945, 0x2945, 0x2145, 0x2146, 0x2966, 0x2125, 0x630D, 0xB5B7,
  0xCE58, 0xFFFF, 0x8452, 0x3A09, 0x4A4A, 0x4A29, 0x4229, 0x4229, 0x31A7, 0x2125, 0x2105, 0x2105, 0x2925, 0x2945, 0x2945, 0x2945,
  0x2945, 0x2945, 0x2125, 0x2125, 0x2104, 0x2104, 0x2105, 0x2925, 0x2925, 0x4A29, 0x9492, 0xD6BB, 0xF79E, 0xFFDF, 0xF7BE, 0xF79E,
  0xF79E, 0xE73D, 0xDEDB, 0xCE7A, 0xCE7A, 0xCE7A, 0xD69A, 0xCE7A, 0xCE7A, 0xCE7A, 0xCE9A, 0xC659, 0xCE9A, 0xEF9E, 0xF7BE, 0xEF7D,
  0xDEDA, 0xCE79, 0xCE9A, 0xCE99, 0xCE7A, 0xD69A, 0xCE5A, 0xD69A, 0xF79D, 0xF7BE, 0xF79D, 0xF79E, 0xE73C, 0xD6BA, 0xCE59, 0xCE79,
  0xCE7A, 0xCE9A, 0xD6BB, 0xDEDB, 0xDEFB, 0xDF1C, 0xE75D, 0xEF7D, 0xF77D, 0xF79E, 0xF79E, 0xE6FB, 0xD679, 0xD679, 0xCE38, 0xE6DB,
  0xFFBE, 0xF7BE, 0xF7BE, 0xF7BE, 0xF7BE, 0xF7BE, 0xF7BE, 0xF7BE, 0xF7BE, 0xF7BE, 0xF7BE, 0xF7BE, 0xF7BE, 0xF7BE, 0xEF7D, 0xDEFB,
  0x9E15, 0x95D4, 0x95B4, 0x9DD5, 0xA5F5, 0x9573, 0x95B4, 0x95B4, 0x9DD5, 0xA636, 0x95D4, 0x95D4, 0x95D4, 0x95B4, 0x95B4, 0x8D73,
  0x8D52, 0x9593, 0x9DD4, 0x9DB4, 0x9D94, 0xA574, 0x8C4F, 0x5A88, 0x632B, 0xA594, 0xA616, 0xA616, 0xA615, 0xB677, 0xAE77, 0xAE77,
  0xB698, 0xAE77, 0xA616, 0x9DF5, 0xAE57, 0xAE77, 0x9DF5, 0xA616, 0xA5F5, 0x9594, 0xA5F5, 0xB657, 0x9DD5, 0xA636, 0xAE36, 0xB698,
  0xB698, 0xA5F5, 0xA5F5, 0xAE36, 0xBE98, 0xCF1A, 0xCF1A, 0xC6D9, 0xBEB8, 0xB616, 0x8C70, 0x5A89, 0x5ACA, 0x7BEE, 0xB595, 0xFFDE,
  0xF79E, 0xF79E, 0xF7BE, 0xF79E, 0xE6FB, 0xD659, 0xD679, 0xD679, 0xD679, 0xD678, 0xD658, 0xD658, 0xD658, 0xD678, 0xD678, 0xD678,
  0xD658, 0xD658, 0xD659, 0xD658, 0xD658, 0xD658, 0xD658, 0xD679, 0xD679, 0xCE38, 0xBD95, 0xAD34, 0xBDB6, 0xD658, 0xD658, 0xD658,
  0xD658, 0xD658, 0xD658, 0xD658, 0xD658, 0xD658, 0xD658, 0xD658, 0xD658, 0xD658, 0xD658, 0xD658, 0xD658, 0xCE38, 0xC5D6, 0xBD95,
  0xBD75, 0xBD75, 0xBD75, 0xBD95, 0xBD75, 0xBD96, 0xAD14, 0xCE38, 0xFFBE, 0xF77D, 0xD6BA, 0xCE58, 0xCE38, 0xCE38, 0xCE38, 0xD658,
  0xD659, 0xD659, 0xD659, 0xD679, 0xD679, 0xD679, 0xD658, 0xD659, 0xD679, 0xD658, 0xD679, 0xD679, 0xD658, 0xD658, 0xD659, 0xD658,
  0xD658, 0xD658, 0xD658, 0xD658, 0xD658, 0xD658, 0xD658, 0xD658, 0xD658, 0xD658, 0xD658, 0xD658, 0xD658, 0xD658, 0xD658, 0xD658,
  0xD658, 0xD658, 0xD658, 0xD658, 0xD658, 0xD658, 0xD658, 0xD658, 0xD658, 0xD658, 0xD658, 0xD658, 0xD658, 0xD658, 0xD658, 0xD658,
  0xD678, 0xD678, 0xD658, 0xD679, 0xC5B6, 0x83ED, 0x944D, 0x944C, 0x8C4B, 0x944B, 0x8C2B, 0x8C0B, 0x8BEB, 0x8BCB, 0x83CB, 0x83AB,
  0x83AA, 0x83AA, 0x83AA, 0x7B8A, 0x734A, 0x738B, 0x8C2E, 0xAD32, 0xCE79, 0x738E, 0x4208, 0x39C8, 0x2946, 0x2945, 0x2925, 0x2945,
  0x2945, 0x2925, 0x2925, 0x2925, 0x2945, 0x2945, 0x2945, 0x2925, 0x2925, 0x2925, 0x2946, 0x2925, 0x2946, 0x2966, 0x94B3, 0xCE7A,
  0xAD75, 0xEF7E, 0x94B3, 0x39E9, 0x4A4A, 0x424A, 0x4229, 0x2986, 0x2105, 0x2105, 0x2105, 0x2925, 0x2945, 0x2945, 0x2945, 0x2125,
  0x2105, 0x2104, 0x20E4, 0x2105, 0x2945, 0x2945, 0x2945, 0x2945, 0x2966, 0x39E8, 0x41E8, 0x4A6A, 0x7BF0, 0xBDD8, 0xE73D, 0xEF5D,
  0xD6BB, 0xCE79, 0xCE79, 0xCE7A, 0xCE9A, 0xCE7A, 0xCE9A, 0xCE9A, 0xCE7A, 0xCE7A, 0xCE59, 0xD69A, 0xEF9E, 0xF79E, 0xE73D, 0xD69A,
  0xCE59, 0xCE79, 0xCE59, 0xCE59, 0xCE79, 0xCE59, 0xCE79, 0xE73C, 0xEF5D, 0xE73C, 0xE75D, 0xE73C, 0xDEFB, 0xDEFB, 0xE73C, 0xEF7D,
  0xEF7D, 0xEF9D, 0xF7BE, 0xF7BE, 0xF7DE, 0xF7BE, 0xF7BE, 0xFFDF, 0xFFBE, 0xE6FB, 0xD658, 0xD659, 0xD638, 0xD617, 0xD617, 0xC575,
  0xD678, 0xFFDE, 0xF7BE, 0xF7BE, 0xF7BE, 0xF7BE, 0xF7BE, 0xF79E, 0xF7BD, 0xF79D, 0xF7BE, 0xF7BE, 0xEF9E, 0xE71C, 0xD69A, 0xCE7A,
  0xA636, 0x9DF5, 0xAE57, 0xAE57, 0x9594, 0x8D32, 0x9DF5, 0x9DF5, 0x95B4, 0x95B4, 0x9E15, 0xA636, 0x9E15, 0x9DF5, 0x9DF5, 0x8D93,
  0x95D4, 0x9DD4, 0xA615, 0xA5F5, 0xA5F5, 0xAD94, 0x8C2F, 0x5A89, 0x632B, 0xA594, 0xB677, 0xA636, 0xAE57, 0xB698, 0xA636, 0xA656,
  0xAE77, 0xAE57, 0xA636, 0xA5F5, 0xB698, 0xB678, 0xA616, 0xAE57, 0xA5F5, 0x9573, 0xAE36, 0xB677, 0xAE16, 0xA5F5, 0x9DD4, 0xA616,
  0xA5F5, 0x9DD5, 0xAE36, 0xB698, 0xC6D9, 0xCF1A, 0xC6D9, 0xBE98, 0xBE97, 0xB616, 0x8C70, 0x5A89, 0x62CA, 0x7BEE, 0x5AA9, 0xAD34,
  0xF7BE, 0xF7BE, 0xF79E, 0xF79E, 0xF79D, 0xE6FB, 0xD679, 0xD659, 0xD679, 0xD679, 0xD678, 0xD658, 0xD678, 0xD678, 0xD678, 0xD678,
  0xD658, 0xD679, 0xD658, 0xD658, 0xD659, 0xD679, 0xD679, 0xCE17, 0xBD95, 0xAD34, 0xBD95, 0xCE38, 0xD679, 0xD658, 0xD659, 0xD658,
  0xD658, 0xD658, 0xD658, 0xD658, 0xD658, 0xD658, 0xD658, 0xD658, 0xD658, 0xD658, 0xD658, 0xD658, 0xD658, 0xD658, 0xD658, 0xBDB6,
  0xBD75, 0xBD95, 0xBD75, 0xB575, 0xBD75, 0xBD75, 0xBD95, 0xACF3, 0xCE58, 0xFFBE, 0xEF3C, 0xD679, 0xD659, 0xD679, 0xD659, 0xD658,
  0xD658, 0xD658, 0xD658, 0xD658, 0xD658, 0xD658, 0xD658, 0xD658, 0xD679, 0xD679, 0xD679, 0xD679, 0xD658, 0xD658, 0xD658, 0xD658,
  0xD658, 0xD658, 0xD658, 0xD658, 0xD658, 0xD658, 0xD658, 0xD658, 0xD658, 0xD658, 0xD658, 0xD658, 0xD658, 0xD658, 0xD658, 0xD658,
  0xD658, 0xD658, 0xD658, 0xD658, 0xD658, 0xD658, 0xD658, 0xD658, 0xD658, 0xD658, 0xD658, 0xD658, 0xD658, 0xD658, 0xD658, 0xD658,
  0xD678, 0xD658, 0xD658, 0xD659, 0xCE17, 0x8C0E, 0x942D, 0x944C, 0x942C, 0x942C, 0x942C, 0x8C0B, 0x8BEB, 0x83EB, 0x83CA, 0x83EB,
  0x83CB, 0x7BAA, 0x7B8A, 0x8C2D, 0xAD52, 0xD678, 0xF77C, 0xFFBD, 0xFFDE, 0xCE79, 0x4A6A, 0x4209, 0x3187, 0x2945, 0x2945, 0x2125,
  0x2925, 0x2925, 0x2925, 0x2925, 0x2945, 0x2945, 0x2945, 0x2925, 0x2946, 0x2926, 0x2946, 0x2946, 0x2925, 0x73AF, 0xCE59, 0xCE59,
  0xB5B7, 0xD69A, 0x9CF4, 0x39E8, 0x4A4A, 0x424A, 0x2987, 0x2105, 0x2105, 0x2125, 0x2945, 0x2125, 0x2105, 0x2104, 0x18E4, 0x18C4,
  0x18C4, 0x20E4, 0x2125, 0x2945, 0x2945, 0x2945, 0x2945, 0x2925, 0x3166, 0x4229, 0x4A4A, 0x4229, 0x39E8, 0x4A29, 0x62EC, 0x8C52,
  0xBDF8, 0xD6BB, 0xCE9A, 0xC659, 0xC659, 0xC659, 0xC659, 0xC659, 0xCE59, 0xCE79, 0xCE79, 0xE71C, 0xE73D, 0xE73D, 0xDEDB, 0xDEDB,
  0xE71C, 0xE73C, 0xE75C, 0xEF5D, 0xEF7D, 0xEF7D, 0xEF9E, 0xF79E, 0xF79E, 0xF79E, 0xEF9D, 0xEF9D, 0xF7BE, 0xFFDE, 0xF7BE, 0xF7DE,
  0xF7BE, 0xF7BE, 0xF7BE, 0xF7BE, 0xF7BE, 0xF7BE, 0xF79E, 0xE71B, 0xD658, 0xD679, 0xEEFB, 0xDE79, 0xD617, 0xCDD6, 0xD5D6, 0xDDF6,
  0xB553, 0xD658, 0xFFDE, 0xF7BE, 0xF7BE, 0xF7BE, 0xF7BE, 0xF7BE, 0xF7BE, 0xF7BE, 0xF7BE, 0xE73C, 0xD6BB, 0xCE7A, 0xCE7A, 0xCE7A,
  0xA657, 0xA616, 0xB698, 0xBED9, 0x9DB4, 0x9594, 0x9DF5, 0x8D94, 0x8D93, 0x8D52, 0x9593, 0x9E15, 0xA636, 0x9E15, 0x9DD4, 0x9DF5,
  0x9DF5, 0x9DD4, 0x9E15, 0xC719, 0xC6D8, 0xA574, 0x8C2F, 0x5A89, 0x632B, 0x9D53, 0xBED8, 0xAE76, 0xA636, 0xAE77, 0xAE56, 0xB6B7,
  0xB698, 0xAE36, 0xAE36, 0xAE36, 0xBEB8, 0xAE57, 0xA616, 0xBEB8, 0xBEB8, 0x9573, 0xA615, 0xB677, 0xAE56, 0x9DF5, 0xA5F5, 0xB6B8,
  0xB697, 0xAE36, 0xAE36, 0xAE36, 0xAE36, 0xB677, 0xAE36, 0xAE16, 0xB656, 0xB616, 0x9470, 0x5A89, 0x5AA9, 0x840E, 0x5A89, 0x5A69,
  0x9471, 0xEF5D, 0xFFDF, 0xF79E, 0xF79E, 0xFF9E, 0xEF1C, 0xD679, 0xD658, 0xD659, 0xD658, 0xD659, 0xD659, 0xD659, 0xD659, 0xD658,
  0xD658, 0xD679, 0xD679, 0xD679, 0xCE38, 0xC5D7, 0xB555, 0xAD34, 0xBDB6, 0xCE38, 0xD659, 0xD658, 0xD659, 0xD659, 0xD658, 0xD659,
  0xD658, 0xD658, 0xD658, 0xD658, 0xD658, 0xD658, 0xD658, 0xD658, 0xD658, 0xD658, 0xD658, 0xD658, 0xD658, 0xD658, 0xD658, 0xCE38,
  0xBDB6, 0xB575, 0xBD75, 0xBD75, 0xBD75, 0xBD75, 0xB575, 0xBD95, 0xA513, 0xD679, 0xFFBE, 0xE6DB, 0xD679, 0xCE58, 0xD659, 0xD659,
  0xD659, 0xD659, 0xD659, 0xD659, 0xD658, 0xD658, 0xD658, 0xD658, 0xD659, 0xD659, 0xD659, 0xD659, 0xD658, 0xD658, 0xD658, 0xD658,
  0xD658, 0xD658, 0xD658, 0xD658, 0xD658, 0xD658, 0xD658, 0xD658, 0xD658, 0xD658, 0xD658, 0xD658, 0xD658, 0xD658, 0xD658, 0xD658,
  0xD658, 0xD658, 0xD658, 0xD658, 0xD658, 0xD658, 0xD658, 0xD658, 0xD658, 0xD658, 0xD658, 0xD658, 0xD658, 0xD658, 0xD658, 0xD658,
  0xD658, 0xD658, 0xD659, 0xD659, 0xD658, 0x9CB0, 0x9C8E, 0x944C, 0x942C, 0x942C, 0x940C, 0x8C0C, 0x8BEB, 0x8C0B, 0x840A, 0x7BCA,
  0x7BCC, 0x9490, 0xC5F6, 0xEF3B, 0xFFDD, 0xF7BD, 0xEF5C, 0xDEFB, 0xD699, 0xDEDB, 0x9492, 0x4208, 0x4209, 0x2966, 0x2125, 0x2945,
  0x2925, 0x2925, 0x2925, 0x2925, 0x2945, 0x2945, 0x2945, 0x2945, 0x2925, 0x2946, 0x2946, 0x2105, 0x6B2D, 0xC618, 0xCE39, 0xCE59,
  0xC638, 0xBDD7, 0x9CD4, 0x4209, 0x4A4A, 0x39C8, 0x2125, 0x2145, 0x2945, 0x2925, 0x2104, 0x18C3, 0x18C3, 0x10A3, 0x10A3, 0x18E4,
  0x2105, 0x2925, 0x2945, 0x2925, 0x2945, 0x2945, 0x2945, 0x2925, 0x2946, 0x31A7, 0x39E8, 0x4A29, 0x4A4A, 0x4A49, 0x4209, 0x4208,
  0x52AB, 0x7BF0, 0xAD76, 0xCE9A, 0xDF1C, 0xDF1C, 0xE71C, 0xE75D, 0xEF7D, 0xEF7D, 0xEF9D, 0xEF7D, 0xEF9E, 0xF7BE, 0xFFFF, 0xF7DF,
  0xE71C, 0xDEDB, 0xE73C, 0xEF5D, 0xEF7D, 0xF7BE, 0xEF7D, 0xE73C, 0xDEFB, 0xD69A, 0xCE79, 0xC638, 0xC638, 0xEF5C, 0xF7DE, 0xF7BE,
  0xF7BE, 0xF7BE, 0xF79D, 0xFFDE, 0xF7BE, 0xE71C, 0xD679, 0xD679, 0xEF1B, 0xF71B, 0xD637, 0xCDF6, 0xD5F6, 0xD5F6, 0xD5F6, 0xD5D5,
  0xCDF6, 0x9C70, 0xC5F7, 0xFFDE, 0xF79E, 0xF79E, 0xF79E, 0xF7BE, 0xF7BE, 0xEF7D, 0xDEDB, 0xCE7A, 0xCE7A, 0xD69A, 0xCE7A, 0xD69A,
  0xA636, 0xA636, 0xAE57, 0xA616, 0x9594, 0xA616, 0x9DD5, 0x8D73, 0x8D93, 0x8552, 0x8D52, 0x9DD4, 0xA636, 0x9DD4, 0x95D4, 0x9DF5,
  0x95D4, 0x95D4, 0x9DF5, 0xBEB8, 0xC6B8, 0xAD94, 0x8C2F, 0x5A88, 0x632B, 0xA594, 0xB697, 0xA656, 0xA615, 0xAE36, 0xAE56, 0xAE97,
  0xB677, 0xBEB8, 0xBE98, 0xBEB8, 0xC6D9, 0xB657, 0xB657, 0xC6D9, 0xC6D9, 0x9573, 0x9DB4, 0xAE36, 0xA5F5, 0x9DD5, 0xA616, 0xBEB8,
  0xC6F9, 0xB697, 0xBEB8, 0xB677, 0xB677, 0xAE36, 0xB677, 0xB677, 0xAE36, 0xB5F5, 0x9470, 0x5A89, 0x5A89, 0x83EE, 0x5A89, 0x5A89,
  0x5248, 0x7BAE, 0xD6BA, 0xF7DE, 0xF7BE, 0xF7BE, 0xFFBE, 0xEF3C, 0xDEBA, 0xD679, 0xD658, 0xD679, 0xD679, 0xD679, 0xD679, 0xDE79,
  0xD679, 0xCE38, 0xC5F7, 0xBD95, 0xB554, 0xB555, 0xC5D7, 0xD658, 0xD659, 0xD658, 0xD658, 0xD658, 0xD659, 0xD659, 0xD659, 0xD658,
  0xD658, 0xD658, 0xD658, 0xD658, 0xD658, 0xD658, 0xD658, 0xD658, 0xD658, 0xD658, 0xD658, 0xD658, 0xD658, 0xD658, 0xD658, 0xD658,
  0xCE18, 0xBD96, 0xBD95, 0xBD95, 0xBD95, 0xBD75, 0xBD75, 0xB575, 0xB575, 0xA513, 0xD699, 0xFFBE, 0xDEBA, 0xCE58, 0xD659, 0xD659,
  0xD658, 0xD658, 0xD658, 0xD658, 0xD658, 0xD658, 0xD658, 0xD658, 0xD659, 0xD659, 0xD659, 0xD659, 0xD658, 0xD658, 0xD658, 0xD658,
  0xD659, 0xD659, 0xD659, 0xD659, 0xD658, 0xD658, 0xD658, 0xD658, 0xD658, 0xD658, 0xD658, 0xD658, 0xD658, 0xD658, 0xD658, 0xD658,
  0xD658, 0xD658, 0xD658, 0xD658, 0xD658, 0xD658, 0xD658, 0xD658, 0xD658, 0xD658, 0xD658, 0xD658, 0xD658, 0xD658, 0xD658, 0xD658,
  0xD659, 0xD659, 0xD659, 0xD659, 0xD658, 0xAD12, 0x9C8F, 0x944D, 0x942C, 0x942C, 0x942C, 0x940C, 0x8C0C, 0x83EB, 0x840C, 0xA4F0,
  0xD678, 0xF79D, 0xFFDE, 0xF79D, 0xE71C, 0xD6BB, 0xCE7A, 0xCE79, 0xD69A, 0xDEFB, 0xEF5D, 0x7BCF, 0x4208, 0x39C7, 0x2925, 0x2125,
  0x2925, 0x2925, 0x2925, 0x2925, 0x2945, 0x2945, 0x2945, 0x2945, 0x2945, 0x2925, 0x2925, 0x6B4E, 0xC618, 0xCE59, 0xCE59, 0xCE59,
  0xCE59, 0xBDF7, 0x7BF0, 0x4229, 0x4A2A, 0x2966, 0x2945, 0x2945, 0x2925, 0x18E4, 0x10A3, 0x18A3, 0x10A3, 0x18C3, 0x2104, 0x2925,
  0x2925, 0x2925, 0x2945, 0x2945, 0x2945, 0x2945, 0x2945, 0x2945, 0x2945, 0x2125, 0x2945, 0x3166, 0x39C7, 0x4208, 0x4229, 0x4A49,
  0x4229, 0x3A08, 0x4A6A, 0x73AF, 0xA514, 0xCE59, 0xE73D, 0xEF9E, 0xF7BF, 0xFFFF, 0xFFFF, 0xFFFF, 0xFFDF, 0xE73C, 0xD6BA, 0xCE59,
  0xD69A, 0xE73C, 0xDEDB, 0xD6BA, 0xD6BA, 0xD69A, 0xD69A, 0xD69A, 0xD6BB, 0xD6BB, 0xC639, 0x9CF4, 0x9CB3, 0xAD75, 0xE73C, 0xF7DF,
  0xF7BD, 0xFFBE, 0xFFBE, 0xE6FB, 0xD678, 0xDE79, 0xEF1B, 0xF75C, 0xEEB9, 0xD616, 0xD5F6, 0xD5F6, 0xD5F6, 0xD5F6, 0xD5F5, 0xD5D5,
  0xD5F6, 0xC594, 0x944F, 0xCE37, 0xFFBE, 0xF7BE, 0xF7BE, 0xEF7E, 0xDEFC, 0xD69A, 0xCE7A, 0xCE7A, 0xCE7A, 0xCE7A, 0xCE7A, 0xCE59,
  0xA636, 0xA636, 0xAE36, 0x9594, 0x9573, 0xA5F5, 0x9594, 0x8D94, 0x8D73, 0x8532, 0x8D52, 0x8D73, 0x95B4, 0x8D73, 0x8D93, 0x95B4,
  0x95B4, 0x8D93, 0x9593, 0x9DD4, 0xB657, 0xAD94, 0x8C2F, 0x5268, 0x632B, 0xADD5, 0xAE36, 0x9E15, 0x9DF4, 0xA5F5, 0xA615, 0xA636,
  0xAE36, 0xC6D8, 0xCF19, 0xBEB8, 0xB657, 0xB677, 0xC6D9, 0xBEB8, 0xAE36, 0x9553, 0x9573, 0xA5F5, 0xA615, 0xAE57, 0xAE36, 0xAE77,
  0xAE56, 0xAE36, 0xB697, 0xBED8, 0xC6F9, 0xBEB8, 0xC6D9, 0xC6F9, 0xBE97, 0xB5F5, 0x9490, 0x5A68, 0x5A89, 0x83EE, 0x5A88, 0x5A68,
  0x5A89, 0x5268, 0x842F, 0xC658, 0xE75C, 0xEF9D, 0xEF7D, 0xFF9E, 0xF77D, 0xDEBA, 0xD679, 0xCE58, 0xCE18, 0xCE18, 0xC5D7, 0xBD75,
  0xB575, 0xB555, 0xB575, 0xC5D6, 0xCE38, 0xD679, 0xD659, 0xD658, 0xD658, 0xD658, 0xD658, 0xD658, 0xD658, 0xD658, 0xD659, 0xD659,
  0xD658, 0xD658, 0xD658, 0xD658, 0xD658, 0xD658, 0xD658, 0xD658, 0xD658, 0xD658, 0xD658, 0xD658, 0xD658, 0xD658, 0xD658, 0xD658,
  0xD658, 0xCE17, 0xBD96, 0xBD95, 0xBD95, 0xBD75, 0xBD95, 0xB575, 0xB575, 0xB575, 0xAD13, 0xDEBA, 0xF77D, 0xD679, 0xCE58, 0xD679,
  0xD659, 0xD659, 0xD659, 0xD659, 0xD659, 0xD658, 0xD658, 0xD658, 0xD658, 0xD658, 0xD658, 0xD658, 0xD658, 0xD658, 0xD658, 0xD658,
  0xD658, 0xD658, 0xD658, 0xD658, 0xD659, 0xD659, 0xD659, 0xD659, 0xD659, 0xD659, 0xD659, 0xD659, 0xD658, 0xD658, 0xD658, 0xD658,
  0xD658, 0xD658, 0xD658, 0xD658, 0xD658, 0xD658, 0xD658, 0xD658, 0xD658, 0xD658, 0xD658, 0xD658, 0xD658, 0xD658, 0xD658, 0xD658,
  0xD659, 0xD659, 0xD659, 0xD659, 0xD679, 0xB553, 0x83ED, 0x944D, 0x944C, 0x942B, 0x8C2C, 0x8C0C, 0x8C2D, 0xA512, 0xD698, 0xF79D,
  0xF7BE, 0xEF5D, 0xDEDB, 0xD69A, 0xCE7A, 0xCE7A, 0xD6BB, 0xE71D, 0xEF7E, 0xEF7D, 0xEF7E, 0xBDF8, 0x4A49, 0x4209, 0x2966, 0x2945,
  0x2925, 0x2925, 0x2945, 0x2945, 0x2925, 0x2925, 0x2945, 0x2945, 0x2925, 0x2966, 0x7BF0, 0xC639, 0xCE59, 0xCE39, 0xCE59, 0xCE59,
  0xCE59, 0xCE59, 0x8410, 0x39E8, 0x4229, 0x2946, 0x2945, 0x2145, 0x2125, 0x18C4, 0x10A3, 0x10A3, 0x18E4, 0x2125, 0x2925, 0x2925,
  0x2925, 0x2925, 0x2925, 0x2925, 0x2925, 0x2925, 0x2925, 0x2925, 0x2925, 0x2945, 0x2925, 0x2125, 0x2925, 0x2945, 0x3166, 0x39A7,
  0x39E8, 0x4208, 0x4229, 0x4208, 0x4208, 0x4A49, 0x5ACB, 0x6B8E, 0x8430, 0x9CD3, 0xA555, 0xB5B6, 0x94D3, 0x632C, 0x52CB, 0xBDF7,
  0xE73C, 0xDEFC, 0xE73D, 0xF79E, 0xF79E, 0xE73C, 0xDEFB, 0xDEDB, 0xD67B, 0xCE7B, 0xA4D5, 0xAD36, 0xBD97, 0x9472, 0xAD56, 0xEF5E,
  0xFFBE, 0xE6FB, 0xD658, 0xDE99, 0xEF1B, 0xF75C, 0xEF1B, 0xDE78, 0xD5F6, 0xD5D6, 0xD5F6, 0xD5D5, 0xD5F6, 0xD5F5, 0xD5F5, 0xD5F5,
  0xD5D5, 0xD616, 0xBD53, 0x9C70, 0xCE37, 0xFFBE, 0xE73D, 0xD69B, 0xCE7A, 0xCE7A, 0xCE7A, 0xCE7A, 0xCE59, 0xCE59, 0xD69B, 0xE71C,
  0x9DD5, 0x9DD5, 0x9DD5, 0x8D53, 0x8512, 0x8D53, 0x8D53, 0x95B4, 0x8D73, 0x8552, 0x8D73, 0x8D73, 0x8D52, 0x8D73, 0x95B4, 0x8D93,
  0x8D93, 0x8D93, 0x8D52, 0x9DB4, 0xB636, 0xAD94, 0x8C2F, 0x5A88, 0x632A, 0x9D73, 0xA615, 0x9DD4, 0xA635, 0xA615, 0x9DF4, 0x9E15,
  0x9DF5, 0xA615, 0xB697, 0xB697, 0xAE36, 0xAE36, 0xB657, 0xB677, 0xAE16, 0x8D32, 0x9DD4, 0xB698, 0xB657, 0xB697, 0xB697, 0xAE56,
  0xA636, 0xB677, 0xB677, 0xBEB8, 0xC6D9, 0xBEB8, 0xC6B8, 0xC6F9, 0xBE77, 0xB5D5, 0x9490, 0x5A68, 0x5A88, 0x83EE, 0x5A88, 0x5A68,
  0x5A69, 0x5268, 0x94B1, 0xBE57, 0x9533, 0xB5F6, 0xDEDA, 0xD699, 0xD6BA, 0xD679, 0xBDD6, 0xB595, 0xB595, 0xB575, 0xBD96, 0xC5D7,
  0xC5F7, 0xD658, 0xD659, 0xD679, 0xD658, 0xD658, 0xD658, 0xD658, 0xD658, 0xD658, 0xD658, 0xD658, 0xD659, 0xD659, 0xD659, 0xD659,
  0xD658, 0xD658, 0xD658, 0xD658, 0xD658, 0xD658, 0xD658, 0xD658, 0xD658, 0xD658, 0xD658, 0xD658, 0xD658, 0xD658, 0xD658, 0xD658,
  0xD658, 0xD658, 0xC5D7, 0xBD75, 0xBD75, 0xB575, 0xBD75, 0xB575, 0xB575, 0xBD75, 0xB575, 0xA4D2, 0xDEBA, 0xEF3C, 0xCE58, 0xD679,
  0xD659, 0xD659, 0xD659, 0xD659, 0xD659, 0xD658, 0xD658, 0xD659, 0xD658, 0xD658, 0xD659, 0xD658, 0xD658, 0xD658, 0xD658, 0xD658,
  0xD679, 0xD679, 0xD659, 0xD659, 0xD659, 0xD659, 0xD658, 0xD658, 0xD659, 0xD659, 0xD659, 0xD659, 0xD658, 0xD658, 0xD658, 0xD658,
  0xD658, 0xD658, 0xD658, 0xD658, 0xD658, 0xD658, 0xD658, 0xD658, 0xD658, 0xD658, 0xD658, 0xD658, 0xD658, 0xD658, 0xD658, 0xD658,
  0xD658, 0xD658, 0xD659, 0xD658, 0xD679, 0xBDB5, 0x83CD, 0x946F, 0x948D, 0x9CAE, 0x948E, 0x9CB0, 0xC5F6, 0xEF3C, 0xEF7D, 0xE6FC,
  0xD69A, 0xCE7A, 0xC659, 0xCE59, 0xCE7A, 0xD6BB, 0xDF1C, 0xE73D, 0xDEDB, 0xD69A, 0xCE59, 0xCE79, 0x8430, 0x4208, 0x39E8, 0x2125,
  0x2945, 0x2945, 0x2945, 0x2945, 0x2946, 0x2946, 0x2946, 0x2125, 0x4209, 0x9CB3, 0xCE5A, 0xCE59, 0xCE39, 0xCE59, 0xCE59, 0xCE59,
  0xCE59, 0xCE59, 0xC5F8, 0x5AEC, 0x39E8, 0x2966, 0x2945, 0x2945, 0x2104, 0x10A3, 0x18C4, 0x2104, 0x2925, 0x2945, 0x2125, 0x2945,
  0x2925, 0x2925, 0x2925, 0x2925, 0x2925, 0x2925, 0x2925, 0x2925, 0x2925, 0x2925, 0x2925, 0x2925, 0x2945, 0x2925, 0x2945, 0x2945,
  0x2946, 0x2966, 0x3186, 0x31A7, 0x39C7, 0x39C8, 0x39E8, 0x39E8, 0x39E8, 0x4208, 0x4228, 0x4229, 0x39E8, 0x31A6, 0x8C51, 0xD6BB,
  0xCE59, 0xCE59, 0xCE59, 0xD67A, 0xD6BB, 0xD67A, 0xCE59, 0xCE59, 0xD67A, 0xB576, 0x9C93, 0xC5B8, 0xBD77, 0xB576, 0xA4D4, 0xAD55,
  0xD678, 0xD699, 0xEF1B, 0xF75C, 0xF73B, 0xE6B9, 0xD617, 0xD5F6, 0xD5F6, 0xD5F6, 0xD5F6, 0xD5F6, 0xD5F5, 0xDDF6, 0xD5D5, 0xD5F5,
  0xD5F5, 0xD5F5, 0xD5F6, 0xB512, 0xA4B1, 0xBDB6, 0xD67A, 0xCE7A, 0xCE7A, 0xCE7A, 0xCE59, 0xCE7A, 0xDEFB, 0xEF5D, 0xF7BE, 0xF7BE,
  0x95D5, 0xA616, 0xA5F6, 0x8D53, 0x84F2, 0xA616, 0xA616, 0x8D94, 0x95B4, 0x95D4, 0x8D73, 0x8D93, 0x95D4, 0x8D73, 0x8D52, 0x8D52,
  0x8D93, 0x9593, 0x9DF5, 0xB697, 0xBE77, 0xA574, 0x8C2F, 0x5268, 0x5AEA, 0x9532, 0x9DF4, 0x95B3, 0x95B3, 0xA5F4, 0x9DD4, 0x95D4,
  0xA615, 0x9DF5, 0x9DF5, 0xA636, 0xAE56, 0xAE56, 0xA636, 0xA636, 0xAE16, 0x9553, 0x9DD5, 0xAE56, 0xAE36, 0xBED8, 0xB697, 0xA5F5,
  0xA615, 0xBED8, 0xBEB8, 0xBEB8, 0xC6D9, 0xB677, 0xBE98, 0xBEB8, 0xAE15, 0xADB4, 0x9CB1, 0x5268, 0x5A88, 0x83EE, 0x5A88, 0x5A68,
  0x5A68, 0x5268, 0x846F, 0xBE98, 0xB657, 0x9533, 0xBDF7, 0xE73C, 0xF79D, 0xEF7D, 0xEF5C, 0xE6FB, 0xD699, 0xD679, 0xD679, 0xD659,
  0xD679, 0xD658, 0xD658, 0xD658, 0xD658, 0xD658, 0xD658, 0xD659, 0xD658, 0xD658, 0xD658, 0xD658, 0xD659, 0xD659, 0xD659, 0xD659,
  0xD658, 0xD658, 0xD658, 0xD658, 0xD658, 0xD658, 0xD658, 0xD658, 0xD658, 0xD658, 0xD658, 0xD658, 0xD658, 0xD658, 0xD658, 0xD659,
  0xD659, 0xD658, 0xD658, 0xC5B6, 0xBD75, 0xB575, 0xB575, 0xBD75, 0xBD75, 0xBD55, 0xBD95, 0xA4F3, 0x9471, 0xEF1B, 0xE6DB, 0xCE58,
  0xD679, 0xD659, 0xD659, 0xD659, 0xD679, 0xD659, 0xD658, 0xD658, 0xD658, 0xCE38, 0xCDF7, 0xC5D7, 0xC5D6, 0xC5D6, 0xC5D6, 0xC5D6,
  0xC5F7, 0xC617, 0xCE38, 0xD658, 0xD658, 0xD658, 0xD659, 0xD659, 0xD659, 0xD659, 0xD659, 0xD659, 0xD658, 0xD658, 0xD658, 0xD658,
  0xD658, 0xD658, 0xD658, 0xD658, 0xD658, 0xD658, 0xD658, 0xD658, 0xD658, 0xD658, 0xD658, 0xD658, 0xD658, 0xD658, 0xD658, 0xD658,
  0xD658, 0xD658, 0xD658, 0xCE58, 0xD679, 0xC617, 0xAD54, 0xE6FA, 0xE71A, 0xE75A, 0xE73B, 0xEF5C, 0xEF7D, 0xEF5D, 0xEF5D, 0xEF5D,
  0xEF5D, 0xEF7D, 0xE75D, 0xE75D, 0xE75D, 0xE75D, 0xEF5D, 0xE73C, 0xE71C, 0xE71C, 0xE71C, 0xE71C, 0xDEDB, 0x630C, 0x4209, 0x3187,
  0x2925, 0x2945, 0x2946, 0x2946, 0x2945, 0x2125, 0x3187, 0x738E, 0xB5B7, 0xCE7A, 0xCE39, 0xCE59, 0xCE59, 0xCE59, 0xCE59, 0xCE59,
  0xCE59, 0xCE39, 0xD65A, 0xAD55, 0x39C8, 0x2945, 0x2945, 0x2945, 0x18E4, 0x18E4, 0x2925, 0x2945, 0x2925, 0x2925, 0x2125, 0x2945,
  0x2925, 0x2925, 0x2925, 0x2925, 0x2925, 0x2925, 0x2925, 0x2925, 0x2925, 0x2925, 0x2925, 0x2925, 0x2945, 0x2945, 0x2945, 0x2945,
  0x2945, 0x2946, 0x2946, 0x2946, 0x2125, 0x2946, 0x2966, 0x2966, 0x39C8, 0x4A6A, 0x4209, 0x31A7, 0x2966, 0x52AB, 0xC639, 0xCE5A,
  0xCE59, 0xCE59, 0xCE59, 0xCE5A, 0xCE59, 0xCE59, 0xCE59, 0xCE59, 0xC638, 0x9C92, 0xACD3, 0xACD3, 0xB4F4, 0x9C92, 0xA4F3, 0xCE38,
  0xEF1B, 0xF77C, 0xF75C, 0xEEFA, 0xDE58, 0xD5F6, 0xD5F6, 0xD5F6, 0xD5F6, 0xD616, 0xCDB5, 0xC594, 0xDE16, 0xC553, 0xBCF2, 0xDDF6,
  0xD5F5, 0xD5D5, 0xD5F6, 0xD5F6, 0xB4F2, 0xA4D2, 0xBD96, 0xD679, 0xCE59, 0xD69A, 0xE71C, 0xEF9E, 0xF7BE, 0xF7BE, 0xF7BE, 0xF7BE,
  0x9DF5, 0xA616, 0xAE57, 0x9573, 0x8D53, 0xB677, 0xAE77, 0xAE57, 0xA656, 0xA636, 0x8D93, 0x8D52, 0x8D93, 0x8D52, 0x95B4, 0x8D73,
  0x8D73, 0x95B4, 0xAE76, 0xAE77, 0xB636, 0xA594, 0x8C2F, 0x5A68, 0x630A, 0x9532, 0x9DD4, 0x95D4, 0x8D93, 0x9DD4, 0x9DD4, 0x9E15,
  0xAE77, 0xA615, 0x9DF4, 0x9E15, 0xA635, 0xA635, 0xA635, 0xA635, 0x9DB4, 0x8D32, 0x9DD5, 0xA5F5, 0x9DD5, 0xAE57, 0xB698, 0xA5F5,
  0xAE56, 0xBEB8, 0xBEB7, 0xB697, 0xBEB7, 0xB677, 0xBE97, 0xBE97, 0xBE97, 0xB5D5, 0x94B1, 0x5248, 0x5A68, 0x8BEE, 0x5A88, 0x5A68,
  0x6288, 0x5267, 0x8C90, 0xB656, 0x9DB4, 0x9D74, 0x9533, 0xB5B6, 0xD6DA, 0xF79D, 0xF7BE, 0xF79E, 0xEF5D, 0xDEBA, 0xD659, 0xD659,
  0xD659, 0xD659, 0xD679, 0xD659, 0xD658, 0xD658, 0xD659, 0xD659, 0xD658, 0xD658, 0xD658, 0xD658, 0xD658, 0xD658, 0xD658, 0xD659,
  0xD658, 0xD658, 0xD658, 0xD658, 0xD658, 0xD658, 0xD658, 0xD658, 0xD658, 0xD658, 0xD658, 0xD658, 0xD658, 0xD658, 0xD658, 0xD658,
  0xD658, 0xD659, 0xD638, 0xCE38, 0xC5B6, 0xBD75, 0xBD75, 0xBD75, 0xBD75, 0xBD55, 0xBD75, 0xB575, 0xA4D2, 0xBDB6, 0xE71B, 0xDE9A,
  0xCE58, 0xD659, 0xD659, 0xD679, 0xD658, 0xD659, 0xD658, 0xCE17, 0xC5D6, 0xBD95, 0xBD75, 0xBD75, 0xBD75, 0xBD75, 0xBD75, 0xBD75,
  0xB575, 0xBD95, 0xBD96, 0xBDB6, 0xC5D6, 0xC5F7, 0xCE38, 0xD659, 0xD679, 0xD659, 0xD659, 0xD659, 0xD658, 0xD658, 0xD658, 0xD658,
  0xD658, 0xD658, 0xD658, 0xD658, 0xD658, 0xD658, 0xD658, 0xD658, 0xD658, 0xD658, 0xD658, 0xD658, 0xD658, 0xD658, 0xD658, 0xD658,
  0xD658, 0xD658, 0xD658, 0xD658, 0xD659, 0xCE38, 0xBDD6, 0xF7BD, 0xF7DE, 0xF7BE, 0xF7BE, 0xF7BE, 0xF7BE, 0xF7BE, 0xF7BE, 0xF7BE,
  0xF7BE, 0xF7BE, 0xF7BE, 0xF7BE, 0xF7BE, 0xF7DE, 0xF7BE, 0xF7DE, 0xF7BF, 0xFFBF, 0xF7BE, 0xF79E, 0xFFFF, 0xC618, 0x4229, 0x39E8,
  0x2945, 0x2946, 0x2946, 0x2105, 0x3186, 0x62EC, 0xA535, 0xCE5A, 0xCE59, 0xCE59, 0xCE59, 0xCE59, 0xCE59, 0xCE59, 0xCE59, 0xCE59,
  0xCE59, 0xCE59, 0xCE39, 0xCE5A, 0x7BF0, 0x2925, 0x2946, 0x2945, 0x2125, 0x2945, 0x2925, 0x2925, 0x2945, 0x2945, 0x2925, 0x2925,
  0x2925, 0x2925, 0x2925, 0x2925, 0x2925, 0x2925, 0x2925, 0x2925, 0x2925, 0x2945, 0x2945, 0x2945, 0x2945, 0x2945, 0x2945, 0x2945,
  0x2945, 0x2946, 0x2946, 0x2946, 0x2946, 0x2946, 0x2925, 0x2966, 0x4209, 0x39C8, 0x2966, 0x2126, 0x3187, 0xA535, 0xCE7A, 0xCE5A,
  0xCE59, 0xCE59, 0xCE5A, 0xCE59, 0xCE5A, 0xCE59, 0xCE59, 0xD679, 0xAD54, 0xBD74, 0xCDF6, 0xD5F6, 0xC574, 0xBD53, 0xEF1A, 0xF77C,
  0xF75C, 0xEF1B, 0xE699, 0xD617, 0xD5F6, 0xD5F6, 0xD5F6, 0xD5F6, 0xD5F6, 0xD5F6, 0xD616, 0xB4D1, 0xCD94, 0xBCF2, 0xAC91, 0xD5D6,
  0xD5D5, 0xD5F6, 0xD5D5, 0xD5F6, 0xCDB5, 0xACF3, 0xAD34, 0xBD96, 0xEF7D, 0xF79E, 0xF7BE, 0xF7BE, 0xF7BE, 0xF7BE, 0xEF7D, 0xE73C,
  0xAE57, 0x9DF5, 0x9DF5, 0x8D52, 0x8D73, 0x9DF5, 0x9DF5, 0xA636, 0x9E15, 0x8D73, 0x8532, 0x8552, 0x8D52, 0x8D52, 0x9DD4, 0x9593,
  0x95B3, 0xAE76, 0xAE56, 0xAE36, 0xBE77, 0xAD94, 0x8C2F, 0x5268, 0x630A, 0x9D73, 0x95B3, 0x8D72, 0x8D93, 0x9DD4, 0x9DD4, 0xA615,
  0xA636, 0xA615, 0xA5F5, 0x9DB4, 0x9DB4, 0xAE36, 0xB697, 0xAE36, 0xA615, 0x8D52, 0x9593, 0xA5F5, 0xA5F5, 0xB657, 0xBED8, 0xB677,
  0xB677, 0xB677, 0xB656, 0xAE56, 0xA615, 0xA5F5, 0xAE35, 0xB697, 0xCED8, 0xB616, 0x94B0, 0x5A68, 0x5A68, 0x8BCE, 0x5A89, 0x5A89,
  0x62A9, 0x5288, 0x94F1, 0xCED9, 0xA5D4, 0xA5D5, 0xA5D5, 0xB657, 0xBE58, 0xC658, 0xDF1B, 0xF7BE, 0xF7DE, 0xF79D, 0xE71B, 0xD699,
  0xD659, 0xD679, 0xCE59, 0xD658, 0xD679, 0xD659, 0xD659, 0xD658, 0xD678, 0xD678, 0xD678, 0xD678, 0xD678, 0xD678, 0xD678, 0xD678,
  0xD658, 0xD658, 0xD658, 0xD658, 0xD658, 0xD658, 0xD658, 0xD658, 0xD658, 0xD658, 0xD658, 0xD658, 0xD658, 0xD658, 0xD658, 0xD658,
  0xD658, 0xD658, 0xD658, 0xD658, 0xCE17, 0xBD95, 0xBD95, 0xBD75, 0xBD75, 0xBD75, 0xBD55, 0xBD75, 0xAD14, 0xBDB6, 0xCE38, 0xDEFB,
  0xD699, 0xCE58, 0xD679, 0xCE58, 0xD658, 0xD658, 0xCE17, 0xBD95, 0xBD75, 0xBD75, 0xBD95, 0xBD95, 0xBD95, 0xBD95, 0xBD95, 0xBD95,
  0xBD95, 0xBD75, 0xBD75, 0xBD75, 0xBD75, 0xBD75, 0xBD96, 0xC5D7, 0xCE17, 0xCE58, 0xD679, 0xD679, 0xD658, 0xD659, 0xD658, 0xD658,
  0xD658, 0xD658, 0xD658, 0xD658, 0xD658, 0xD658, 0xD658, 0xD658, 0xD658, 0xD658, 0xD658, 0xD658, 0xD658, 0xD658, 0xD658, 0xD658,
  0xD658, 0xD658, 0xD658, 0xD658, 0xCE58, 0xD658, 0xB595, 0xEF3C, 0xF7BE, 0xF79E, 0xF7BE, 0xF7BE, 0xF7BD, 0xF7BE, 0xF7BE, 0xF7BE,
  0xF7BE, 0xF7BE, 0xF7BE, 0xF7BE, 0xF7BE, 0xF7BE, 0xF7BE, 0xF7BE, 0xF7BE, 0xF7BE, 0xF7BE, 0xF79E, 0xFFBF, 0xDEBB, 0x62EC, 0x4209,
  0x3166, 0x2125, 0x3166, 0x630C, 0xA4F4, 0xCE59, 0xCE7A, 0xCE39, 0xCE39, 0xCE59, 0xCE59, 0xCE59, 0xCE59, 0xCE59, 0xCE59, 0xCE59,
  0xCE59, 0xCE59, 0xCE59, 0xCE59, 0xC5F8, 0x528B, 0x2125, 0x2946, 0x2926, 0x2926, 0x2925, 0x2925, 0x2925, 0x2925, 0x2925, 0x2925,
  0x2945, 0x2945, 0x2945, 0x2945, 0x2945, 0x2946, 0x2926, 0x2926, 0x2945, 0x2945, 0x2945, 0x2945, 0x2945, 0x2945, 0x2945, 0x2945,
  0x2945, 0x2945, 0x2945, 0x2945, 0x2945, 0x2945, 0x2945, 0x3187, 0x3187, 0x2945, 0x2945, 0x2125, 0x6B4D, 0xCE59, 0xCE59, 0xCE39,
  0xCE59, 0xCE59, 0xCE5A, 0xCE5A, 0xCE5A, 0xCE59, 0xD65A, 0xC5D7, 0xACF2, 0xCDF6, 0xCDF6, 0xCDD6, 0xACD2, 0xE698, 0xFF5B, 0xF71B,
  0xEED9, 0xDE37, 0xD5F6, 0xD5F6, 0xD5F6, 0xD5F6, 0xCDD5, 0xCD94, 0xD5F6, 0xD5F6, 0xDE16, 0xBD33, 0xAC90, 0xB4B1, 0xAC70, 0xCD53,
  0xD5D5, 0xD5D6, 0xD5D5, 0xD5D6, 0xD5F6, 0xC574, 0xB513, 0xBD74, 0xDE99, 0xFFDE, 0xF7BE, 0xF79E, 0xE75D, 0xDF1C, 0xD6BB, 0xD69A,
  0xA615, 0xA615, 0x9DD4, 0x8D32, 0x9DD4, 0xAE57, 0xA615, 0x8D73, 0x8552, 0x8532, 0x8532, 0x8D73, 0x9593, 0x95B4, 0x8D93, 0x9593,
  0xA635, 0xAE77, 0xAE56, 0xAE36, 0xBE77, 0xAD94, 0x840E, 0x5268, 0x5B0A, 0x9D73, 0x9DD4, 0x8DB3, 0x8D93, 0x95B3, 0x9DF4, 0x9DF4,
  0x9DD4, 0xA5F5, 0xAE36, 0x9DF5, 0x9DB4, 0xA616, 0xB698, 0xBED9, 0xB677, 0x8D32, 0x8D52, 0xA615, 0xB677, 0xBED8, 0xB697, 0xB677,
  0xAE56, 0xA615, 0x9DD4, 0xA5F4, 0x9DB3, 0x9593, 0x95D4, 0xA5F4, 0xC6B8, 0xBE36, 0x8C90, 0x5A88, 0x5A68, 0x8BCE, 0x5A88, 0x5268,
  0x5248, 0x5268, 0x846F, 0xB636, 0xAE16, 0xA5F6, 0x9553, 0xADD5, 0xC678, 0xBE38, 0xB5D6, 0xB5F6, 0xD6DA, 0xF79D, 0xFFDE, 0xF77D,
  0xDEDB, 0xCE59, 0xD659, 0xD679, 0xD659, 0xD659, 0xD659, 0xD658, 0xD678, 0xD678, 0xD678, 0xD678, 0xD678, 0xD678, 0xD678, 0xD678,
  0xD658, 0xD658, 0xD658, 0xD658, 0xD658, 0xD658, 0xD658, 0xD658, 0xD658, 0xD658, 0xD658, 0xD658, 0xD658, 0xD658, 0xD658, 0xD658,
  0xD658, 0xD658, 0xD658, 0xD658, 0xD658, 0xC5F7, 0xBD95, 0xBD95, 0xBD75, 0xBD75, 0xBD75, 0xBD75, 0xB555, 0xB575, 0xE6FB, 0xC638,
  0xDEDB, 0xCE59, 0xD679, 0xD658, 0xD658, 0xCE17, 0xBD75, 0xBD75, 0xBD95, 0xBD75, 0xBD75, 0xBD75, 0xBD75, 0xBD75, 0xBD75, 0xBD75,
  0xBD75, 0xBD75, 0xBD75, 0xBD75, 0xBD95, 0xBD75, 0xBD75, 0xBD75, 0xBD95, 0xBDB6, 0xC5F7, 0xD658, 0xD659, 0xD659, 0xD658, 0xD658,
  0xD658, 0xD658, 0xD658, 0xD658, 0xD658, 0xD658, 0xD658, 0xD658, 0xD658, 0xD658, 0xD658, 0xD658, 0xD658, 0xD658, 0xD658, 0xD658,
  0xD658, 0xD658, 0xD658, 0xD659, 0xCE58, 0xD658, 0xBDD6, 0xDEDA, 0xFFDE, 0xF79E, 0xF7BE, 0xF7BE, 0xF7BE, 0xF7BE, 0xF79E, 0xF79E,
  0xEF7D, 0xEF7D, 0xEF5D, 0xE73C, 0xE73C, 0xE73C, 0xE73C, 0xE73C, 0xE73C, 0xE71C, 0xE71C, 0xEF3D, 0xD6BB, 0xA514, 0x9CD3, 0x4A4A,
  0x31A7, 0x52AB, 0xA515, 0xCE39, 0xD67A, 0xCE59, 0xCE39, 0xCE59, 0xCE59, 0xCE59, 0xCE59, 0xCE59, 0xCE59, 0xCE59, 0xCE59, 0xCE59,
  0xCE59, 0xCE59, 0xCE59, 0xCE59, 0xD67A, 0xA535, 0x3187, 0x2946, 0x2946, 0x2926, 0x2925, 0x2945, 0x2945, 0x2945, 0x2945, 0x2945,
  0x2925, 0x2925, 0x2925, 0x2925, 0x2945, 0x2945, 0x2946, 0x2946, 0x2945, 0x2945, 0x2945, 0x2945, 0x2945, 0x2945, 0x2945, 0x2945,
  0x2945, 0x2945, 0x2945, 0x2945, 0x2925, 0x2945, 0x2125, 0x2945, 0x2925, 0x2946, 0x2945, 0x39C7, 0xAD55, 0xCE59, 0xCE39, 0xCE59,
  0xCE59, 0xCE59, 0xCE5A, 0xCE5A, 0xCE5A, 0xCE59, 0xD659, 0xAD34, 0xC594, 0xCDF6, 0xD616, 0xB512, 0xBD74, 0xE698, 0xE698, 0xDE57,
  0xD616, 0xD5D5, 0xD5F6, 0xD616, 0xD5F6, 0xD5F6, 0xCDD5, 0xB4F1, 0xACD1, 0xC594, 0xD5D5, 0xC554, 0xA42F, 0x938C, 0x93AD, 0xC533,
  0xC553, 0xD5B5, 0xD5D5, 0xD5F6, 0xD5D6, 0xD5F6, 0xB513, 0xC574, 0xBD95, 0xE6DA, 0xEF5C, 0xDEDB, 0xCE9A, 0xCE7A, 0xCE9A, 0xCE59,
  0xA615, 0xA635, 0x8D73, 0xA636, 0xB6B7, 0xAE56, 0xA636, 0x9DD4, 0x9593, 0x95D4, 0x8552, 0x8D72, 0x95B4, 0x9593, 0x8D93, 0x95B3,
  0x9DD4, 0x95B4, 0x9DF5, 0xA5F4, 0xA5D5, 0xAD73, 0x8C0E, 0x5268, 0x5B0A, 0x9D73, 0x9DD4, 0x8D93, 0x8D93, 0x95B3, 0x9DD4, 0x9DD4,
  0xB677, 0xB697, 0xA616, 0xA615, 0x9DD5, 0xAE36, 0xAE36, 0xB677, 0xAE36, 0x8D11, 0xA5F5, 0xBED8, 0xB697, 0xAE77, 0xA615, 0x9DD4,
  0x95B3, 0x9593, 0x9593, 0x95D3, 0x9DF4, 0x9DF4, 0x9DD4, 0x9DB3, 0xB636, 0xB5F5, 0x94B0, 0x4A47, 0x5247, 0x83CE, 0x736C, 0x8C2F,
  0xA4F2, 0xB595, 0xC637, 0xCEDA, 0xD6FA, 0xD6FA, 0xD6FA, 0xD6DA, 0xD6DA, 0xCEB9, 0xCE99, 0xBDF7, 0xAD54, 0xBDF7, 0xDEDA, 0xE71C,
  0xEF5D, 0xEF3C, 0xD69A, 0xD679, 0xD659, 0xD659, 0xD659, 0xD659, 0xD678, 0xD678, 0xD678, 0xD678, 0xD678, 0xD678, 0xD678, 0xD678,
  0xD658, 0xD658, 0xD658, 0xD658, 0xD658, 0xD658, 0xD658, 0xD658, 0xD658, 0xD658, 0xD658, 0xD658, 0xD658, 0xD658, 0xD658, 0xD658,
  0xD658, 0xD658, 0xD658, 0xD658, 0xD659, 0xCE38, 0xBDB6, 0xBD95, 0xBD75, 0xBD75, 0xBD75, 0xBD75, 0xBD75, 0xA4D3, 0xE6FB, 0xE6FB,
  0xCE38, 0xDEBA, 0xCE58, 0xD679, 0xD638, 0xBDB6, 0xBD75, 0xBD75, 0xBD75, 0xBD75, 0xBD75, 0xBD75, 0xBD75, 0xBD75, 0xBD75, 0xBD75,
  0xBD75, 0xBD75, 0xBD75, 0xBD75, 0xBD75, 0xBD75, 0xBD95, 0xBD75, 0xBD75, 0xBD95, 0xBD95, 0xC5B6, 0xCDF7, 0xD638, 0xD659, 0xD658,
  0xD658, 0xD658, 0xD658, 0xD658, 0xD658, 0xD658, 0xD658, 0xD658, 0xD658, 0xD658, 0xD658, 0xD658, 0xD658, 0xD658, 0xD658, 0xD658,
  0xD658, 0xD658, 0xD658, 0xD658, 0xD658, 0xD679, 0xBDD6, 0xCE58, 0xFFDF, 0xEF7E, 0xEF5D, 0xEF3D, 0xE71C, 0xE71C, 0xDEDB, 0xD6BB,
  0xD6BA, 0xD6BA, 0xD69A, 0xCE9A, 0xCE79, 0xCE79, 0xCE79, 0xCE79, 0xCE7A, 0xCE79, 0xCE59, 0xCE59, 0x9CF4, 0xAD56, 0xBDD8, 0x6B2D,
  0x7BCF, 0xC639, 0xD67A, 0xCE59, 0xCE39, 0xCE5A, 0xCE59, 0xCE59, 0xCE59, 0xCE59, 0xCE59, 0xCE59, 0xCE59, 0xCE59, 0xCE59, 0xCE59,
  0xCE59, 0xCE59, 0xCE59, 0xCE39, 0xCE59, 0xB5B7, 0x31C8, 0x2126, 0x2946, 0x2945, 0x2945, 0x2946, 0x2946, 0x2946, 0x2946, 0x2946,
  0x2945, 0x2945, 0x2945, 0x2945, 0x2945, 0x2965, 0x2945, 0x2945, 0x2925, 0x2945, 0x2945, 0x2945, 0x2945, 0x2945, 0x2945, 0x2945,
  0x2945, 0x2945, 0x2945, 0x2945, 0x2925, 0x2945, 0x2945, 0x2945, 0x2945, 0x2946, 0x2125, 0x6B4D, 0xCE59, 0xCE39, 0xCE59, 0xCE59,
  0xCE59, 0xCE59, 0xCE5A, 0xCE5A, 0xCE59, 0xD67A, 0xC5F8, 0xACF3, 0xD5F6, 0xD5F6, 0xD5F6, 0xBD33, 0xD5F6, 0xD5F6, 0xD5F6, 0xD5F6,
  0xD5F6, 0xD5F6, 0xD5F6, 0xD5F6, 0xD5F6, 0xD5F6, 0xD5F6, 0xD5F6, 0xC594, 0xACB1, 0xACB1, 0xBD33, 0x9BEE, 0x9BEE, 0x9C0E, 0xAC4F,
  0xC533, 0xC533, 0xCD94, 0xD5D5, 0xD5F6, 0xD5D6, 0xD5D6, 0xB4F2, 0xBD95, 0xAD14, 0xD679, 0xCE79, 0xCE9A, 0xC679, 0xC638, 0xC638,
  0x9DD4, 0x9DD4, 0x8D52, 0xA636, 0xAE56, 0xAE56, 0xA615, 0x95B4, 0x8D93, 0x8D52, 0x8D73, 0x9DF5, 0x95B4, 0x9593, 0x95D4, 0x9DF5,
  0x9DD4, 0x8D73, 0x8D73, 0x9DB4, 0xA5D4, 0xAD94, 0x83EE, 0x5247, 0x5B0A, 0x9532, 0x9DF4, 0x9DF4, 0x95D4, 0xA5F5, 0xA615, 0xAE56,
  0xBED9, 0xB698, 0xAE36, 0xAE57, 0xB697, 0xB697, 0xA5F5, 0xB657, 0xB636, 0x8CF1, 0xB656, 0xCF3A, 0xBE98, 0xAE76, 0x9DD4, 0x8D93,
  0x8D92, 0x8D92, 0x8D92, 0x95B3, 0x95B3, 0x9DB3, 0x9DD4, 0xAE36, 0xB616, 0xA574, 0x8C91, 0x842F, 0xAD54, 0xD699, 0xEF5C, 0xF79D,
  0xFFBE, 0xFFDE, 0xFFDE, 0xF7BE, 0xF7BE, 0xF7BE, 0xF7BE, 0xF7BE, 0xF7BE, 0xF7DE, 0xF7BE, 0xF7DE, 0xF7BE, 0xEF3C, 0xE6FB, 0xDEBA,
  0xD69A, 0xD69A, 0xDEBA, 0xD699, 0xD679, 0xD679, 0xD659, 0xD658, 0xD678, 0xD658, 0xD658, 0xD678, 0xD678, 0xD678, 0xD678, 0xD678,
  0xD658, 0xD658, 0xD658, 0xD658, 0xD658, 0xD658, 0xD658, 0xD658, 0xD658, 0xD658, 0xD658, 0xD658, 0xD658, 0xD658, 0xD658, 0xD658,
  0xD658, 0xD658, 0xD658, 0xD658, 0xD659, 0xD659, 0xCE17, 0xBD95, 0xBD75, 0xBD75, 0xBD75, 0xBD75, 0xBD75, 0xAD34, 0xBDB6, 0xFFDE,
  0xDE9A, 0xC618, 0xDE7A, 0xD638, 0xCDF7, 0xBD75, 0xBD75, 0xBD75, 0xBD75, 0xBD75, 0xBD95, 0xBD95, 0xBD96, 0xBD96, 0xBD95, 0xBD95,
  0xBD95, 0xBD95, 0xBD95, 0xBD95, 0xBD95, 0xBD95, 0xBD95, 0xBD95, 0xBD96, 0xBD96, 0xBD95, 0xBD95, 0xBD95, 0xC5B6, 0xCDF7, 0xD658,
  0xD659, 0xD658, 0xD658, 0xD658, 0xD658, 0xD658, 0xD658, 0xD658, 0xD658, 0xD658, 0xD658, 0xD658, 0xD658, 0xD658, 0xD658, 0xD658,
  0xD658, 0xD658, 0xD658, 0xD658, 0xD679, 0xD658, 0xC617, 0xB5B6, 0xDEDB, 0xDEBB, 0xD69A, 0xD67A, 0xCE7A, 0xCE7A, 0xCE5A, 0xCE7A,
  0xCE79, 0xCE79, 0xCE99, 0xD6BA, 0xD6DB, 0xDEFB, 0xDEFB, 0xE71C, 0xE73C, 0xE73C, 0xEF5D, 0xB5B7, 0xA535, 0xB596, 0x9CD4, 0xAD35,
  0xC639, 0xCE59, 0xCE39, 0xCE59, 0xCE59, 0xCE59, 0xCE59, 0xCE59, 0xCE59, 0xCE59, 0xCE59, 0xCE59, 0xCE59, 0xCE59, 0xCE59, 0xCE59,
  0xCE5A, 0xCE59, 0xCE39, 0xCE39, 0xD67A, 0x94B3, 0x2146, 0x2166, 0x2145, 0x2145, 0x2945, 0x2946, 0x2946, 0x2946, 0x2946, 0x2946,
  0x2966, 0x2966, 0x2966, 0x2945, 0x2945, 0x2124, 0x2944, 0x3186, 0x41C7, 0x3145, 0x2924, 0x2945, 0x2945, 0x2945, 0x2146, 0x2146,
  0x2945, 0x2945, 0x2945, 0x2945, 0x2945, 0x2925, 0x2945, 0x2945, 0x2945, 0x2925, 0x2966, 0xA514, 0xCE5A, 0xCE59, 0xCE59, 0xCE59,
  0xCE59, 0xCE59, 0xCE5A, 0xCE59, 0xCE59, 0xD659, 0xB555, 0xBD75, 0xD616, 0xD5F6, 0xD5F6, 0xD5F6, 0xD5F6, 0xD616, 0xCDD6, 0xD5F6,
  0xD5F6, 0xD5F6, 0xD5F6, 0xD5F6, 0xD5F6, 0xD5F6, 0xD5F5, 0xD5D5, 0xD616, 0xD5D5, 0xB4F2, 0xACB1, 0x9BEE, 0x9C0E, 0xB4B1, 0x9BEE,
  0x8B6C, 0xAC4F, 0xAC90, 0xB4D1, 0xCDB5, 0xD5F6, 0xD5F6, 0xACB1, 0xACF3, 0xA4F3, 0xD69A, 0xCE79, 0xC639, 0xBE38, 0xC679, 0xCE79,
  0x9DD4, 0x95B4, 0x9DF4, 0x9DF5, 0x9593, 0x9DD4, 0x8D73, 0x8D52, 0x95B4, 0x8D73, 0x9DF5, 0xBED8, 0xA635, 0xA615, 0xA635, 0x9DF5,
  0x95B4, 0x9593, 0x95B4, 0x9D93, 0xADF5, 0xA573, 0x83EE, 0x5248, 0x5AEA, 0x9512, 0xA615, 0x9E15, 0x9DF4, 0xA5F5, 0xA5F5, 0xA615,
  0xA616, 0xB677, 0xAE36, 0xB698, 0xC6D9, 0xAE57, 0xB677, 0xB677, 0xAE16, 0x8CF1, 0xADF5, 0xB677, 0xA5F5, 0xA615, 0x9DD4, 0x95B3,
  0x9DF4, 0x9DF4, 0x9E14, 0xAE35, 0xA615, 0x9D94, 0xA5D5, 0xB636, 0xB5F6, 0xC638, 0xDF1B, 0xF7BD, 0xFFDE, 0xF7BE, 0xF7BD, 0xF79D,
  0xF77D, 0xF77D, 0xF79D, 0xF79D, 0xF79D, 0xF79E, 0xF79E, 0xF79D, 0xF79D, 0xF7BD, 0xF79D, 0xF79D, 0xF79E, 0xFFBE, 0xFFBE, 0xFFBE,
  0xF79E, 0xEF3C, 0xE6DB, 0xD679, 0xCE17, 0xC5F7, 0xD658, 0xDE79, 0xD679, 0xD658, 0xD679, 0xD658, 0xD658, 0xD658, 0xD679, 0xD679,
  0xD658, 0xD658, 0xD658, 0xD658, 0xD659, 0xD659, 0xD659, 0xD659, 0xD658, 0xD658, 0xD658, 0xD658, 0xD658, 0xD658, 0xD658, 0xD658,
  0xD658, 0xD658, 0xD658, 0xD658, 0xD658, 0xD658, 0xD658, 0xC5D6, 0xB575, 0xB575, 0xBD75, 0xBD75, 0xBD75, 0xB555, 0xAD34, 0xEF3C,
  0xFFDF, 0xCE39, 0xCDF8, 0xD659, 0xBDB6, 0xBD75, 0xBD96, 0xBD96, 0xBD75, 0xB555, 0xB534, 0xAD14, 0xACF3, 0xA4D3, 0xA4D3, 0xACF3,
  0xACF3, 0xA4F3, 0xA4F3, 0xA4F3, 0xA4D3, 0xA4D3, 0xA4F3, 0xAD13, 0xB534, 0xB554, 0xBD75, 0xBD96, 0xBD95, 0xBD95, 0xBD95, 0xC5D6,
  0xCE38, 0xD659, 0xD658, 0xD658, 0xD658, 0xD659, 0xD659, 0xD658, 0xD658, 0xD658, 0xD658, 0xD658, 0xD658, 0xD658, 0xD658, 0xD658,
  0xD658, 0xD658, 0xD658, 0xD658, 0xD658, 0xCE58, 0xCE58, 0xAD75, 0xCE39, 0xCE7A, 0xCE59, 0xCE7A, 0xD69A, 0xD6BB, 0xDEDB, 0xE6FC,
  0xE73C, 0xEF7D, 0xF79E, 0xF79E, 0xF7BE, 0xF7BE, 0xF7DE, 0xF7BE, 0xF7BF, 0xF7DF, 0xEF5D, 0xB596, 0xA4F4, 0x9CB3, 0xB5B7, 0xCE5A,
  0xCE5A, 0xCE59, 0xCE59, 0xCE59, 0xCE59, 0xCE59, 0xCE59, 0xCE59, 0xCE59, 0xCE59, 0xCE59, 0xCE59, 0xCE59, 0xCE59, 0xCE59, 0xCE59,
  0xCE5A, 0xCE5A, 0xCE59, 0xCE59, 0xCE59, 0x630C, 0x2125, 0x2966, 0x2145, 0x2145, 0x2945, 0x2966, 0x2946, 0x2946, 0x2966, 0x2946,
  0x2945, 0x2925, 0x2925, 0x3186, 0x4A48, 0x736D, 0x9CB1, 0xC5B6, 0xBD95, 0x8C10, 0x49E7, 0x2924, 0x3166, 0x2946, 0x2946, 0x2145,
  0x2945, 0x2945, 0x2925, 0x2925, 0x2945, 0x2945, 0x2945, 0x2945, 0x2945, 0x2125, 0x4229, 0xBDD8, 0xCE5A, 0xCE39, 0xCE59, 0xCE59,
  0xCE59, 0xCE59, 0xCE59, 0xCE39, 0xCE59, 0xCE39, 0xAD14, 0xC5B6, 0xD616, 0xD5F6, 0xD5F6, 0xD5F6, 0xD5F6, 0xD5F6, 0xD5F6, 0xD5F6,
  0xD5F6, 0xD5F6, 0xD5F6, 0xD5F6, 0xD5F6, 0xD5F6, 0xD5F6, 0xD5F6, 0xD5F5, 0xD5F6, 0xD5F6, 0xD5D5, 0xCD95, 0xC554, 0xBCF2, 0xA42F,
  0x8B6C, 0xA450, 0xC554, 0xCDB5, 0xD5D6, 0xD617, 0xBD54, 0x942F, 0x9C92, 0xBD96, 0xCE38, 0xBDF8, 0xBE18, 0xC659, 0xC658, 0xCE79,
  0x9DF4, 0x8D73, 0x9DD4, 0xA615, 0x9DD4, 0x9593, 0x8531, 0x9593, 0x9DF5, 0xAE76, 0xA635, 0xA636, 0x9DD4, 0x9DD4, 0x95D4, 0x8D72,
  0x8552, 0x8D72, 0x95B4, 0x9552, 0xA5B4, 0xA573, 0x83EE, 0x5247, 0x5ACA, 0x9512, 0x9DB4, 0x95B3, 0x95D4, 0x9DD4, 0xAE56, 0xAE56,
  0xAE36, 0xAE56, 0xA616, 0xBE98, 0xC6F9, 0xBE98, 0xC6D9, 0xC71A, 0xB657, 0x8CF1, 0xA5D5, 0xBE77, 0xA5F5, 0xA5D5, 0xA616, 0xB697,
  0xA615, 0xA615, 0xAE36, 0xB657, 0xADF5, 0x9D53, 0xB5F6, 0xD6DA, 0xEF7D, 0xF7DE, 0xF7BE, 0xF79D, 0xF79D, 0xF79E, 0xF79E, 0xF7BE,
  0xF79E, 0xF79E, 0xF79E, 0xF7BE, 0xF79E, 0xF79D, 0xF79D, 0xF77D, 0xF77D, 0xEF5D, 0xEF3C, 0xEF3C, 0xE71B, 0xE71B, 0xE6FB, 0xE6FB,
  0xE6FB, 0xE6FB, 0xEF3C, 0xE71B, 0xDEBA, 0xCE17, 0xB534, 0xB575, 0xCE18, 0xD679, 0xD658, 0xD679, 0xD659, 0xD658, 0xD658, 0xD658,
  0xD659, 0xD679, 0xD659, 0xD659, 0xD659, 0xD659, 0xD659, 0xD659, 0xD658, 0xD658, 0xD658, 0xD658, 0xD658, 0xD658, 0xD658, 0xD658,
  0xD658, 0xD658, 0xD658, 0xD658, 0xD658, 0xD658, 0xD679, 0xCE38, 0xBDB5, 0xB575, 0xBD75, 0xBD75, 0xBD75, 0xBD76, 0xACF3, 0xC5D7,
  0xE71C, 0xE6FB, 0xB575, 0xC5D7, 0xBDB6, 0xB555, 0xAD14, 0xA4D3, 0xA4D2, 0xA4F3, 0xAD34, 0xB575, 0xBDB6, 0xC5D7, 0xC617, 0xCE17,
  0xCE17, 0xCE17, 0xCDF7, 0xCDF7, 0xCDF7, 0xC5F7, 0xC5B6, 0xB575, 0xB534, 0xACF3, 0xA4D3, 0xA4D3, 0xAD14, 0xB555, 0xBD95, 0xBD96,
  0xBD96, 0xC5D7, 0xCE38, 0xD679, 0xD658, 0xD658, 0xD658, 0xD658, 0xD658, 0xD658, 0xD658, 0xD658, 0xD658, 0xD658, 0xD658, 0xD658,
  0xD658, 0xD658, 0xD658, 0xD658, 0xD658, 0xCE58, 0xD699, 0xAD54, 0xC638, 0xDEFB, 0xE71C, 0xEF5D, 0xEF7D, 0xF79E, 0xF7BF, 0xF7BE,
  0xF7BE, 0xF7BE, 0xF7BE, 0xF7BE, 0xF7BE, 0xF7BE, 0xF7BE, 0xF7BE, 0xF79E, 0xF7BF, 0xE75D, 0xC618, 0xD69B, 0xCE39, 0xD67A, 0xCE59,
  0xCE59, 0xCE5A, 0xCE5A, 0xCE59, 0xCE59, 0xCE59, 0xCE59, 0xCE59, 0xCE59, 0xCE59, 0xCE59, 0xCE59, 0xCE59, 0xCE59, 0xCE59, 0xCE59,
  0xCE59, 0xCE59, 0xCE39, 0xD659, 0xB575, 0x6B2C, 0x2945, 0x2965, 0x2945, 0x2966, 0x2966, 0x2945, 0x2945, 0x2924, 0x2104, 0x3165,
  0x4207, 0x6B0B, 0x9450, 0xBDB6, 0xE6B9, 0xF73B, 0xF73B, 0xE698, 0xD5F6, 0xD5F6, 0xB534, 0x5A69, 0x2924, 0x2945, 0x2945, 0x2946,
  0x2945, 0x2945, 0x2925, 0x2925, 0x2945, 0x2945, 0x2945, 0x2125, 0x2945, 0x2125, 0x52AB, 0xC639, 0xCE59, 0xCE59, 0xCE59, 0xCE59,
  0xCE59, 0xCE59, 0xCE59, 0xCE59, 0xD659, 0xCE38, 0xB514, 0xCDD6, 0xD5F6, 0xD5F6, 0xD5F6, 0xD5F6, 0xD5F6, 0xD5F6, 0xD5F6, 0xD5F6,
  0xD5F6, 0xD5F6, 0xD5F6, 0xD5F6, 0xD5F6, 0xD5F6, 0xD5F6, 0xD5F6, 0xD5F6, 0xD5F6, 0xD5F6, 0xD5F6, 0xD5F6, 0xD5F6, 0xD5D6, 0xCDB5,
  0xC595, 0xB4F3, 0xACB1, 0xBD34, 0xC5B6, 0xC5B6, 0xACD2, 0xA4D2, 0xBD95, 0xD69A, 0xD69A, 0xDEFC, 0xE73D, 0xE75D, 0xEF7D, 0xEF9D,
  0x8D72, 0x8531, 0x8531, 0x95B3, 0x9DD4, 0x9DF4, 0x8D72, 0x9DD4, 0x95B4, 0x9DD4, 0x9DF5, 0x9DF5, 0x9593, 0x9593, 0x9593, 0x8D73,
  0x8D73, 0x8531, 0x9593, 0x9593, 0x9552, 0xA553, 0x83EE, 0x5227, 0x62EA, 0xADB4, 0xAE56, 0x95D4, 0x9593, 0x9DB4, 0xAE35, 0xB697,
  0xB657, 0xB657, 0xB677, 0xBEB8, 0xBEB8, 0xAE36, 0xB657, 0xCF1A, 0xBE97, 0x8CF1, 0x9D93, 0xB656, 0xB677, 0xB657, 0xB697, 0xBED8,
  0xA615, 0xA5D4, 0xA5B4, 0xA594, 0xBE17, 0xDF1B, 0xF79E, 0xFFBE, 0xF79E, 0xF77E, 0xF79E, 0xF79E, 0xF7BE, 0xF7BE, 0xF7BE, 0xF79E,
  0xF79E, 0xF7BE, 0xF79E, 0xF77D, 0xEF5C, 0xE73B, 0xDEFA, 0xDEBA, 0xD699, 0xD699, 0xD679, 0xD679, 0xD679, 0xD679, 0xD679, 0xD659,
  0xCE59, 0xCE59, 0xCE59, 0xD659, 0xD679, 0xDE99, 0xCE38, 0xB575, 0xA4F3, 0xAD14, 0xC5D7, 0xCE38, 0xD658, 0xD658, 0xD659, 0xD659,
  0xD679, 0xD679, 0xD659, 0xD659, 0xD659, 0xD659, 0xD659, 0xD659, 0xD658, 0xD658, 0xD658, 0xD658, 0xD658, 0xD658, 0xD658, 0xD658,
  0xD658, 0xD658, 0xD658, 0xD658, 0xD658, 0xD658, 0xD658, 0xD658, 0xC5F6, 0xBD95, 0xBD75, 0xBD75, 0xBD75, 0xBD75, 0xB555, 0xA4D3,
  0xD69A, 0xD6BA, 0xC638, 0x9471, 0xA4F3, 0xB555, 0xBDB6, 0xCE38, 0xD699, 0xDEDA, 0xDEDB, 0xDEBA, 0xD699, 0xD699, 0xD679, 0xD679,
  0xD659, 0xD659, 0xD658, 0xD658, 0xD659, 0xD658, 0xD659, 0xD679, 0xD679, 0xD658, 0xCE17, 0xBDB6, 0xB554, 0xA4D2, 0xA4D2, 0xAD34,
  0xB575, 0xBD95, 0xBDB6, 0xC5F7, 0xD658, 0xD658, 0xD659, 0xD658, 0xD658, 0xD658, 0xD658, 0xD658, 0xD658, 0xD658, 0xD658, 0xD658,
  0xD658, 0xD658, 0xD658, 0xD658, 0xCE58, 0xCE58, 0xCE78, 0xBDD6, 0xDEDA, 0xFFDE, 0xF7BE, 0xF7BE, 0xF7BE, 0xF7BE, 0xF7BE, 0xF7BE,
  0xF7BE, 0xF7BE, 0xF7BE, 0xF7BE, 0xF7BE, 0xF7BE, 0xF7BE, 0xF7BE, 0xF7BE, 0xF7BE, 0xF7BF, 0xD69A, 0xDEFC, 0xDEDC, 0xCE39, 0xCE5A,
  0xD67A, 0xCE39, 0xCE59, 0xCE5A, 0xCE59, 0xCE59, 0xCE59, 0xCE59, 0xCE59, 0xCE59, 0xCE59, 0xCE59, 0xCE59, 0xCE59, 0xCE59, 0xCE59,
  0xCE59, 0xCE59, 0xD659, 0xCDF7, 0xA4B2, 0xBD96, 0x5A8A, 0x2904, 0x2946, 0x2925, 0x2125, 0x2965, 0x41E7, 0x62EB, 0x8C30, 0xBD95,
  0xDE99, 0xF73B, 0xF75C, 0xF73B, 0xF71A, 0xF71A, 0xEEB9, 0xD5D5, 0xD5D5, 0xD5B5, 0xD5D6, 0xC575, 0x6AEB, 0x2924, 0x2945, 0x2946,
  0x2945, 0x2945, 0x2945, 0x2945, 0x2945, 0x2945, 0x2945, 0x2105, 0x2946, 0x2105, 0x4A6A, 0xC639, 0xCE59, 0xCE39, 0xCE59, 0xCE59,
  0xCE59, 0xCE59, 0xCE59, 0xCE59, 0xCE59, 0xD659, 0xB534, 0xC595, 0xD5F6, 0xD5F6, 0xD5F6, 0xD5F6, 0xD5F6, 0xD5F6, 0xD5F6, 0xD5F6,
  0xD5F6, 0xD5F6, 0xD5F6, 0xD5F6, 0xD5F6, 0xD5F6, 0xD5F6, 0xD5F6, 0xD5F6, 0xD5F6, 0xD5F6, 0xD5F6, 0xD5F6, 0xD5F6, 0xCDB5, 0xBD54,
  0xC5B6, 0xC5B6, 0xC5D6, 0xC5D7, 0xDE79, 0xE6DA, 0xEF3C, 0xF75D, 0xF79E, 0xF79E, 0xF7BF, 0xF7BF, 0xF7DF, 0xF7BE, 0xF7BE, 0xF7BE,
  0x8511, 0x8511, 0x8532, 0x8D52, 0x8D73, 0x9DD4, 0x95B3, 0x95B3, 0x8D52, 0x8D52, 0x8D72, 0x8552, 0x8531, 0x8D52, 0x8D73, 0x8D52,
  0x8D73, 0x8552, 0x95B4, 0x9572, 0x9552, 0xA553, 0x83EE, 0x5227, 0x5AEA, 0xBE56, 0xC719, 0xB6B7, 0xA5F5, 0x9DB4, 0x9DB3, 0x95B3,
  0xA5D5, 0xC6D9, 0xBEB8, 0xAE36, 0xB657, 0xB657, 0xAE36, 0xC6D9, 0xB677, 0x8D12, 0x9573, 0xB656, 0xBE97, 0xC6D8, 0xCF19, 0xC6D9,
  0xA594, 0x9533, 0xBE37, 0xDF3C, 0xF7BE, 0xF7BE, 0xF79E, 0xF79E, 0xF79E, 0xF79E, 0xF79E, 0xF79E, 0xF79E, 0xF7BE, 0xF7BE, 0xF79E,
  0xF79D, 0xEF3C, 0xE6DB, 0xDEBA, 0xD699, 0xCE78, 0xCE78, 0xCE78, 0xD659, 0xD659, 0xD659, 0xD659, 0xD659, 0xD679, 0xD679, 0xD679,
  0xD679, 0xD679, 0xCE59, 0xD679, 0xD658, 0xD658, 0xD658, 0xD659, 0xCE38, 0xB575, 0x9CB2, 0xA4F3, 0xBD96, 0xC5D7, 0xC5F7, 0xCE18,
  0xCE38, 0xD658, 0xD659, 0xD659, 0xD679, 0xD659, 0xD658, 0xD659, 0xD658, 0xD658, 0xD658, 0xD658, 0xD658, 0xD658, 0xD658, 0xD658,
  0xD658, 0xD658, 0xD658, 0xD658, 0xD659, 0xD659, 0xD658, 0xD659, 0xCE38, 0xBDB6, 0xBD75, 0xBD75, 0xBD75, 0xBD75, 0xBDB6, 0xA4F3,
  0xAD96, 0xBDF7, 0xC618, 0xCE79, 0xE71B, 0xF77D, 0xFF9E, 0xFF9E, 0xF7BE, 0xF79E, 0xEF7D, 0xEF7D, 0xEF5D, 0xE73C, 0xDEFB, 0xD69A,
  0xD659, 0xD658, 0xD658, 0xD658, 0xD658, 0xD658, 0xD658, 0xD658, 0xCE58, 0xD658, 0xD658, 0xD679, 0xD679, 0xCE38, 0xBDD6, 0xAD34,
  0xA4D2, 0xA4F3, 0xB575, 0xBDB6, 0xC5D6, 0xCE17, 0xD658, 0xD658, 0xD658, 0xD658, 0xD658, 0xD658, 0xD658, 0xD658, 0xD658, 0xD658,
  0xD658, 0xD658, 0xD658, 0xD658, 0xD679, 0xCE58, 0xD679, 0xC5F7, 0xCE58, 0xFFDE, 0xF79D, 0xF7BE, 0xF7BD, 0xF7BE, 0xF7BE, 0xF7BE,
  0xF7BE, 0xF7BE, 0xF7BE, 0xF7BE, 0xF7BE, 0xF7BE, 0xF7BE, 0xF7BE, 0xF79E, 0xF79E, 0xF7BF, 0xF79E, 0xCE59, 0xE71C, 0xDEBB, 0xCE7A,
  0xCE59, 0xA514, 0xA535, 0xBDF8, 0xCE5A, 0xCE59, 0xCE59, 0xCE59, 0xCE59, 0xCE59, 0xCE59, 0xCE59, 0xCE59, 0xCE59, 0xCE59, 0xCE59,
  0xCE59, 0xCE59, 0xD638, 0xACD2, 0xBD54, 0xD617, 0xACF3, 0x41A6, 0x3986, 0x5A8A, 0x83EF, 0xAD34, 0xD658, 0xEF1B, 0xF75C, 0xF75B,
  0xEEFA, 0xE698, 0xD637, 0xD616, 0xD616, 0xE657, 0xEEB9, 0xDE37, 0xD594, 0xC532, 0xCDB5, 0xD5D6, 0xCDB6, 0x83CF, 0x3986, 0x2924,
  0x2946, 0x2945, 0x2945, 0x2945, 0x2945, 0x2925, 0x2945, 0x20E4, 0x2105, 0x2945, 0x39A7, 0xB596, 0xCE7A, 0xCE59, 0xCE59, 0xCE59,
  0xCE59, 0xCE59, 0xCE59, 0xCE59, 0xCE59, 0xD659, 0xC5B6, 0xBD34, 0xDE16, 0xD5D5, 0xD5D5, 0xD5F6, 0xD5F6, 0xD5F6, 0xD5F6, 0xD5F5,
  0xCDD6, 0xD5F6, 0xD5F6, 0xD5F6, 0xD5F6, 0xD5F6, 0xD616, 0xD616, 0xD5F6, 0xD5F6, 0xD5F6, 0xCDD6, 0xCDD6, 0xD5F6, 0xD617, 0xDE58,
  0xE6FB, 0xEF3C, 0xF79D, 0xFFBE, 0xFFBE, 0xF7BE, 0xF7BE, 0xF7BE, 0xF7BE, 0xF7BE, 0xF79E, 0xF7BE, 0xF7BE, 0xF7BE, 0xF7BE, 0xFFBE,
  0x8D31, 0x8511, 0x8531, 0x8D52, 0x9593, 0x8D52, 0x8D31, 0x8511, 0x8531, 0x8D72, 0x8552, 0x8531, 0x8531, 0x8511, 0x8552, 0x8531,
  0x8511, 0x8D52, 0xA5F5, 0x8D52, 0x9D73, 0xA553, 0x83EE, 0x5227, 0x630A, 0xC697, 0xCF19, 0xB697, 0xB657, 0xA5F5, 0xA5F5, 0x9DF4,
  0x9DF4, 0xA5F5, 0xA5F4, 0x9DB4, 0xA5F5, 0xA5F5, 0x9DD4, 0xAE56, 0xB677, 0x8D32, 0x9593, 0xC6F8, 0xB677, 0xB657, 0xC6F9, 0xADF7,
  0xB5D6, 0xDEFB, 0xF7DE, 0xF7BE, 0xF79D, 0xF79D, 0xF79E, 0xF79E, 0xF7BE, 0xF79E, 0xF79E, 0xF7BE, 0xF7BE, 0xF79D, 0xEF5C, 0xE6FB,
  0xDEBA, 0xD679, 0xD658, 0xD659, 0xD658, 0xD658, 0xD658, 0xD658, 0xD659, 0xD659, 0xD658, 0xD658, 0xD658, 0xD658, 0xD658, 0xD658,
  0xD658, 0xD659, 0xD658, 0xD658, 0xD658, 0xD658, 0xD658, 0xD658, 0xD658, 0xD659, 0xCE38, 0xAD34, 0x9C92, 0xA4F3, 0xB575, 0xBDB6,
  0xC5B6, 0xC5D6, 0xC5F7, 0xCE17, 0xD638, 0xD658, 0xD679, 0xD679, 0xD658, 0xD658, 0xD659, 0xD658, 0xD658, 0xD658, 0xD658, 0xCE58,
  0xD658, 0xD658, 0xD658, 0xD658, 0xD658, 0xD658, 0xD658, 0xD658, 0xD658, 0xCDF7, 0xBD75, 0xBD75, 0xBD75, 0xBD75, 0xAD34, 0xA4F3,
  0xB596, 0xDEFB, 0xF77D, 0xF7BE, 0xF7BE, 0xF79D, 0xF79D, 0xF79D, 0xF79D, 0xF79D, 0xF79E, 0xF79E, 0xF79D, 0xF79E, 0xF79E, 0xF77D,
  0xEF3C, 0xE6BA, 0xD679, 0xD658, 0xD658, 0xD658, 0xD658, 0xD658, 0xD658, 0xD658, 0xD658, 0xD658, 0xCE38, 0xD658, 0xD658, 0xD658,
  0xC5F7, 0xB554, 0x9CB2, 0x9451, 0xA4D2, 0xAD34, 0xBD95, 0xCE17, 0xD658, 0xD679, 0xD659, 0xD658, 0xD658, 0xD659, 0xD658, 0xD659,
  0xD658, 0xD658, 0xD659, 0xD658, 0xD658, 0xD658, 0xD659, 0xC617, 0xC5F7, 0xF7BE, 0xF7BE, 0xF7BE, 0xF7BE, 0xF7BE, 0xF7BE, 0xF7BE,
  0xF7BE, 0xF7BE, 0xF7BE, 0xF7BE, 0xF7BE, 0xF7BE, 0xF7BE, 0xF7BE, 0xF7BE, 0xF7BE, 0xF7BE, 0xF7BF, 0xEF5D, 0xCE7A, 0xEF5D, 0xDEBB,
  0xC619, 0xAD56, 0xCE39, 0xA535, 0xC618, 0xCE5A, 0xCE59, 0xCE5A, 0xCE59, 0xCE59, 0xCE59, 0xCE59, 0xCE59, 0xCE39, 0xCE59, 0xCE59,
  0xCE59, 0xD659, 0xACF3, 0xB513, 0xD5D6, 0xCDB5, 0xD5D5, 0xACB1, 0xACD2, 0xCDD5, 0xDE57, 0xE678, 0xDE77, 0xDE37, 0xD616, 0xD616,
  0xD5F6, 0xD5F6, 0xD5F6, 0xD5D5, 0xD5F6, 0xD5D5, 0xD5F6, 0xD5F6, 0xD5D5, 0xACB1, 0xCD74, 0xD5D5, 0xCDD5, 0xD5F6, 0xACB1, 0x5A27,
  0x2924, 0x2946, 0x2966, 0x2946, 0x2146, 0x2946, 0x2925, 0x2104, 0x18E4, 0x2945, 0x2125, 0x8411, 0xD67A, 0xCE59, 0xCE79, 0xCE59,
  0xCE59, 0xCE59, 0xCE59, 0xCE59, 0xCE59, 0xCE79, 0xCE39, 0xA4F3, 0xBCD2, 0xBCD2, 0xBCF3, 0xC595, 0xCDD6, 0xC5D6, 0xC5D6, 0xC5F6,
  0xC5F7, 0xC5F7, 0xC5F7, 0xC5D6, 0xC5D6, 0xC5D6, 0xC5F6, 0xC5F6, 0xCDD6, 0xCDD6, 0xCDF7, 0xD679, 0xE6DA, 0xEF5D, 0xF7BE, 0xF7BE,
  0xF7BE, 0xF7BE, 0xF7BE, 0xF79E, 0xF79E, 0xF7BE, 0xF79E, 0xF79E, 0xF7BE, 0xF7BE, 0xF7BE, 0xF7BE, 0xF7BE, 0xF7BE, 0xF7BE, 0xF7BE,
  0x8D52, 0x9573, 0x8D31, 0x9DF4, 0xA5F4, 0x8D32, 0x8D52, 0x8D52, 0x8D72, 0x8531, 0x8511, 0x8531, 0x8531, 0x8511, 0x7D11, 0x95B3,
  0x9593, 0x9573, 0xB677, 0xA5F5, 0xADD5, 0xA573, 0x83EE, 0x4A27, 0x632A, 0xBE56, 0xC6B8, 0xBEB8, 0xC6D9, 0xBE77, 0xAE56, 0xB697,
  0xA615, 0x9593, 0x9593, 0x9DD4, 0x9DD4, 0x9DD4, 0x9DD4, 0xA615, 0xA5F5, 0x8D11, 0x8D52, 0xAE35, 0xAE35, 0x9D94, 0xA5B5, 0xCEDA,
  0xF79E, 0xF7BE, 0xF79D, 0xF79E, 0xF79D, 0xF79E, 0xF79E, 0xF79E, 0xF79E, 0xF79E, 0xF79E, 0xF77D, 0xEF3C, 0xDEDA, 0xD679, 0xD658,
  0xD658, 0xD658, 0xD658, 0xD659, 0xD658, 0xD658, 0xD658, 0xD658, 0xD658, 0xD658, 0xD658, 0xD658, 0xD658, 0xD658, 0xD658, 0xD658,
  0xD658, 0xD658, 0xD658, 0xD658, 0xD658, 0xD658, 0xD658, 0xD658, 0xD658, 0xCE38, 0xD658, 0xD679, 0xCE17, 0xA4D3, 0x83CE, 0x9471,
  0xACF3, 0xB534, 0xBD95, 0xBD95, 0xBDB6, 0xBDB6, 0xCDF7, 0xCE38, 0xD638, 0xD659, 0xD659, 0xD658, 0xD658, 0xD658, 0xCE58, 0xCE58,
  0xD658, 0xD658, 0xD658, 0xD658, 0xD658, 0xD658, 0xD658, 0xD658, 0xD659, 0xCE38, 0xC5B6, 0xBD75, 0xAD14, 0xA4F3, 0xBDD6, 0xE71B,
  0xF7BE, 0xF7BE, 0xF79D, 0xF79D, 0xF79D, 0xF79D, 0xF79D, 0xF79E, 0xF79E, 0xF79D, 0xF79D, 0xF79D, 0xF79D, 0xF79D, 0xF79E, 0xF77D,
  0xF77D, 0xEF3C, 0xDE9A, 0xD658, 0xD658, 0xD658, 0xD658, 0xD658, 0xD658, 0xD658, 0xD658, 0xD658, 0xD658, 0xD658, 0xCE38, 0xCE38,
  0xD658, 0xD658, 0xCE18, 0xAD14, 0x8C10, 0x8C10, 0x9CB2, 0xA4D2, 0xAD13, 0xBD95, 0xCE17, 0xD659, 0xD679, 0xD658, 0xD658, 0xD659,
  0xD658, 0xD658, 0xD658, 0xD658, 0xD658, 0xD658, 0xD658, 0xCE38, 0xBDB6, 0xEF5C, 0xF7BE, 0xF79E, 0xF79E, 0xF7BE, 0xF7BE, 0xF7BE,
  0xF7BE, 0xF7BE, 0xF7BE, 0xF7BE, 0xF7BE, 0xF79E, 0xF7BE, 0xF7BE, 0xF7BE, 0xF7BF, 0xF7BE, 0xF79E, 0xF7BE, 0xDEDB, 0xCE79, 0xEF5D,
  0xD67A, 0xAD76, 0xC618, 0xC618, 0xAD56, 0xCE5A, 0xCE39, 0xCE59, 0xCE59, 0xCE59, 0xCE59, 0xCE39, 0xCE39, 0xCE59, 0xCE59, 0xD659,
  0xCE39, 0xA4F3, 0xB534, 0xCDF6, 0xD5D5, 0xC574, 0xC553, 0xD5F6, 0xD5F5, 0xCDD5, 0xCDD5, 0xCDD5, 0xCDD5, 0xCDD5, 0xD5F5, 0xD5F6,
  0xD5F6, 0xD5F6, 0xD5F6, 0xD5F6, 0xD5F5, 0xD5F5, 0xD5F5, 0xD5D5, 0xD5F6, 0xC553, 0xB4F2, 0xD5D5, 0xD5D5, 0xCDB5, 0xD5F6, 0xC574,
  0x6B0C, 0x2925, 0x2945, 0x2945, 0x2946, 0x2946, 0x2946, 0x2945, 0x2104, 0x18E4, 0x2105, 0x4A29, 0xC5F8, 0xCE59, 0xCE59, 0xCE79,
  0xCE59, 0xCE59, 0xCE59, 0xCE59, 0xCE59, 0xCE59, 0xD69A, 0xAD35, 0x93EF, 0xA471, 0x9C30, 0xA491, 0xBD95, 0xCE38, 0xCE79, 0xD699,
  0xD699, 0xD679, 0xD699, 0xCE79, 0xCE58, 0xC617, 0xC5F7, 0xC5F7, 0xD658, 0xE6FB, 0xF75D, 0xFF9E, 0xF7BE, 0xF7BE, 0xF79E, 0xF7BE,
  0xF7BE, 0xF79E, 0xF7BE, 0xF7BE, 0xF79E, 0xF79E, 0xF79E, 0xF79E, 0xF79E, 0xF7BE, 0xF7BE, 0xF7BE, 0xF7BE, 0xF7BE, 0xF7BE, 0xF7BE,
  0xA615, 0xA635, 0x9DB4, 0x9DD4, 0x9593, 0x9DD4, 0xB676, 0xAE56, 0xA635, 0x95D4, 0x8D72, 0x8D72, 0x9593, 0x8D72, 0x8511, 0x9DD4,
  0x9DD4, 0x9593, 0xBED9, 0xAE35, 0xADF5, 0xAD74, 0x83EE, 0x4A27, 0x630A, 0xA573, 0xBE77, 0xCF19, 0xBE98, 0xC6D9, 0xC6D9, 0xAE77,
  0xA615, 0x9DF4, 0xA5F4, 0xAE56, 0xAE35, 0x9DB4, 0x9DF4, 0xAE35, 0x9DD4, 0x8D31, 0x9572, 0xAE15, 0xA5B5, 0xC678, 0xEF9D, 0xFFFF,
  0xF7BE, 0xF7BE, 0xF7BE, 0xF7BE, 0xF7BE, 0xF7BE, 0xF7BE, 0xF7BE, 0xF7BE, 0xF79D, 0xEF3C, 0xDEDA, 0xD699, 0xD679, 0xD679, 0xD679,
  0xD679, 0xD679, 0xD679, 0xD679, 0xD679, 0xD679, 0xD679, 0xD679, 0xD679, 0xD679, 0xD679, 0xD679, 0xD679, 0xD679, 0xD679, 0xD679,
  0xD679, 0xD679, 0xD679, 0xD679, 0xD679, 0xD679, 0xD679, 0xD679, 0xD679, 0xD679, 0xD679, 0xD658, 0xD679, 0xD679, 0xC5F7, 0x9CB2,
  0x9451, 0x9C92, 0x9CB2, 0xAD34, 0xBD95, 0xBDB6, 0xBD95, 0xC5B6, 0xC5D7, 0xCE17, 0xD638, 0xD659, 0xD679, 0xD679, 0xD679, 0xD679,
  0xD679, 0xD679, 0xD679, 0xD679, 0xD679, 0xD679, 0xD679, 0xD679, 0xD679, 0xD679, 0xC5F7, 0xAD13, 0xBDB6, 0xE71B, 0xFFDE, 0xFFDE,
  0xF7BE, 0xF7BE, 0xF7BE, 0xFFBE, 0xF7BE, 0xF7BE, 0xF7BE, 0xF7BE, 0xF7BE, 0xF7BE, 0xF7BE, 0xF7BE, 0xF79E, 0xEF5D, 0xE71C, 0xE6FB,
  0xDEBA, 0xD679, 0xD679, 0xD679, 0xD679, 0xD679, 0xD679, 0xD679, 0xD679, 0xD679, 0xD679, 0xD679, 0xD679, 0xD679, 0xD679, 0xD679,
  0xD659, 0xD658, 0xD679, 0xDE99, 0xD658, 0xB554, 0x9CB2, 0xAD13, 0xAD34, 0xA4D2, 0xA4D3, 0xAD13, 0xBD95, 0xCE17, 0xD658, 0xD659,
  0xD679, 0xD679, 0xD679, 0xD679, 0xD679, 0xD679, 0xD679, 0xD679, 0xB5B6, 0xE73C, 0xFFDE, 0xF7BE, 0xFFDE, 0xF7DF, 0xF7DF, 0xF7DF,
  0xFFDF, 0xFFDF, 0xFFDF, 0xFFDF, 0xFFDF, 0xFFDF, 0xFFDF, 0xF7BE, 0xF79E, 0xEF7D, 0xE73C, 0xDEFB, 0xDEDB, 0xDEDB, 0xBDD7, 0xE71C,
  0xE73D, 0xC619, 0xAD55, 0xC5F8, 0xAD55, 0xCE59, 0xD67A, 0xCE59, 0xD67A, 0xCE7A, 0xCE7A, 0xD679, 0xD679, 0xD659, 0xD679, 0xC5F7,
  0xA4D2, 0xBD54, 0xD5F6, 0xD5F6, 0xCDB5, 0xAC90, 0xCDB5, 0xD5F6, 0xD5F6, 0xD5F6, 0xD616, 0xD5F6, 0xD616, 0xD616, 0xD616, 0xD616,
  0xD5F6, 0xD616, 0xD616, 0xD616, 0xD616, 0xD616, 0xD616, 0xD616, 0xD5F6, 0xD5F6, 0xB4F2, 0xCD94, 0xD5F6, 0xD5F6, 0xD5F6, 0xD5F6,
  0xD5F6, 0x8C0F, 0x39A6, 0x2945, 0x2945, 0x2945, 0x2945, 0x2945, 0x2105, 0x18C4, 0x18E4, 0x18E4, 0x8C31, 0xD6BA, 0xCE79, 0xCE7A,
  0xD67A, 0xD67A, 0xD67A, 0xCE7A, 0xCE7A, 0xD67A, 0xD67A, 0xCE38, 0xA4B2, 0xB554, 0xBD95, 0xCE17, 0xD699, 0xD69A, 0xD69A, 0xCE59,
  0xC638, 0xCE7A, 0xD69A, 0xCE79, 0xD69A, 0xDEFB, 0xEF5D, 0xF79E, 0xFFDE, 0xFFDE, 0xFFDE, 0xFFBE, 0xFFDE, 0xF7BE, 0xFFDE, 0xF7BE,
  0xFFDF, 0xFFDF, 0xFFDF, 0xFFDF, 0xFFDF, 0xFFDF, 0xFFDF, 0xFFDF, 0xF7DF, 0xF7BE, 0xF7BE, 0xF79E, 0xEF7D, 0xEF5D, 0xE73C, 0xE73C,
  0xA5D5, 0x9593, 0x8511, 0x8511, 0x9573, 0x9DB4, 0x9DB4, 0xA5F5, 0xA615, 0x95B3, 0x8531, 0x74AF, 0x8511, 0x7D11, 0x74AF, 0x7CD0,
  0x7CD0, 0x7CD0, 0xA5D4, 0x9D93, 0x8CF1, 0x94B0, 0x736C, 0x41E6, 0x52A8, 0x9512, 0xAE16, 0xB657, 0xB657, 0xB637, 0xAE16, 0xA5F5,
  0x9DB4, 0x9593, 0x9DB4, 0xA5D5, 0x9DD4, 0x8D32, 0x8D52, 0x9573, 0x8511, 0x7C8F, 0x7CB0, 0x9512, 0xBE57, 0xDF1B, 0xDEDA, 0xDEBA,
  0xDEDA, 0xDEDB, 0xDEDB, 0xDEDB, 0xDEDB, 0xDEDA, 0xDEDA, 0xDEDA, 0xCE79, 0xC5F7, 0xBDB6, 0xBDB6, 0xBDB6, 0xBDB6, 0xBDB6, 0xBDB6,
  0xBDB6, 0xBDB6, 0xBD96, 0xBDB6, 0xBDB6, 0xBDB6, 0xBDB6, 0xBDB6, 0xBDB6, 0xBDB6, 0xBDB6, 0xBDB6, 0xBDB6, 0xBDB6, 0xBDB6, 0xBDB6,
  0xBDB6, 0xBDB6, 0xBDB6, 0xBDB6, 0xBDB6, 0xBDB6, 0xBDB6, 0xBDB6, 0xBDB6, 0xBDB6, 0xBDB6, 0xBDB6, 0xBDB6, 0xBD95, 0xBDB6, 0xBD95,
  0x9C92, 0x8C10, 0x9471, 0x8C10, 0x8C0F, 0x9C71, 0xACF3, 0xA4D3, 0xA4F3, 0xA4F3, 0xAD14, 0xB554, 0xBD95, 0xBDB6, 0xBDB6, 0xBDB6,
  0xBDB6, 0xBDB6, 0xBDB6, 0xBDB6, 0xBDB6, 0xBDB6, 0xBDB6, 0xBDB6, 0xBDB6, 0xB575, 0x9CB2, 0xBDD6, 0xDEDA, 0xDEFB, 0xDEDA, 0xDEDA,
  0xDEDA, 0xDEDA, 0xDEDB, 0xDEDB, 0xDEDA, 0xDEDA, 0xDEDA, 0xDEDA, 0xD6BA, 0xDEDA, 0xD69A, 0xCE59, 0xC617, 0xBDD7, 0xBDB6, 0xBD96,
  0xBD96, 0xBDB6, 0xBDB6, 0xBDB6, 0xBDB6, 0xBDB6, 0xBDB5, 0xBDB5, 0xBDB6, 0xBDB6, 0xBDB6, 0xBDB6, 0xBDB6, 0xBDB6, 0xBDB6, 0xBDB6,
  0xBDB6, 0xBDB6, 0xBD96, 0xBD96, 0xBD96, 0xBDB6, 0xAD34, 0x8C0F, 0x8C0F, 0xA4F3, 0xA4D2, 0x9CB2, 0x9471, 0x8C0F, 0x9C91, 0xAD34,
  0xB554, 0xBD95, 0xBDB6, 0xBDB6, 0xBDB6, 0xBDB6, 0xBDB6, 0xBDB6, 0xAD34, 0xBDF7, 0xE6FB, 0xDEDB, 0xDEFB, 0xDEFB, 0xDEFB, 0xDEFB,
  0xDEDB, 0xDEDB, 0xDEDB, 0xDEDB, 0xDEDB, 0xD6BA, 0xCE79, 0xC638, 0xBE18, 0xBDD7, 0xBDD7, 0xBDD7, 0xBDD7, 0xBDD7, 0xAD76, 0xB597,
  0xD69A, 0xBDD7, 0xB576, 0x8C72, 0x94B3, 0xBDD7, 0xB597, 0xB5B7, 0xB5B7, 0xB5B6, 0xB5B6, 0xBDB6, 0xBDB6, 0xBDB6, 0xA4F3, 0x8C30,
  0xACF2, 0xBD54, 0xBD53, 0xBD33, 0x9C2F, 0xACB0, 0xBD53, 0xBD33, 0xBD53, 0xBD53, 0xBD53, 0xBD53, 0xBD53, 0xBD53, 0xBD53, 0xBD53,
  0xBD53, 0xC553, 0xC553, 0xC553, 0xBD53, 0xBD53, 0xBD53, 0xBD53, 0xBD33, 0xC553, 0xACB1, 0xA470, 0xC553, 0xBD33, 0xBD33, 0xBD33,
  0xBD33, 0xC574, 0x83AE, 0x3165, 0x2924, 0x2104, 0x18E4, 0x18E4, 0x18C3, 0x18A3, 0x18C3, 0x10A3, 0x39E8, 0xAD75, 0xBDD7, 0xB5B7,
  0xB5B6, 0xB5B7, 0xB5B7, 0xB5B7, 0xB5B7, 0xBDB7, 0xB5B7, 0xB596, 0x9CB2, 0xA534, 0xBDF7, 0xBDF7, 0xBDD6, 0xB5B7, 0xAD96, 0xAD55,
  0xAD96, 0xB5B7, 0xBDF8, 0xCE7A, 0xD6BB, 0xDEDB, 0xDEFB, 0xDEDB, 0xDEDA, 0xDEFB, 0xDEDA, 0xDEDB, 0xDEDB, 0xDEDA, 0xDEFB, 0xDEDB,
  0xDEDB, 0xDEDB, 0xDEDB, 0xDEDB, 0xDEDB, 0xD6BA, 0xD69A, 0xCE79, 0xCE59, 0xC639, 0xC618, 0xBDF7, 0xBDF7, 0xBDF7, 0xBDD7, 0xB5D7
};
